ZoomInfo Company ID,Company Name,Website,Employees,Employee Range,SIC Code 1,SIC Code 2,SIC Codes,NAICS Code 1,NAICS Code 2,NAICS Codes,Primary Industry,Primary Sub-Industry,All Industries,All Sub-Industries,Industry Hierarchical Category,Secondary Industry Hierarchical Category,Alexa Rank,ZoomInfo Company Profile URL,LinkedIn Company Profile URL,Facebook Company Profile URL,Twitter Company Profile URL,Ownership Type,Business Model,Certified Active Company,Certification Date,Total Funding Amount (in 000s USD),Recent Funding Amount (in 000s USD),Recent Funding Round,Recent Funding Date,Recent Investors,All Investors,Company Street Address,Company City,Company State,Company Zip Code,Company Country,Full Address,Number of Locations,Company Is Acquired,Company ID (Ultimate Parent),Entity Name (Ultimate Parent),Company ID (Immediate Parent),Entity Name (Immediate Parent),Relationship (Immediate Parent),Query Name
"98271600","Rubicon","www.rubicon.com","340","Employees.250to499","4212","4959","42;421;4212;49;495;4959","513210","562998","51;513;5132;51321;513210;56;562;5629;56299;562998","Software","Supply Chain Management (SCM) Software","Software;Energy, Utilities & Waste","Supply Chain Management (SCM) Software;Waste Treatment, Environmental Services & Recycling","software","software.scm","1121880","https://app.zoominfo.com/#/apps/profile/company/98271600","http://www.linkedin.com/company/rubicon-global","http://www.facebook.com/rubiconglobal","http://www.twitter.com/rubiconglobal","Public","B2B","Yes","May 14, 2026","185350","20000","Private Equity","December 03, 2024","","Henry Kravis;Paul Tudor Jones II;Leonardo DiCaprio;Wellington Management;Nima Capital;Goldman Sachs;Suez Environment;PPP;New Zealand Super Fund;Quad Partners","950 E Paces Ferry Rd NE Ste 810","Atlanta","Georgia","30326","United States","950 E Paces Ferry Rd NE Ste 810, Atlanta, Georgia, 30326, United States","3","","","","","","","instantexportexcel1789639591758"
"61506294","Quantum","www.quantum.com","490","Employees.250to499","3572","7372","35;357;3572;73;737;7372;7374;7379","513210","541512","51;513;5132;51321;513210;54;541;5415;54151;541512","Software","Storage & System Management Software","Software","Storage & System Management Software","software","software.storage","438088","https://app.zoominfo.com/#/apps/profile/company/61506294","http://www.linkedin.com/company/quantum","http://www.facebook.com/quantumcorp","http://www.x.com/quantumcorp","Public","B2B","Yes","June 09, 2026","172500","100000","Stock/Share Issuance","June 01, 2026","Seas Capital;Oaktree","Seas Capital;Oaktree;PPP","10770 E Briarwood Ave","Centennial","Colorado","80112","United States","10770 E Briarwood Ave, Centennial, Colorado, 80112, United States","20","","","","","","","instantexportexcel1789639591758"
"40599726","Valve Corporation","www.valvesoftware.com","500","Employees.500to999","7372","7379","73;737;7372;7379","513210","51321","51;513;5132;51321;513210","Software","Multimedia, Games & Graphics Software","Software","Multimedia, Games & Graphics Software","software","software.videogames","64364","https://app.zoominfo.com/#/apps/profile/company/40599726","http://www.linkedin.com/company/valve-corporation","","http://www.twitter.com/valve_fi","Private","B2B","Yes","June 23, 2024","0","0","","","","","10400 NE 4th St Fl 14","Bellevue","Washington","98004","United States","10400 NE 4th St Fl 14, Bellevue, Washington, 98004, United States","1","","","","","","","instantexportexcel1789639591758"
"37847","A10","www.a10networks.com","494","Employees.250to499","7371","7372","73;737;7371;7372;7373;7379","513210","51321","51;513;5132;51321;513210","Software","Networking Software","Software","Networking Software;Security Software","software","software.network","623718","https://app.zoominfo.com/#/apps/profile/company/37847","http://www.linkedin.com/company/a10networks","http://www.facebook.com/a10networks","http://www.twitter.com/a10networks","Public","B2B","Yes","June 19, 2026","365500","25000","Debt","December 02, 2016","Silicon Valley Bank","Silicon Valley Bank;Summit Partners;Enspire Capital;Miven Venture Partners;Triton Ventures;Bank of America Merrill Lynch;RBC Capital Markets;JPMorgan Chase;Harbinger Venture;Enspire Capital;H&Q Asia Pacific;Triton Ventures;CIDC;Mitsui & Co.","2300 Orchard Pkwy","San Jose","California","95131","United States","2300 Orchard Pkwy, San Jose, California, 95131, United States","4","","","","","","","instantexportexcel1789639591758"
"352356162","Bitly","www.bitly.com","384","Employees.250to499","7371","737","73;737;7371","513210","541511","51;513;5132;51321;513210;54;541;5415;54151;541511;541519","Software","Content & Collaboration Software","Software","Content & Collaboration Software","software","software.contentcol","6148","https://app.zoominfo.com/#/apps/profile/company/352356162","http://www.linkedin.com/company/bitly","http://www.facebook.com/bitly","http://www.twitter.com/bitly","Private","B2B","Yes","January 20, 2023","0","0","","","","","601 W 26th St Rm 357 Fl 3","New York","New York","10001","United States","601 W 26th St Rm 357 Fl 3, New York, New York, 10001, United States","6","","","","","","","instantexportexcel1789639591758"
"34425663","Impinj","www.impinj.com","457","Employees.250to499","3663","7372","36;366;3663;367;73;737;7372","334220","513210","33;334;3342;33422;334220;51;513;5132;51321;513210","Manufacturing","Telecommunication Equipment","Manufacturing;Software","Telecommunication Equipment;Electronics;Supply Chain Management (SCM) Software","mfg","mfg.telecom","1562147","https://app.zoominfo.com/#/apps/profile/company/34425663","http://www.linkedin.com/company/impinj","http://www.facebook.com/impinj","http://www.x.com/impinj","Public","B2B","Yes","January 23, 2026","317782","72600","Debt","December 12, 2019","","Mobius Venture Capital;Polaris Partners;Madrona Venture Group;ARCH Ventures;UPS Strategic Enterprise Fund;Unilever Technology Ventures;VentureTech Alliance;Mobius Venture Capital;GF Private Equity Group, LLC;ARCH Ventures;UPS Strategic Enterprise Fund;Polaris Partners;Viterbi Group;Unilever Technology Ventures;Madrona Venture Group;Madrona Venture Group;GF Private Equity Group, LLC;Intel Corporation;Polaris Partners;ARCH Venture Partners;AllianceBernstein L.P.;Mobius Venture Capital;Viterbi Group;VentureTech Alliance;Mobius Venture Capital;Polaris Partners;UPS Strategic Enterprise Fund;GF Private Equity Group, LLC;ARCH Ventures;Inventec Corporation;LS Industrial Systems;Samsung Ventures;YFY Group;Polaris Partners;ARCH Ventures;Madrona Venture Group;ARCH Ventures;Madrona Venture Group","400 Fairview Ave N Ste 1200","Seattle","Washington","98109","United States","400 Fairview Ave N Ste 1200, Seattle, Washington, 98109, United States","2","","","","","","","instantexportexcel1789639591758"
"397693736","Amperity","www.amperity.com","300","Employees.250to499","7372","7374","73;737;7372;7374","513210","518210","51;513;5132;51321;513210;518;5182;51821;518210","Software","Customer Relationship Management (CRM) Software","Software","Customer Relationship Management (CRM) Software;Business Intelligence (BI) Software","software","software.crm","936595","https://app.zoominfo.com/#/apps/profile/company/397693736","http://www.linkedin.com/company/amperity","http://www.facebook.com/goamperity","http://www.twitter.com/amperity","Private","B2B","Yes","July 07, 2026","189000","100000","Series D","July 13, 2021","Highsage Ventures;Madrona Venture Group;Tiger Global;Declaration Partners;Madera Technology Partners","Highsage Ventures;Madrona Venture Group;Tiger Global;Declaration Partners;Madera Technology Partners;Madera Technology Partners;Madrona Venture Group;TriplePoint Venture Growth BDC;Goldman Sachs;Declaration Partners;Madrona Venture Group;PPP;Madrona Venture Group","1201 2nd Ave Ste 1000","Seattle","Washington","98101","United States","1201 2nd Ave Ste 1000, Seattle, Washington, 98101, United States","3","","","","","","","instantexportexcel1789639591758"
"102580917","Shipley Energy","www.shipleyenergy.com","480","Employees.250to499","4911","4924","49;491;4911;492;4924;493;4939;5171;59;598","221210","457210","22;221;2212;22121;221210;45;457;4572;45721;457210","Retail","Convenience Stores, Gas Stations & Liquor Stores","Retail;Energy, Utilities & Waste;Consumer Services","Convenience Stores, Gas Stations & Liquor Stores;Electricity, Oil & Gas;Automotive Service & Collision Repair","retail","retail.conveniencestore","1288102","https://app.zoominfo.com/#/apps/profile/company/102580917","http://www.linkedin.com/company/shipley-energy","http://www.facebook.com/shipleyenergy","http://www.twitter.com/shipleyenergy","Private","B2B","Yes","April 18, 2024","2000","2000","Debt","April 11, 2020","PPP","PPP","415 Norway St","York","Pennsylvania","17403","United States","415 Norway St, York, Pennsylvania, 17403, United States","10","","","","","","","instantexportexcel1789639591758"
"24200040","BCM One","www.bcmone.com","400","Employees.250to499","4812","7373","48;481;4812;73;737;7373;7379","517121","541512","51;517;5171;51712;517121;54;541;5415;54151;541512;541513","Telecommunications","Telephony & Wireless","Telecommunications","Telephony & Wireless;Internet Service Providers, Website Hosting & Internet-related Services","telecom","telecom.telephone","4353651","https://app.zoominfo.com/#/apps/profile/company/24200040","http://www.linkedin.com/company/business-communications-management","http://www.facebook.com/bcmonenyc","http://www.twitter.com/bcm_one","Private","B2B","Yes","June 21, 2022","0","0","Private Equity","February 07, 2019","Thompson Street Capital Partners","Thompson Street Capital Partners","295 Madison Ave Fl 5","New York","New York","10017","United States","295 Madison Ave Fl 5, New York, New York, 10017, United States","10","","","","","","","instantexportexcel1789639591758"
"370828174","EverQuote","www.everquote.com","356","Employees.250to499","6411","7311","64;641;6411;73;731;7311;737;7374;7379","541810","54181","54;541;5418;54181;541810","Business Services","Advertising & Marketing","Business Services;Media & Internet","Advertising & Marketing;Data Collection & Internet Portals","bizservice","bizservice.marketing","13580","https://app.zoominfo.com/#/apps/profile/company/370828174","http://www.linkedin.com/company/everquote","","http://www.twitter.com/everquoteinsure","Public","B2B","Yes","December 10, 2024","86168","48600","Stock Issuance/Offering","July 02, 2018","Undisclosed","Stratim Capital;SecondAlpha;Savano Capital Partners;Link Ventures;T Capital Partners;Oceanic Partners;Undisclosed;Link Ventures","210 Broadway","Cambridge","Massachusetts","02139","United States","210 Broadway, Cambridge, Massachusetts, 02139, United States","1","","","","","","","instantexportexcel1789639591758"
"255918290","ZACKS","www.zacks.com","458","Employees.250to499","6282","7389","62;628;6282;73;738;7389","519290","51929","51;519;5192;51929;519290","Media & Internet","Data Collection & Internet Portals","Media & Internet;Finance","Data Collection & Internet Portals;Investment Banking","media","media.data","14730","https://app.zoominfo.com/#/apps/profile/company/255918290","http://www.linkedin.com/company/zacks-investment-research","http://www.facebook.com/zacksinvestmentresearch","http://www.twitter.com/zacksresearch","Private","B2B","Yes","July 13, 2024","0","0","","","","","10 S Riverside Plz Ste 1600","Chicago","Illinois","60606","United States","10 S Riverside Plz Ste 1600, Chicago, Illinois, 60606, United States","1","","","","","","","instantexportexcel1789639591758"
"355914619","Cloudinary","www.cloudinary.com","425","Employees.250to499","7372","7374","73;737;7372;7374;7379","513210","518210","51;513;5132;51321;513210;518;5182;51821;518210","Software","Storage & System Management Software","Software","Storage & System Management Software;Content & Collaboration Software;Engineering Software","software","software.storage","8151","https://app.zoominfo.com/#/apps/profile/company/355914619","http://www.linkedin.com/company/cloudinary","http://www.facebook.com/cloudinary","http://www.twitter.com/cloudinary","Private","B2B","Yes","May 06, 2024","100000","100000","Private Equity","February 15, 2022","Blackstone","Blackstone;Bessemer Venture Partners","3400 Central Expy Ste 110","Santa Clara","California","95051","United States","3400 Central Expy Ste 110, Santa Clara, California, 95051, United States","9","","","","","","","instantexportexcel1789639591758"
"129467523","HCSS","www.hcss.com","400","Employees.250to499","7371","7372","73;737;7371;7372;7373","513210","51321","51;513;5132;51321;513210","Software","Engineering Software","Software","Engineering Software","software","software.eng","894661","https://app.zoominfo.com/#/apps/profile/company/129467523","http://www.linkedin.com/company/hcss","http://www.facebook.com/hcss4construction","http://www.x.com/hcss","Private","B2B","Yes","March 12, 2026","0","0","Private Equity","September 15, 2021","Thoma Bravo","Thoma Bravo","13151 W Airport Blvd","Sugar Land","Texas","77478","United States","13151 W Airport Blvd, Sugar Land, Texas, 77478, United States","4","","","","","","","instantexportexcel1789639591758"
"147701774","Tufin","www.tufin.com","500","Employees.500to999","7371","7372","73;737;7371;7372;7379","513210","541511","51;513;5132;51321;513210;54;541;5415;54151;541511;541512","Software","Security Software","Software","Security Software;Networking Software","software","software.security","586362","https://app.zoominfo.com/#/apps/profile/company/147701774","http://www.linkedin.com/company/tufin-technologies","http://www.facebook.com/tufintech","http://www.x.com/tufintech","Private","B2B","Yes","June 05, 2025","120500","0","Private Equity","August 25, 2022","Turn/River Capital","Marker Foundation;Vintage Investment Partners;Turn/River Capital;Undisclosed","10 Summer St","Boston","Massachusetts","02110","United States","10 Summer St, Boston, Massachusetts, 02110, United States","1","","","","","","","instantexportexcel1789639591758"
"37309326","eGain","www.egain.com","420","Employees.250to499","7372","7374","73;737;7372;7374;7379","513210","518210","51;513;5132;51321;513210;518;5182;51821;518210","Software","Customer Relationship Management (CRM) Software","Software","Customer Relationship Management (CRM) Software","software","software.crm","2723485","https://app.zoominfo.com/#/apps/profile/company/37309326","http://www.linkedin.com/company/egain-corporation","http://www.facebook.com/egain","http://www.twitter.com/egain","Public","B2B","Yes","September 16, 2025","60000","60000","Stock Issuance/Offering","September 22, 1999","","","1252 Borregas Ave","Sunnyvale","California","94089","United States","1252 Borregas Ave, Sunnyvale, California, 94089, United States","4","","","","","","","instantexportexcel1789639591758"
"346930630","Reltio","www.reltio.com","500","Employees.500to999","7372","7374","73;737;7372;7374","513210","518210","51;513;5132;51321;513210;518;5182;51821;518210","Software","Database & File Management Software","Software","Database & File Management Software","software","software.db","334477","https://app.zoominfo.com/#/apps/profile/company/346930630","http://www.linkedin.com/company/reltio-inc","http://www.facebook.com/reltiohub","http://www.twitter.com/reltio","Private","B2B","Yes","May 10, 2024","239400","120000","Unspecified","November 04, 2021","Rps Ventures;NewView Capital;Brighton Park Capital;Crosslink Capital","Crosslink Capital;406 Ventures;Cross Link Capital;Sapphire Ventures;New Enterprise Associates;PPP;.406 Ventures;Crosslink Capital;Rps Ventures;NewView Capital;Brighton Park Capital;Crosslink Capital","100 Marine Pkwy Ste 275","Redwood City","California","94065","United States","100 Marine Pkwy Ste 275, Redwood City, California, 94065, United States","2","","","","","","","instantexportexcel1789639591758"
"357932380","Evolv","www.evolvtechnology.com","286","Employees.250to499","7372","737","73;737;7372","513210","561621","51;513;5132;51321;513210;56;561;5616;56162;561621","Business Services","Security Products & Services","Business Services;Software","Security Products & Services;Security Software","bizservice","bizservice.security","1643141","https://app.zoominfo.com/#/apps/profile/company/357932380","http://www.linkedin.com/company/evolv-technology","http://www.facebook.com/evolvtechnology","http://www.x.com/evolvtechnology","Public","B2B","Yes","July 07, 2026","167319","75000","Debt","December 21, 2022","Silicon Valley Bank","NewHold Investment Corp.;Data Collective;General Catalyst;Gates Ventures;Lux Capital;Silicon Valley Bank;Finback Investment Partners;Lux Capital;General Catalyst Partners;Bill Gates;SineWave Ventures;DCVC (Data Collective);Stanley Black & Decker;Horizons Ventures","500 Totten Pond Rd Fl 4","Waltham","Massachusetts","02451","United States","500 Totten Pond Rd Fl 4, Waltham, Massachusetts, 02451, United States","1","","","","","","","instantexportexcel1789639591758"
"9176985","Boingo","www.boingo.com","500","Employees.500to999","4812","4813","48;481;4812;4813","513210","517112","51;513;5132;51321;513210;517;5171;51711;517112;518;5182;51821;518210","Telecommunications","Internet Service Providers, Website Hosting & Internet-related Services","Telecommunications","Internet Service Providers, Website Hosting & Internet-related Services","telecom","telecom.internet","287692","https://app.zoominfo.com/#/apps/profile/company/9176985","http://www.linkedin.com/company/boingo-wireless","http://www.facebook.com/boingo","http://www.twitter.com/boingo","Private","B2B","Yes","February 26, 2026","217965","50000","Debt","November 26, 2014","Bank of America Merrill Lynch;Silicon Valley Bank","Red Rock Ventures;Mitsui Corporate Development Funds;Steelpoint Capital Partners;Mitsui & Co.;Bank of America Merrill Lynch;Silicon Valley Bank;Mitsui & Co. Venture Partners;Mitsui & Co. Venture Partners;New Enterprise Associates;Peter Barris;eCompanies Wireless;John Sidgmore;Auston Beutner;Amy Bersch;Stewart Alsop;Masami Kawahara;Peter Hovenier;Sternhill Partners;Sky Dayton;David Hagan;Credit Suisse;Deutsche Bank;Sprint eWireless;The Dayton Family Trust of 1999;New Enterprise Associates","17 Cowboys Way Ste 400","Frisco","Texas","75034","United States","17 Cowboys Way Ste 400, Frisco, Texas, 75034, United States","4","","","","","","","instantexportexcel1789639591758"
"47859617","Exegy","www.exegy.com","437","Employees.250to499","7379","737","73;737;7379","513210","518210","51;513;5132;51321;513210;518;5182;51821;518210;54;541;5415;54151;541511;541512","Software","Financial Software","Software","Financial Software","software","software.finance","1326385","https://app.zoominfo.com/#/apps/profile/company/47859617","http://www.linkedin.com/company/exegy","http://www.facebook.com/exegymarketdata","http://www.x.com/exegyinc","Private","B2B","Yes","May 13, 2026","12000","2000","Debt","April 09, 2020","PPP","NewSpring Capital;PPP","349 Marshall Ave Ste 100","Saint Louis","Missouri","63119","United States","349 Marshall Ave Ste 100, Saint Louis, Missouri, 63119, United States","1","","","","","","","instantexportexcel1789639591758"
"11829775","Timely by DrFirst","www.drfirst.com","457","Employees.250to499","7371","7372","73;737;7371;7372;7374;7379","513210","541511","51;513;5132;51321;513210;54;541;5415;54151;541511;541512","Software","Healthcare Software","Software","Healthcare Software","software","software.health","24676","https://app.zoominfo.com/#/apps/profile/company/11829775","http://www.linkedin.com/company/drfirst","http://www.facebook.com/drfirstinc","http://www.twitter.com/drfirst","Private","B2B","Yes","June 21, 2024","142500","50000","Other Financing Round","May 12, 2021","Sixth Street","Silicon Valley Bank;SunTrust Bank;SunTrust Banks;Goldman Sachs;Sixth Street;Goldman Sachs","9420 Key West Ave Ste 230","Rockville","Maryland","20850","United States","9420 Key West Ave Ste 230, Rockville, Maryland, 20850, United States","3","","","","","","","instantexportexcel1789639591758"
"354977229","Everlaw","www.everlaw.com","500","Employees.500to999","7372","7374","73;737;7372;7374;7379","513210","518210","51;513;5132;51321;513210;518;5182;51821;518210;54;541;5415;54151;541511;541512","Software","Legal Software","Software","Legal Software","software","software.legal","216020","https://app.zoominfo.com/#/apps/profile/company/354977229","http://www.linkedin.com/company/everlaw","http://www.facebook.com/everlaw.inc","http://www.x.com/everlaw","Private","B2B","Yes","June 18, 2024","297950","202000","Series D","November 02, 2021","CapitalG Management;Menlo Ventures;K9 Ventures;Andreessen Horowitz;H.I.G. Growth Partners;TPG","Menlo Ventures;Andreessen Horowitz;CapitalG Management;Menlo Ventures;K9 Ventures;Andreessen Horowitz;H.I.G. Growth Partners;TPG;K9 Ventures;Ulu Ventures;Menlo Ventures;Andreessen Horowitz;CapitalG;K9 Ventures;Andreessen Horowitz","2101 Webster St Ste 1500","Oakland","California","94612","United States","2101 Webster St Ste 1500, Oakland, California, 94612, United States","4","","","","","","","instantexportexcel1789639591758"
"96553191","Single Digits","www.singledigits.com","424","Employees.250to499","4813","7374","48;481;4813;73;737;7374;7379","517111","51711","51;517;5171;51711;517111","Telecommunications","Internet Service Providers, Website Hosting & Internet-related Services","Telecommunications;Business Services","Internet Service Providers, Website Hosting & Internet-related Services;Custom Software & IT Services","telecom","telecom.internet","1540970","https://app.zoominfo.com/#/apps/profile/company/96553191","http://www.linkedin.com/company/single-digits-inc-","","http://www.twitter.com/singledigitsinc","Private","B2B","Yes","June 12, 2024","11558","0","Private Equity","January 03, 2019","GI Partners","GI Partners;Bregal Sagemount","4 Bedford Farms Dr Ste 210","Bedford","New Hampshire","03110","United States","4 Bedford Farms Dr Ste 210, Bedford, New Hampshire, 03110, United States","3","","","","","","","instantexportexcel1789639591758"
"425699272","Weka","www.weka.io","400","Employees.250to499","7372","7374","73;737;7372;7374","513210","518210","51;513;5132;51321;513210;518;5182;51821;518210;54;541;5415;54151;541512","Software","Storage & System Management Software","Software","Storage & System Management Software","software","software.storage","451838","https://app.zoominfo.com/#/apps/profile/company/425699272","http://www.linkedin.com/company/weka-io","http://www.facebook.com/weka.io","http://www.twitter.com/wekaio","Private","B2B","Yes","June 10, 2024","390700","140000","Series E","May 15, 2024","Hitachi Ventures;Ibex Investors;Valor Global","Micron;Hitachi Ventures;NVIDIA;MoreTech VC;Key One Capital Mortgage;Hewlett Packard Enterprise;Cisco;Ibex Investors;Atreides Management;Generation Investment Management;10d;Norwest Venture Partners;Gemini Israel Ventures;Qualcomm Ventures;PPP;Hitachi Ventures;Ibex Investors;Valor Global","910 E Hamilton Ave Ste 430","Campbell","California","95008","United States","910 E Hamilton Ave Ste 430, Campbell, California, 95008, United States","7","","","","","","","instantexportexcel1789639591758"
"355859718","Matterport","www.matterport.com","455","Employees.250to499","7372","7374","73;737;7372;7374;7379","513210","518210","51;513;5132;51321;513210;518;5182;51821;518210","Software","Multimedia, Games & Graphics Software","Software","Multimedia, Games & Graphics Software","software","software.videogames","4408","https://app.zoominfo.com/#/apps/profile/company/355859718","http://www.linkedin.com/company/matterport","http://www.facebook.com/matterport","http://www.twitter.com/matterport","Private","B2B","Yes","April 07, 2026","746080","640000","Private Equity","July 22, 2021","The Gores Group","Red Swan Ventures;Lux Capital;Greylock Partners;Qualcomm Ventures;Felicis Ventures;Rothenberg Ventures;Qualcomm Ventures;GIC;Felicis Ventures;Lux Capital;AME Cloud Ventures;Greylock Partners;Qualcomm Ventures;DCM Ventures;Navitas Capital;Rothenberg Ventures;Red Swan Ventures;Felicis Ventures;State Auto Labs;Gordon Segal;Lux Capital;Navitas Ventures;Qualcomm Ventures;GIC;Ericsson Ventures;DCM Ventures;CBRE;iGlobe Partners;Rev1 Ventures' Companies;Felicis Ventures;AME Cloud;Lux Capital;Qualcomm Ventures;DCM Ventures;The Gores Group;Y Combinator;Luminari Capital;Felicis Ventures;Navitas Capital;News Corp;iGlobe;Lux Capital;AME Cloud Ventures;Greylock Partners;Qualcomm Ventures;GIC;Sound Ventures;CBRE;DCM Ventures","352 E Java Dr","Sunnyvale","California","94089","United States","352 E Java Dr, Sunnyvale, California, 94089, United States","9","","","","","","","instantexportexcel1789639591758"
"345564255","CheckAlt","www.checkalt.com","260","Employees.250to499","7372","7374","73;737;7372;7374","513210","518210","51;513;5132;51321;513210;518;5182;51821;518210","Software","Financial Software","Software;Business Services","Financial Software;Custom Software & IT Services","software","software.finance","8293802","https://app.zoominfo.com/#/apps/profile/company/345564255","http://www.linkedin.com/company/checkalt","http://www.facebook.com/checkalt","http://www.twitter.com/checkalt","Private","B2B","Yes","June 16, 2022","350","350","Debt","April 13, 2020","PPP","PPP","711 Executive Blvd Ste H","Valley Cottage","New York","10989","United States","711 Executive Blvd Ste H, Valley Cottage, New York, 10989, United States","2","","","","","","","instantexportexcel1789639591758"
"59901406","Iteris","www.iteris.com","454","Employees.250to499","3829","7372","38;382;3829;73;737;7372;7373;7379","541330","541511","54;541;5413;54133;541330;5415;54151;541511;541512;5416;54161;541618","Software","Engineering Software","Software;Business Services","Engineering Software;Custom Software & IT Services;Business Intelligence (BI) Software;Management Consulting;Mobile App Development","software","software.eng","4352645","https://app.zoominfo.com/#/apps/profile/company/59901406","http://www.linkedin.com/company/iteris-inc-","","http://www.twitter.com/iteris","Private","B2B","Yes","January 02, 2025","0","0","","","","","1250 S Capital of Texas Hwy Bldg 1 Ste 330","West Lake Hills","Texas","78746","United States","1250 S Capital of Texas Hwy Bldg 1 Ste 330, West Lake Hills, Texas, 78746, United States","21","","","","","","","instantexportexcel1789639591758"
"354283951","Innovid","www.innovid.com","466","Employees.250to499","7311","7371","73;731;7311;737;7371;7372;7374;7379","541519","54151","54;541;5415;54151;541519","Business Services","Custom Software & IT Services","Business Services;Software","Custom Software & IT Services;Advertising & Marketing;Mobile App Development","bizservice","bizservice.techconsulting","11482","https://app.zoominfo.com/#/apps/profile/company/354283951","http://www.linkedin.com/company/innovid","http://www.facebook.com/innovid","http://www.twitter.com/innovid","Private","B2B","Yes","July 15, 2025","95099","30000","Private Equity","January 07, 2019","Goldman Sachs Private Capital Investing","Silicon Valley Bank;Triple Point Capital;Genesis Partners;T-Venture;Steamboat Ventures;Deutsche Telekom Capital Partners;Genesis Partners;Genesis Partners;Cisco Investments;T-Venture;Steamboat Ventures;Genesis Partners;Goldman Sachs Private Capital Investing;Cisco Ventures;Steamboat Ventures;Genesis Partners;T-Venture;NewSpring Capital;Steamboat Ventures;Genesis Partners;Vintage Investment Partners;T-Venture","30 Irving Pl Fl 12","New York","New York","10003","United States","30 Irving Pl Fl 12, New York, New York, 10003, United States","3","","","","","","","instantexportexcel1789639591758"
"100451205","Lantronix","www.lantronix.com","351","Employees.250to499","3663","3669","36;366;3663;3669;73;737;7372;7373","334220","513210","33;334;3342;33422;334220;51;513;5132;51321;513210;518;5182;51821;518210;54;541;5415;54151;541512","Manufacturing","Telecommunication Equipment","Manufacturing;Business Services;Software","Telecommunication Equipment;Custom Software & IT Services;Networking Software","mfg","mfg.telecom","172762","https://app.zoominfo.com/#/apps/profile/company/100451205","http://www.linkedin.com/company/lantronix","http://www.facebook.com/lantronixiot","http://www.x.com/lantronix","Public","B2B","Yes","August 28, 2025","81000","15000","Debt","August 25, 2025","Silicon Valley Bank","Silicon Valley Bank;Silicon Valley Bank","48 Discovery Ste 250","Irvine","California","92618","United States","48 Discovery Ste 250, Irvine, California, 92618, United States","9","","","","","","","instantexportexcel1789639591758"
"13534186","Everstream","www.everstream.net","494","Employees.250to499","4813","481","48;481;4813","517111","51711","51;517;5171;51711;517111","Telecommunications","Telephony & Wireless","Telecommunications","Telephony & Wireless;Internet Service Providers, Website Hosting & Internet-related Services","telecom","telecom.telephone","2387039","https://app.zoominfo.com/#/apps/profile/company/13534186","http://www.linkedin.com/company/everstream-solutions-llc","http://www.facebook.com/everstream.net","http://www.twitter.com/everstreamnet","Private","B2B","Yes","March 25, 2024","1532500","1000000","Debt","April 01, 2022","RBC;Societe Generale;TD;ING;Santander;Natixis;Macquarie;CoBank;DigitalBridge Credit;Vantage Infrastructure;SMBC Group","Webster Bank;Fifth Third Bank;TD Bank;Regions Financial Corp.;CoBank;M/C Partners;J.P. Morgan Asset Management;Webster Bank;TD Bank;Regions Financial Corp;Fifth Third Bank;CoBank;RBC;Societe Generale;TD;ING;Santander;Natixis;Macquarie;CoBank;DigitalBridge Credit;Vantage Infrastructure;SMBC Group","1228 Euclid Ave Ste 250","Cleveland","Ohio","44115","United States","1228 Euclid Ave Ste 250, Cleveland, Ohio, 44115, United States","9","","","","","","","instantexportexcel1789639591758"
"157483243","Stem","www.stem.com","423","Employees.250to499","3691","3699","36;369;3691;3699;73;737;7372;7373","221114","513210","22;221;2211;22111;221114;51;513;5132;51321;513210;518;5182;51821;518210;54;541;5415;54151;541512","Software","Supply Chain Management (SCM) Software","Software;Manufacturing","Supply Chain Management (SCM) Software;Industrial Machinery & Equipment","software","software.scm","186190","https://app.zoominfo.com/#/apps/profile/company/157483243","http://www.linkedin.com/company/stem-inc-","","http://www.twitter.com/stempowered","Public","B2B","Yes","November 01, 2024","1856097","1580000","Stock Issuance/Offering","May 27, 2021","","Iberdrola;GE Ventures;Angeleno Group;Greenercap;Angeleno Group;Starwood Capital Group;GE Ventures;Iberdrola;Constellation;Mithril Capital Management;Mitsui & Co., Ltd;Angeleno Group;Constellation Technology Ventures;Total Energy Ventures;Temasek Holdings;Magnesium Capital;BNP Paribas;Activate Capital;Ontario Teachers Pension Plan","100 California St Fl 14","San Francisco","California","94111","United States","100 California St Fl 14, San Francisco, California, 94111, United States","8","","","","","","","instantexportexcel1789639591758"
"367519333","Real","www.onereal.com","439","Employees.250to499","6531","653","65;653;6531","531210","53121","53;531;5312;53121;531210","Real Estate","","Real Estate;Software","Mobile App Development","realestate","","673540","https://app.zoominfo.com/#/apps/profile/company/367519333","http://www.linkedin.com/company/joinreal","http://www.facebook.com/realbrokerage","http://www.twitter.com/joinreal","Public","B2B","Yes","January 29, 2025","26000","20000","Private Equity","December 03, 2020","Insight Partners","Magma Venture Partners;Insight Partners","477 Madison Ave Ste 648","New York","New York","10022","United States","477 Madison Ave Ste 648, New York, New York, 10022, United States","4","","","","","","","instantexportexcel1789639591758"
"368644313","Veritone","www.veritone.com","437","Employees.250to499","7371","737","73;737;7371","513210","518210","51;513;5132;51321;513210;518;5182;51821;518210;54;541;5415;54151;541511;541512","Software","Business Intelligence (BI) Software","Software","Business Intelligence (BI) Software","software","software.bi","815841","https://app.zoominfo.com/#/apps/profile/company/368644313","http://www.linkedin.com/company/veritone-inc-","http://www.facebook.com/veritoneinc","http://www.x.com/veritoneinc","Public","B2B","Yes","July 08, 2026","325600","75000","Stock/Share Issuance","October 20, 2025","","Undisclosed;Undisclosed;Undisclosed;Undisclosed;Undisclosed;Acacia Research Corporation;Esousa Group Holdings","5291 California Ave Ste 350","Irvine","California","92617","United States","5291 California Ave Ste 350, Irvine, California, 92617, United States","2","","","","","","","instantexportexcel1789639591758"
"70405185","Doxim","www.doxim.com","426","Employees.250to499","7372","7374","73;737;7372;7374;7379","513210","518210","51;513;5132;51321;513210;518;5182;51821;518210","Software","Content & Collaboration Software","Software","Content & Collaboration Software;Customer Relationship Management (CRM) Software","software","software.contentcol","3786733","https://app.zoominfo.com/#/apps/profile/company/70405185","http://www.linkedin.com/company/doxim","http://www.facebook.com/doxim","http://www.twitter.com/doxim_inc","Private","B2B","Yes","June 07, 2024","13000","13000","Private Equity","October 02, 2016","PNC","PNC","1911 Woodslee Dr","Troy","Michigan","48083","United States","1911 Woodslee Dr, Troy, Michigan, 48083, United States","6","","","","","","","instantexportexcel1789639591758"
"348653556","Tintri","www.tintri.com","445","Employees.250to499","7372","7374","73;737;7372;7374;7379","513210","518210","51;513;5132;51321;513210;518;5182;51821;518210","Software","Storage & System Management Software","Software;Manufacturing","Storage & System Management Software;Computer Equipment & Peripherals","software","software.storage","890295","https://app.zoominfo.com/#/apps/profile/company/348653556","http://www.linkedin.com/company/tintri","","http://www.twitter.com/tintri","Private","B2B","Yes","October 05, 2023","321768","60004","Stock Issuance/Offering","June 29, 2017","","Menlo Ventures;Lightspeed Venture Partners;New Enterprise Associates;Insight Venture Partners;Lightspeed Venture Partners;New Enterprise Associates;Akkadian Ventures;Lightspeed Venture Partners;New Enterprise Associates;Lightspeed Venture Partners;New Enterprise Associates;Menlo Ventures;Lightspeed Ventures;New Enterprise Associates;Silver Lake;Insight Venture Partners;Menlo Ventures;Lightspeed Venture Partners;New Enterprise Associates","2929 Patrick Henry Dr","Santa Clara","California","95054","United States","2929 Patrick Henry Dr, Santa Clara, California, 95054, United States","1","","","","","","","instantexportexcel1789639591758"
"404783237","Unqork","www.unqork.com","483","Employees.250to499","7371","7372","73;737;7371;7372;7379","513210","518210","51;513;5132;51321;513210;518;5182;51821;518210","Software","Engineering Software","Software","Engineering Software","software","software.eng","1671604","https://app.zoominfo.com/#/apps/profile/company/404783237","http://www.linkedin.com/company/unqork","http://www.facebook.com/unqorkinc","http://www.twitter.com/unqork","Private","B2B","Yes","June 27, 2024","280000","207000","Series C","October 06, 2020","Sunley House Capital Management , LLC;BlackRock;Eldridge Company LLC;Hewlett Packard Enterprise Company;Schonfeld Strategic Advisors LLC;Fin Venture Capital","World Innovation Lab;Aquiline Technology Growth;Goldman Sachs;Goldman Sachs;Sunley House Capital Management , LLC;BlackRock;Eldridge Company LLC;Hewlett Packard Enterprise Company;Schonfeld Strategic Advisors LLC;Fin Venture Capital","114 5th Ave Fl 2","New York","New York","10011","United States","114 5th Ave Fl 2, New York, New York, 10011, United States","1","","","","","","","instantexportexcel1789639591758"
"346952650","PeopleFluent","www.peoplefluent.com","450","Employees.250to499","7372","7379","73;737;7372;7379","513210","51321","51;513;5132;51321;513210","Software","Human Resources Software","Software","Human Resources Software","software","software.hr","368747","https://app.zoominfo.com/#/apps/profile/company/346952650","http://www.linkedin.com/company/peoplefluent","http://www.facebook.com/peoplefluent","http://www.twitter.com/peoplefluent","Private","B2B","Yes","July 01, 2024","0","0","","","","","300 5th Ave","Waltham","Massachusetts","02451","United States","300 5th Ave, Waltham, Massachusetts, 02451, United States","9","","","","","","","instantexportexcel1789639591758"
"348418688","Paya","www.paya.com","300","Employees.250to499","6099","7372","6099;73;737;7372;7374;738","522320","52232","52;522;5223;52232;522320","Finance","Credit Cards & Transaction Processing","Finance;Software","Credit Cards & Transaction Processing;Financial Software","finance","finance.creditcards","869085","https://app.zoominfo.com/#/apps/profile/company/348418688","http://www.linkedin.com/company/paya","http://www.facebook.com/payahq","http://www.twitter.com/payahq","Private","B2B","Yes","July 11, 2024","0","0","","","","","303 Perimeter Ctr N Ste 600","Atlanta","Georgia","30346","United States","303 Perimeter Ctr N Ste 600, Atlanta, Georgia, 30346, United States","2","","","","","","","instantexportexcel1789639591758"
"7520972","CEVA","www.ceva-ip.com","374","Employees.250to499","3674","7372","36;367;3674;73;737;7372","513210","541512","51;513;5132;51321;513210;54;541;5415;54151;541512;5417;54171;541715","Software","Engineering Software","Software","Engineering Software","software","software.eng","","https://app.zoominfo.com/#/apps/profile/company/7520972","http://www.linkedin.com/company/ceva","http://www.facebook.com/cevaip","http://www.twitter.com/ceva_ip","Public","B2B","Yes","June 05, 2025","0","0","","","","","15245 Shady Grove Rd Ste 400","Rockville","Maryland","20850","United States","15245 Shady Grove Rd Ste 400, Rockville, Maryland, 20850, United States","3","","","","","","","instantexportexcel1789639591758"
"352244809","EVERFI","www.everfi.com","425","Employees.250to499","7372","8299","73;737;7372;82;829;8299","611710","61171","61;611;6117;61171;611710","Education","Training","Education;Software","Training;Content & Collaboration Software","education","education.training","258782","https://app.zoominfo.com/#/apps/profile/company/352244809","http://www.linkedin.com/company/everfi","","http://www.twitter.com/everfi","Private","B2B","Yes","December 09, 2025","251000","190000","Series D","April 12, 2017","TPG Growth;The Rise Fund;Main Street Advisors;Advance Publications","TPG Growth;The Rise Fund;Main Street Advisors;Advance Publications;TomorrowVentures;New Enterprise Associates;New Enterprise Associates;TomorrowVentures;Advance Publications;Rethink Capital Partners;Bezos Expeditions;TomorrowVentures;Silicon Valley Bank;New Enterprise Associates;Rethink Impact","2300 N St NW Ste 500","Washington","District of Columbia","20037","United States","2300 N St NW Ste 500, Washington, District of Columbia, 20037, United States","1","","","","","","","instantexportexcel1789639591758"
"351910960","Biz2Credit","www.biz2credit.com","350","Employees.250to499","6153","6163","61;615;6153;616;6163;73;737;7372","522299","522310","52;522;5222;52229;522299;5223;52231;522310","Finance","Lending & Brokerage","Finance;Software","Lending & Brokerage;Financial Software","finance","finance.brokerage","332575","https://app.zoominfo.com/#/apps/profile/company/351910960","http://www.linkedin.com/company/biz2credit-inc","http://www.facebook.com/biz2credit","http://www.twitter.com/biz2credit","Private","B2B","Yes","August 08, 2023","312000","52000","Series B","June 04, 2019","Westbridge Capital","Westbridge Capital;Direct Lending Investments;Nexus Venture Partners","1 Penn Plz Fl 45","New York","New York","10119","United States","1 Penn Plz Fl 45, New York, New York, 10119, United States","2","","","","","","","instantexportexcel1789639591758"
"396007734","Sezzle","www.sezzle.com","201","Employees.100to249","6153","615","61;615;6153","522299","52229","52;522;5222;52229;522299","Finance","Lending & Brokerage","Finance;Software","Lending & Brokerage;Credit Cards & Transaction Processing;Financial Software","finance","finance.brokerage","22252","https://app.zoominfo.com/#/apps/profile/company/396007734","http://www.linkedin.com/company/sezzle","http://www.facebook.com/sezzle","http://www.x.com/sezzleinc","Public","B2B","Yes","May 06, 2026","263450","55000","Share Placement","July 13, 2020","","PPP;E-Merge;Bastion Capital;Continental Investors, LLC;Bastion;Hudson Cove Capital;Atalaya Capital","700 Nicollet Mall Ste 640","Minneapolis","Minnesota","55402","United States","700 Nicollet Mall Ste 640, Minneapolis, Minnesota, 55402, United States","1","","","","","","","instantexportexcel1789639591758"
"14385669","Fintech","www.fintech.com","300","Employees.250to499","7371","7372","73;737;7371;7372;7374;7379","513210","518210","51;513;5132;51321;513210;518;5182;51821;518210;54;541;5415;54151;541511;541512","Software","Financial Software","Software;Business Services","Financial Software;Custom Software & IT Services;Customer Relationship Management (CRM) Software","software","software.finance","383187","https://app.zoominfo.com/#/apps/profile/company/14385669","http://www.linkedin.com/company/fintech-net","http://www.facebook.com/fintech","http://www.twitter.com/fintechbevalc","Private","B2B","Yes","February 11, 2025","0","0","Private Equity","January 01, 2018","TA Associates","TA Associates","3109 W Dr Martin Luther King Jr Blvd Ste 200","Tampa","Florida","33607","United States","3109 W Dr Martin Luther King Jr Blvd Ste 200, Tampa, Florida, 33607, United States","2","","","","","","","instantexportexcel1789639591758"
"465749367","Alpaca Securities","alpaca.markets","448","Employees.250to499","6211","6289","62;621;6211;628;6289","523150","52315","52;523;5231;52315;523150","Finance","Investment Banking","Finance;Software","Investment Banking;Lending & Brokerage;Financial Software","finance","finance.investment","112213","https://app.zoominfo.com/#/apps/profile/company/465749367","http://www.linkedin.com/company/alpacamarkets","http://www.facebook.com/alpacahq","http://www.x.com/alpacahq","Private","B2B","Yes","January 16, 2026","758000","300000","Debt","July 16, 2026","BMO;Payward","Fathom Capital;Social Leverage LLC;Abstract Ventures;Portag3 Ventures;Spark Capital;850 Local Association Management;Derayah Financial;National Investments Company KSCC;Unbound;BMO;Payward;Social Leverage;Spark Capital;Tribe Capital Growth Corp I;Horizons Ventures;Portage Venture Partners;SBI Group International;Flat Capital;Drive Capital;Horizons Ventures;Citadel Securities;Opera Tech Ventures;Diagram;Social Leverage Acquisition Corp I;Portage Ventures;DRW Holdings;Altered Capital;Endeavor Global;Derayah Financial;Kraken;MUFG;Bank Muscat;Peak XV Partners;Opera Tech Ventures;Elefund Capital","3 E 3rd Ave Ste 214","San Mateo","California","94401","United States","3 E 3rd Ave Ste 214, San Mateo, California, 94401, United States","2","","","","","","","instantexportexcel1789639591758"
"406087418","Silverfort","www.silverfort.com","400","Employees.250to499","7372","7379","73;737;7372;7379","513210","541511","51;513;5132;51321;513210;54;541;5415;54151;541511;541512","Software","Security Software","Software","Security Software","software","software.security","864718","https://app.zoominfo.com/#/apps/profile/company/406087418","http://www.linkedin.com/company/silverfort","http://www.facebook.com/silverfort","http://www.twitter.com/silverfort","Private","B2B","Yes","April 29, 2026","222500","116000","Series D","January 23, 2024","Maor Investments;Brighton Park Capital;Greenfield Partners;Singtel Innov8;Acrew Capital Management;Vintage Investment Partners","SixThirty Cyber;Maor Investments;Brighton Park Capital;Greenfield Partners;Singtel Innov8;Acrew Capital Management;Vintage Investment Partners;Greenfield Partners;Vintage Investment Partners;GM Ventures;StageOne Ventures;Acrew Capital Management;Citi Ventures;Aspect Ventures;StageOne Ventures;Singtel Innov8;TLV Partners;Maor Investments;TLV Partners;Singtel Innov8;StageOne Ventures","5525 Granite Pkwy","Plano","Texas","75024","United States","5525 Granite Pkwy, Plano, Texas, 75024, United States","1","","","","","","","instantexportexcel1789639591758"
"39403616","Unanet Technologies","www.unanet.com","375","Employees.250to499","7379","737","73;737;7379","541511","541519","54;541;5415;54151;541511;541519","Software","Enterprise Resource Planning (ERP) Software","Software","Enterprise Resource Planning (ERP) Software;Customer Relationship Management (CRM) Software","software","software.erp","902174","https://app.zoominfo.com/#/apps/profile/company/39403616","http://www.linkedin.com/company/unanet-technologies","http://www.facebook.com/unanet-99998461372","http://www.twitter.com/unanettech","Private","B2B","Yes","June 26, 2024","0","0","Other Financing Round","December 09, 2022","Onex","Onex","22970 Indian Creek Dr Ste 200","Sterling","Virginia","20166","United States","22970 Indian Creek Dr Ste 200, Sterling, Virginia, 20166, United States","3","","","","","","","instantexportexcel1789639591758"
"36012618","Spins","www.spins.com","400","Employees.250to499","7372","7374","73;737;7372;7374;7379","518210","541511","51;518;5182;51821;518210;54;541;5415;54151;541511;5416;54161;541613","Business Services","Custom Software & IT Services","Business Services;Software","Custom Software & IT Services;Business Intelligence (BI) Software;Advertising & Marketing","bizservice","bizservice.techconsulting","874909","https://app.zoominfo.com/#/apps/profile/company/36012618","http://www.linkedin.com/company/spins","http://www.facebook.com/spinsllc","http://www.x.com/spinsllc","Private","B2B","Yes","March 24, 2026","0","0","Private Equity","January 19, 2021","General Atlantic;Georgian;Warburg Pincus","General Atlantic;Georgian;Warburg Pincus","311 W Huron St Ste 900","Chicago","Illinois","60654","United States","311 W Huron St Ste 900, Chicago, Illinois, 60654, United States","1","","","","","","","instantexportexcel1789639591758"
"346239764","CAIS Capital","www.caisgroup.com","477","Employees.250to499","7372","737","73;737;7372","513210","523150","51;513;5132;51321;513210;52;523;5231;52315;523150","Software","Financial Software","Software;Finance","Financial Software;Lending & Brokerage","software","software.finance","557045","https://app.zoominfo.com/#/apps/profile/company/346239764","http://www.linkedin.com/company/cais","","http://www.x.com/caisgroup","Private","B2B","Yes","August 10, 2026","545000","170000","Series D","July 29, 2026","Fortress Investment Group;Carlyle Group;Vista Equity Partners;Blue Owl;Golub Capital;Lord Abbett;AllianceBernstein;RBC","Eldridge;Reverence Capital Partners;Motive Partners;Apollo Global Management;Conversion Capital;Hamilton Lane;Fortress Investment Group;Carlyle Group;Vista Equity Partners;Blue Owl;Golub Capital;Lord Abbett;AllianceBernstein;RBC","527 Madison Ave Lbby 2ND Fl 2","New York","New York","10022","United States","527 Madison Ave Lbby 2ND Fl 2, New York, New York, 10022, United States","4","","","","","","","instantexportexcel1789639591758"
"345591351","M-Files","www.m-files.com","500","Employees.500to999","7371","7372","73;737;7371;7372;7379","541511","541519","54;541;5415;54151;541511;541519","Software","Content & Collaboration Software","Software","Content & Collaboration Software","software","software.contentcol","213037","https://app.zoominfo.com/#/apps/profile/company/345591351","http://www.linkedin.com/company/m-files-suomi","http://www.facebook.com/mfilessuomi","http://www.twitter.com/m_files","Private","B2B","Yes","June 25, 2024","125800","80000","Unspecified","January 12, 2021","Bregal Milestone","Finnish Industry Investment;DFJ Esprit;PPP;Bregal Milestone;Partech Ventures;Finnish Industry Investment;Molten","500 W 2nd St Ste 1850","Austin","Texas","78701","United States","500 W 2nd St Ste 1850, Austin, Texas, 78701, United States","11","","","","","","","instantexportexcel1789639591758"
"3392102","Aurigo","www.aurigo.com","500","Employees.500to999","7371","7372","73;737;7371;7372;7373","513210","518210","51;513;5132;51321;513210;518;5182;51821;518210","Software","Enterprise Resource Planning (ERP) Software","Software","Enterprise Resource Planning (ERP) Software","software","software.erp","2354997","https://app.zoominfo.com/#/apps/profile/company/3392102","http://www.linkedin.com/company/aurigo-software-technologies","","http://www.twitter.com/aurigo_software","Private","B2B","Yes","April 22, 2024","6670","350","Debt","May 01, 2020","PPP","PPP;Autodesk","8310 N Capital of Texas Hwy Ste 100","Austin","Texas","78731","United States","8310 N Capital of Texas Hwy Ste 100, Austin, Texas, 78731, United States","5","","","","","","","instantexportexcel1789639591758"
"345572","Accela","www.accela.com","500","Employees.500to999","7374","7379","73;737;7374;7379;738;7389","518210","541511","51;518;5182;51821;518210;54;541;5415;54151;541511;541512","Software","Enterprise Resource Planning (ERP) Software","Software","Enterprise Resource Planning (ERP) Software","software","software.erp","20088","https://app.zoominfo.com/#/apps/profile/company/345572","http://www.linkedin.com/company/accela-inc-","http://www.facebook.com/accelasoftware","http://www.x.com/accelasoftware","Private","B2B","Yes","July 10, 2026","219725","0","Private Equity","September 06, 2023","Francisco Partners","Bregal Sagemount;Francisco Partners;Bregal Sagemount;Primary Venture Partners;Karlani Capital;Landmark Partners;Abry Partners;Wells Fargo Capital","9110 Alcosta Blvd Ste H3030","San Ramon","California","94583","United States","9110 Alcosta Blvd Ste H3030, San Ramon, California, 94583, United States","7","","","","","","","instantexportexcel1789639591758"
"374284096","BigID","www.bigid.com","500","Employees.500to999","7372","7374","73;737;7372;7374;7379","513210","518210","51;513;5132;51321;513210;518;5182;51821;518210;54;541;5415;54151;541511","Software","Security Software","Software","Security Software","software","software.security","615312","https://app.zoominfo.com/#/apps/profile/company/374284096","http://www.linkedin.com/company/bigid","http://www.facebook.com/bigidsecure","","Private","B2B","Yes","November 28, 2023","352159","60000","Private Equity","March 18, 2024","Riverwood Capital;ADVENT","Salesforce;Advent;Tiger Global;Bessemer Venture Partners;Glynn Capital;Boldstart Ventures;BA Venture Partners;Comcast Ventures;ClearSky;Bessemer Venture Partners;SAP.io Fund;Boldstart Ventures;BA Venture Partners;BoldStart Ventures;Comcast Ventures;ClearSky Power and Technology Fund;SAP.iO Fund;Riverwood Capital;ADVENT;Splunk;ClearSky Security;Information Venture Partners;Comcast Ventures;Scale Venture Partners;SAP.iO Fund;Boldstart Ventures;ServiceNow;Boldstart Ventures;Bessemer Venture Partners , SAP.io Fund;Comcast Ventures;ClearSky;BA Venture Partners;Salesforce Ventures","641 Avenue of the Americas Frnt 2","New York","New York","10011","United States","641 Avenue of the Americas Frnt 2, New York, New York, 10011, United States","1","","","","","","","instantexportexcel1789639591758"
"27165138","NetDocuments","www.netdocuments.com","335","Employees.250to499","7372","7374","73;737;7372;7374;7379","513210","518210","51;513;5132;51321;513210;518;5182;51821;518210","Software","Legal Software","Software","Legal Software;Content & Collaboration Software","software","software.legal","106847","https://app.zoominfo.com/#/apps/profile/company/27165138","http://www.linkedin.com/company/netdocuments","","http://www.twitter.com/netdocuments","Private","B2B","Yes","October 01, 2025","29999","0","Private Equity","May 14, 2019","Cove Hill Partners","Frontier;Cove Hill Partners","2500 W Executive Pkwy Ste 300","Lehi","Utah","84043","United States","2500 W Executive Pkwy Ste 300, Lehi, Utah, 84043, United States","3","","","","","","","instantexportexcel1789639591758"
"371537919","CircleCI","www.circleci.com","500","Employees.500to999","7371","7372","73;737;7371;7372;7379","513210","518210","51;513;5132;51321;513210;518;5182;51821;518210","Software","Engineering Software","Software","Engineering Software","software","software.eng","41583","https://app.zoominfo.com/#/apps/profile/company/371537919","http://www.linkedin.com/company/circleci","http://www.facebook.com/circleci","http://www.twitter.com/circleci","Private","B2B","Yes","June 11, 2024","212500","100000","Series E","April 07, 2020","Sapphire Ventures;IVP","Data Collective;Baseline Ventures;500.com;Adam Wiggins;Hiten Shah;James Lindenbaum;SV Angel;Eric Ries;Sapphire Ventures;IVP;NextEquity Partners;Owl Rock Capital Partners;Heavybit companies;Top Tier Capital Partners;Baseline Ventures;BA Venture Partners;Industry Ventures;Harrison Metal Capital;THRESHOLD VENTURES;Harrison Metal;Baseline Ventures;DFJ;BA Venture Partners;Top Tier Capital Partners;Industry Ventures;Harrison Metal;Baseline Ventures;Heavybit;DFJ;BA Venture Partners;DFJ","201 Spear St Ste 1200","San Francisco","California","94105","United States","201 Spear St Ste 1200, San Francisco, California, 94105, United States","2","","","","","","","instantexportexcel1789639591758"
"29818989","PayScale","www.payscale.com","400","Employees.250to499","7372","7374","73;737;7372;7374","513210","518210","51;513;5132;51321;513210;518;5182;51821;518210;54;541;5415;54151;541511","Software","Human Resources Software","Software","Human Resources Software","software","software.hr","25848","https://app.zoominfo.com/#/apps/profile/company/29818989","http://www.linkedin.com/company/payscale","http://www.facebook.com/payscale","http://www.twitter.com/payscale","Private","B2B","Yes","June 12, 2024","127635","0","Private Equity","April 25, 2019","Francisco Partners","Trinity Ventures;Montlake Capital;Fluke Venture Partners;Madrona Venture Group;Buerk Dale Victor;Warburg Pincus;Fluke Venture Partners;Sapphire Ventures;SAP Ventures;Trinity Ventures;Burke Dale Victor;Madrona Venture Group;Madrona Venture Group;Fluke Venture Partner;Montlake Capital;Francisco Partners;SAP Ventures;Fluke Venture Partners;Madrona Venture Group;Trinity Ventures;Mercer","68 Harrison Ave Ste 605","Boston","Massachusetts","02111","United States","68 Harrison Ave Ste 605, Boston, Massachusetts, 02111, United States","1","","","","","","","instantexportexcel1789639591758"
"555233536","MarketWise","www.marketwise.com","439","Employees.250to499","6282","7372","62;628;6282;73;737;7372;7375","513210","51321","51;513;5132;51321;513210","Software","Financial Software","Software;Media & Internet","Financial Software;Publishing","software","software.finance","583836","https://app.zoominfo.com/#/apps/profile/company/555233536","http://www.linkedin.com/company/marketwise-llc","","http://www.twitter.com/marketwise_inc","Public","B2B","Yes","January 29, 2025","0","0","","","","","1125 N Charles St","Baltimore","Maryland","21201","United States","1125 N Charles St, Baltimore, Maryland, 21201, United States","3","","","","","","","instantexportexcel1789639591758"
"369931131","Contrast Security","www.contrastsecurity.com","345","Employees.250to499","7371","7372","73;737;7371;7372;7379","513210","51321","51;513;5132;51321;513210","Software","Security Software","Software","Security Software","software","software.security","604176","https://app.zoominfo.com/#/apps/profile/company/369931131","http://www.linkedin.com/company/contrast-security","http://www.facebook.com/contrastsec","http://www.twitter.com/contrastsec","Private","B2B","Yes","October 01, 2025","269000","150000","Series E","November 09, 2021","M12;General Catalyst;Acero Capital Management;AXA Venture Partners;Liberty Strategic Capital;Battery Ventures;Warburg Pincus","Acero Capital Management;General Catalyst;John Thompson;Ron Gula;Acero Capital Management;Paul Sagan;M12;General Catalyst;Acero Capital Management;AXA Venture Partners;Liberty Strategic Capital;Battery Ventures;Warburg Pincus;AXA Strategic Ventures;Microsoft Ventures;General Catalyst;Acero Capital Management;Battery Ventures;Battery Ventures","240 3rd St Fl 2","Los Altos","California","94022","United States","240 3rd St Fl 2, Los Altos, California, 94022, United States","1","","","","","","","instantexportexcel1789639591758"
"416272162","SmartRent","www.smartrent.com","418","Employees.250to499","7371","737","73;737;7371","518210","541511","51;518;5182;51821;518210;54;541;5415;54151;541511;541519","Software","Enterprise Resource Planning (ERP) Software","Software","Enterprise Resource Planning (ERP) Software","software","software.erp","220423","https://app.zoominfo.com/#/apps/profile/company/416272162","http://www.linkedin.com/company/smartrentdotcom","http://www.facebook.com/smartrentdotcom","http://www.x.com/smartrentdotcom","Public","B2B","Yes","July 08, 2026","98500","0","Other Financing Round","March 04, 2021","Lennar","Starwood Capital;Bain Capital Ventures;Essex Property Trust;UDR, Inc.;RET Ventures;RET Ventures;Real Estate Technology Ventures;RET Ventures;Amazon;Spark Capital;Energy Impact Partners;Fifth Wall;Bain Capital Ventures;Amazon Alexa Fund;Lennar","6811 E Mayo Blvd Fl Fourth","Phoenix","Arizona","85054","United States","6811 E Mayo Blvd Fl Fourth, Phoenix, Arizona, 85054, United States","3","","","","","","","instantexportexcel1789639591758"
"72368479","Silvaco","www.silvaco.com","406","Employees.250to499","7373","7374","73;737;7373;7374","518210","541512","51;518;5182;51821;518210;54;541;5415;54151;541512","Software","Engineering Software","Software","Engineering Software","software","software.eng","1319988","https://app.zoominfo.com/#/apps/profile/company/72368479","http://www.linkedin.com/company/silvaco","http://www.facebook.com/silvacogroup","http://www.x.com/silvacogroup","Public","B2B","Yes","July 08, 2026","2000","2000","Debt","April 30, 2020","PPP","PPP","4701 Patrick Henry Dr Bldg 23","Santa Clara","California","95054","United States","4701 Patrick Henry Dr Bldg 23, Santa Clara, California, 95054, United States","5","","","","","","","instantexportexcel1789639591758"
"43091314","Rent","www.rent.com","500","Employees.500to999","6531","7372","65;653;6531;73;737;7372;7379","531210","53121","53;531;5312;53121;531210","Real Estate","","Real Estate;Media & Internet","Data Collection & Internet Portals","realestate","","6512","https://app.zoominfo.com/#/apps/profile/company/43091314","http://www.linkedin.com/company/jacksonville-heights-apartments","","http://www.twitter.com/rentdotcom","Private","B2B","Yes","December 18, 2024","17000","17000","Unspecified","October 31, 2000","","","271 17th St NW Ste 1850","Atlanta","Georgia","30363","United States","271 17th St NW Ste 1850, Atlanta, Georgia, 30363, United States","3","","","","","","","instantexportexcel1789639591758"
"100286864","RTI","www.rti.com","280","Employees.250to499","7371","7372","73;737;7371;7372;7373","513210","51321","51;513;5132;51321;513210","Software","Networking Software","Software","Networking Software","software","software.network","853342","https://app.zoominfo.com/#/apps/profile/company/100286864","http://www.linkedin.com/company/rti","http://www.facebook.com/rtisoftware","http://www.twitter.com/rti_software","Private","B2B","Yes","March 01, 2024","2000","2000","Debt","April 13, 2020","PPP","PPP","232 E Java Dr","Sunnyvale","California","94089","United States","232 E Java Dr, Sunnyvale, California, 94089, United States","5","","","","","","","instantexportexcel1789639591758"
"434308544","Canary Technologies","www.canarytechnologies.com","410","Employees.250to499","7371","7372","73;737;7371;7372;7374","513210","518210","51;513;5132;51321;513210;518;5182;51821;518210;54;541;5415;54151;541511;541512","Software","Customer Relationship Management (CRM) Software","Software","Customer Relationship Management (CRM) Software","software","software.crm","53586","https://app.zoominfo.com/#/apps/profile/company/434308544","http://www.linkedin.com/company/canarytech","http://www.facebook.com/canarytechnologies","http://www.x.com/canary_tech","Private","B2B","Yes","July 16, 2026","175350","80000","Series D","June 12, 2025","Brighton Park Capital;Insight Partners;Thayer Venture Group;F-Prime Capital;Y Combinator;Commerce Ventures","Y Combinator;Insight Partners;F-Prime Capital Partners;Commerce Ventures;Y Combinator;Thayer Ventures;F-Prime Capital Partners;PPP;Brighton Park Capital;Insight Partners;Thayer Venture Group;F-Prime Capital;Y Combinator;Commerce Ventures;Commerce Ventures;Y Combinator;Insight Partners","275 Sacramento St Fl 3","San Francisco","California","94111","United States","275 Sacramento St Fl 3, San Francisco, California, 94111, United States","2","","","","","","","instantexportexcel1789639591758"
"6340733","CallMiner","www.callminer.com","300","Employees.250to499","7372","7374","73;737;7372;7374;7379","513210","518210","51;513;5132;51321;513210;518;5182;51821;518210;54;541;5415;54151;541511;541512","Software","Business Intelligence (BI) Software","Software","Business Intelligence (BI) Software;Customer Relationship Management (CRM) Software","software","software.bi","2115634","https://app.zoominfo.com/#/apps/profile/company/6340733","http://www.linkedin.com/company/callminer","http://www.facebook.com/callminerinc","http://www.x.com/callminer","Private","B2B","Yes","March 23, 2026","138109","75000","Private Equity","December 16, 2019","Goldman Sachs","Florida Growth Fund;Inflexion Partners;Sigma Partners;Intersouth Partners;Florida Growth Fund;In-Q-Tel;Sigma Partners;Intersouth Partners;Village Ventures;Inflexion Fund LP;Inflexion Partners;Intersouth Partners;NewSpring Growth Capital;Sigma Partners;Florida Growth Fund;Intersouth Partners;NewSpring Capital;Goldman Sachs;Village Ventures;Intersouth Partners;Inflexion Partners;In-Q-Tel;Inflexion Partners;Sigma Partners;In-Q-Tel;Intersouth Partners;Inflexion Partners;Sigma Partners;Intersouth Partners","890 Winter St Ste 210","Waltham","Massachusetts","02451","United States","890 Winter St Ste 210, Waltham, Massachusetts, 02451, United States","3","","","","","","","instantexportexcel1789639591758"
"371699157","ZeroFox","www.zerofox.com","425","Employees.250to499","7372","7374","73;737;7372;7374;7379","513210","518210","51;513;5132;51321;513210;518;5182;51821;518210;54;541;5415;54151;541511;541512","Software","Security Software","Software","Security Software","software","software.security","412559","https://app.zoominfo.com/#/apps/profile/company/371699157","http://www.linkedin.com/company/zerofox","http://www.facebook.com/getzerofox","http://www.twitter.com/zerofox","Private","B2B","Yes","June 14, 2024","114185","74000","Unspecified","February 20, 2020","Hercules Capital;Redline Capital Management;Highland Capital Partners;Intel Capital;NEA;Core Capital","Kenneth Levine;Core Capital Partners LLP;Enrique Salem;ClearSlide;Todd Headley;TCP Venture Capital;Dingman Center Angels;Michael Fey;Genacast Ventures;Core Capital;Hercules Capital;Redline Capital Management;Highland Capital Partners;Intel Capital;NEA;Core Capital;Highland Capital Partners","1834 S Charles St","Baltimore","Maryland","21230","United States","1834 S Charles St, Baltimore, Maryland, 21230, United States","2","","","","","","","instantexportexcel1789639591758"
"13075524","Confluence","www.confluence.com","450","Employees.250to499","7372","7374","73;737;7372;7374;7379","513210","541511","51;513;5132;51321;513210;54;541;5415;54151;541511;541512;541513","Software","Content & Collaboration Software","Software;Business Services","Content & Collaboration Software;Management Consulting","software","software.contentcol","2432631","https://app.zoominfo.com/#/apps/profile/company/13075524","http://www.linkedin.com/company/confluence-technologies","http://www.facebook.com/confluencetech","http://www.twitter.com/confluencetech","Private","B2B","Yes","April 20, 2024","60000","0","Private Equity","March 19, 2018","TA Associates","TA Associates;Polaris Partners","1 Allegheny Sq Ste 800","Pittsburgh","Pennsylvania","15212","United States","1 Allegheny Sq Ste 800, Pittsburgh, Pennsylvania, 15212, United States","9","","","","","","","instantexportexcel1789639591758"
"22168276","Laserfiche","www.laserfiche.com","408","Employees.250to499","7371","7372","73;737;7371;7372;7379","513210","51321","51;513;5132;51321;513210","Software","Content & Collaboration Software","Software","Content & Collaboration Software","software","software.contentcol","114386","https://app.zoominfo.com/#/apps/profile/company/22168276","http://www.linkedin.com/company/laserfiche","http://www.facebook.com/laserfiche","http://www.twitter.com/laserfiche","Private","B2B","Yes","August 14, 2025","0","0","","","","","3443 Long Beach Blvd","Long Beach","California","90807","United States","3443 Long Beach Blvd, Long Beach, California, 90807, United States","4","","","","","","","instantexportexcel1789639591758"
"209682550","TVU Networks","www.tvunetworks.com","255","Employees.250to499","7372","7374","73;737;7372;7374;7379","513210","516210","51;513;5132;51321;513210;516;5162;51621;516210;518;5182;51821;518210","Business Services","Custom Software & IT Services","Business Services;Media & Internet;Software","Custom Software & IT Services;Broadcasting;Content & Collaboration Software","bizservice","bizservice.techconsulting","415276","https://app.zoominfo.com/#/apps/profile/company/209682550","http://www.linkedin.com/company/tvu-networks","http://www.facebook.com/tvunetworks","http://www.twitter.com/tvunetworks","Private","B2B","Yes","March 19, 2024","6049","1000","Debt","April 15, 2020","PPP","PPP","857 Maude Ave","Mountain View","California","94043","United States","857 Maude Ave, Mountain View, California, 94043, United States","2","","","","","","","instantexportexcel1789639591758"
"70910042","Vestmark","www.vestmark.com","400","Employees.250to499","7371","7372","73;737;7371;7372;7374;7379","541519","54151","54;541;5415;54151;541519","Software","Financial Software","Software;Business Services","Financial Software;Custom Software & IT Services","software","software.finance","2656958","https://app.zoominfo.com/#/apps/profile/company/70910042","http://www.linkedin.com/company/vestmark","http://www.facebook.com/vestmarkinc","http://www.twitter.com/vestmark","Private","B2B","Yes","November 15, 2023","50349","11650","Private Equity","September 25, 2017","","Vestigo Ventures;Summit Partners;Green D Ventures;Vestigo Ventures","100 Quannapowitt Pkwy Ste 205","Wakefield","Massachusetts","01880","United States","100 Quannapowitt Pkwy Ste 205, Wakefield, Massachusetts, 01880, United States","2","","","","","","","instantexportexcel1789639591758"
"474907172","Orca Security","orca.security","430","Employees.250to499","7372","7373","73;737;7372;7373;7379","513210","518210","51;513;5132;51321;513210;518;5182;51821;518210;54;541;5415;54151;541512","Software","Security Software","Software","Security Software","software","software.security","1057250","https://app.zoominfo.com/#/apps/profile/company/474907172","http://www.linkedin.com/company/orca-security","","http://www.twitter.com/orcasec","Private","B2B","Yes","April 22, 2024","782000","150000","Other Financing Round","July 06, 2021","Temasek","GGC Capital;Redpoint Ventures;ICONIQ Growth;CapitalG Management;YL Ventures;SVCI;GGV Capital;YL Ventures;GGV Capital;YL Ventures;ICONIQ Growth;Silicon Valley CISO Investments;Temasek","1455 NW Irving St Ste 390","Portland","Oregon","97209","United States","1455 NW Irving St Ste 390, Portland, Oregon, 97209, United States","3","","","","","","","instantexportexcel1789639591758"
"347516656","Splashtop","www.splashtop.com","329","Employees.250to499","7371","7372","73;737;7371;7372;7379","513210","51321","51;513;5132;51321;513210","Software","Networking Software","Software","Networking Software","software","software.network","46469","https://app.zoominfo.com/#/apps/profile/company/347516656","http://www.linkedin.com/company/splashtop-inc.","http://www.facebook.com/splashtop","http://www.twitter.com/splashtop","Private","B2B","Yes","May 22, 2024","90000","15000","Other Financing Round","March 10, 2021","Sapphire Ventures;Draper Dragon;Storm Ventures International","Storm Ventures;DFJ DragonFund;DFJ DragonFund;Storm Ventures;New Enterprise Associates;Sapphire Ventures;Draper Dragon;Storm Ventures International;Storm Ventures Group;NEA;Sapphire Ventures LLC;DFJ DragonFund","10050 N Wolfe Rd Ste Sw2s260","Cupertino","California","95014","United States","10050 N Wolfe Rd Ste Sw2s260, Cupertino, California, 95014, United States","1","","","","","","","instantexportexcel1789639591758"
"172228950","NetBrain","www.netbraintech.com","461","Employees.250to499","7371","7372","73;737;7371;7372;7379","541511","541519","54;541;5415;54151;541511;541519","Software","Networking Software","Software","Networking Software","software","software.network","449299","https://app.zoominfo.com/#/apps/profile/company/172228950","http://www.linkedin.com/company/240588","http://www.facebook.com/netbrains","http://www.twitter.com/netbraintechies","Private","B2B","Yes","June 28, 2024","30000","30000","Private Equity","April 06, 2014","Summit Partners","Summit Partners","15 Blue Sky Dr","Burlington","Massachusetts","01803","United States","15 Blue Sky Dr, Burlington, Massachusetts, 01803, United States","7","","","","","","","instantexportexcel1789639591758"
"118718550","US Signal","www.ussignal.com","423","Employees.250to499","7373","737","73;737;7373","541512","54151","54;541;5415;54151;541512","Software","Database & File Management Software","Software","Database & File Management Software","software","software.db","2194353","https://app.zoominfo.com/#/apps/profile/company/118718550","http://www.linkedin.com/company/us-signal","http://www.facebook.com/ussignalcom","http://www.x.com/ussignalcom","Private","B2B","Yes","June 13, 2024","2000","2000","Debt","April 03, 2020","PPP","PPP","201 Ionia Ave SW","Grand Rapids","Michigan","49503","United States","201 Ionia Ave SW, Grand Rapids, Michigan, 49503, United States","8","","","","","","","instantexportexcel1789639591758"
"395964867","Aqua Security","www.aquasec.com","500","Employees.500to999","7371","7372","73;737;7371;7372;7379","513210","518210","51;513;5132;51321;513210;518;5182;51821;518210;54;541;5415;54151;541511;541512","Software","Security Software","Software","Security Software","software","software.security","385681","https://app.zoominfo.com/#/apps/profile/company/395964867","http://www.linkedin.com/company/aquasecteam","http://www.facebook.com/aquasecteam","http://www.twitter.com/aquasecteam","Private","B2B","Yes","March 14, 2024","326000","195000","Series E","January 03, 2024","Evolution Equity Partners;M12 Ventures;ION Crossover Partners;TLV Partners;Lightspeed Venture Partners;Insight Partners;Greenspring Associates;Acrew Capital","PPP;M12;Insight Partners;TLV Partners;Shlomo Kramer;Lightspeed Venture Partners;Insight Partners;TLV Partners;Lightspeed Venture Partners;Greenspring Associates;Capital One;M12;TLV Partners;Shlomo Kramer;Shlomo Kramer;TLV Partners;Evolution Equity Partners;M12 Ventures;ION Crossover Partners;TLV Partners;Lightspeed Venture Partners;Insight Partners;Greenspring Associates;Acrew Capital","800 District Ave Ste 510","Burlington","Massachusetts","01803","United States","800 District Ave Ste 510, Burlington, Massachusetts, 01803, United States","4","","","","","","","instantexportexcel1789639591758"
"3392040","Aureon","www.aureon.com","500","Employees.500to999","4813","7374","48;481;4813;73;737;7374;7379","517111","541512","51;517;5171;51711;517111;54;541;5415;54151;541512;541513","Telecommunications","Internet Service Providers, Website Hosting & Internet-related Services","Telecommunications;Business Services","Internet Service Providers, Website Hosting & Internet-related Services;Custom Software & IT Services;Telephony & Wireless;HR & Staffing","telecom","telecom.internet","2861209","https://app.zoominfo.com/#/apps/profile/company/3392040","http://www.linkedin.com/company/aureon","http://www.facebook.com/aureon","http://www.twitter.com/aureon","Private","B2B","Yes","April 16, 2024","150","150","Debt","April 09, 2020","PPP","PPP","7760 Office Plaza Dr S","West Des Moines","Iowa","50266","United States","7760 Office Plaza Dr S, West Des Moines, Iowa, 50266, United States","3","","","","","","","instantexportexcel1789639591758"
"29638863","Parasoft","www.parasoft.com","338","Employees.250to499","7371","7372","73;737;7371;7372","513210","51321","51;513;5132;51321;513210","Software","Engineering Software","Software","Engineering Software","software","software.eng","409246","https://app.zoominfo.com/#/apps/profile/company/29638863","http://www.linkedin.com/company/parasoft","http://www.facebook.com/parasoftcorporation","http://www.twitter.com/parasoft","Private","B2B","Yes","August 29, 2023","1000","1000","Debt","April 15, 2020","PPP","PPP","101 E Huntington Dr Fl 2","Monrovia","California","91016","United States","101 E Huntington Dr Fl 2, Monrovia, California, 91016, United States","9","","","","","","","instantexportexcel1789639591758"
"346809642","Fortis","www.fortispay.com","500","Employees.500to999","6099","7372","60;609;6099;73;737;7372;7374","513210","518210","51;513;5132;51321;513210;518;5182;51821;518210","Finance","Credit Cards & Transaction Processing","Finance;Software","Credit Cards & Transaction Processing;Financial Software","finance","finance.creditcards","140449","https://app.zoominfo.com/#/apps/profile/company/346809642","http://www.linkedin.com/company/fortispay","http://www.facebook.com/fortispay","http://www.x.com/fortispay","Private","B2B","Yes","April 29, 2026","0","0","Unspecified","March 11, 2025","Lovell Minnick Partners;Audax Group","Lovell Minnick Partners;Audax Group","6111 W Plano Pkwy Ste 2700","Plano","Texas","75093","United States","6111 W Plano Pkwy Ste 2700, Plano, Texas, 75093, United States","4","","","","","","","instantexportexcel1789639591758"
"118243463","Trading Technologies","www.tradingtechnologies.com","500","Employees.500to999","7371","7372","73;737;7371;7372;7374;7379","513210","518210","51;513;5132;51321;513210;518;5182;51821;518210","Software","Financial Software","Software","Financial Software","software","software.finance","931944","https://app.zoominfo.com/#/apps/profile/company/118243463","http://www.linkedin.com/company/trading-technologies","http://www.facebook.com/tradingtechnologies","http://www.x.com/trading_tech","Private","B2B","Yes","April 07, 2026","0","0","Private Equity","November 09, 2025","Thoma Bravo","Thoma Bravo","1 S Wacker Dr Ste 1200","Chicago","Illinois","60606","United States","1 S Wacker Dr Ste 1200, Chicago, Illinois, 60606, United States","13","","","","","","","instantexportexcel1789639591758"
"37830826","Telestream","www.telestream.com","400","Employees.250to499","7371","7372","73;737;7371;7372;7379","513210","51321","51;513;5132;51321;513210","Software","Multimedia, Games & Graphics Software","Software","Multimedia, Games & Graphics Software","software","software.videogames","","https://app.zoominfo.com/#/apps/profile/company/37830826","http://www.linkedin.com/company/telestream","http://www.facebook.com/telestreaminc","http://www.twitter.com/telestream","Private","B2B","Yes","April 29, 2024","73621","54321","Private Equity","January 05, 2012","Thoma Bravo","Thoma Bravo","848 Gold Flat Rd","Nevada City","California","95959","United States","848 Gold Flat Rd, Nevada City, California, 95959, United States","3","","","","","","","instantexportexcel1789639591758"
"412338781","Immuta","www.immuta.com","250","Employees.250to499","7372","7374","73;737;7372;7374;7379","513210","518210","51;513;5132;51321;513210;518;5182;51821;518210;54;541;5415;54151;541511;541512","Software","Database & File Management Software","Software","Database & File Management Software;Security Software","software","software.db","1640874","https://app.zoominfo.com/#/apps/profile/company/412338781","http://www.linkedin.com/company/immuta","http://www.facebook.com/immuta","http://www.twitter.com/immutadata","Private","B2B","Yes","June 24, 2024","263186","0","Other Financing Round","May 04, 2023","Databricks","NGP Capital;Okta;Greenspring Associates;TenEleven Ventures;Intel Capital;DFJ Growth;March Capital;Wipro;Dell Technologies Capital;City Ventures;Draper Associates;Drive Capital;Greycroft Partners;Conversion Capital;ServiceNow;Dell Technologies Capital;NightDragon;Snowflake;Citi Ventures;Drive Capital;TenEleven Ventures;Dell Technologies;Intel Capital;Draper Associates;Greycroft Partners LLC;Blu Venture Investors;Databricks","25 Thomson Pl Ste 4","Boston","Massachusetts","02210","United States","25 Thomson Pl Ste 4, Boston, Massachusetts, 02210, United States","3","","","","","","","instantexportexcel1789639591758"
"51350867","LabVantage","www.labvantage.com","489","Employees.250to499","7371","7372","73;737;7371;7372","513210","541511","51;513;5132;51321;513210;54;541;5415;54151;541511;541512","Software","Healthcare Software","Software","Healthcare Software","software","software.health","889886","https://app.zoominfo.com/#/apps/profile/company/51350867","http://www.linkedin.com/company/labvantage","http://www.facebook.com/labvantage","http://www.twitter.com/labvantage","Private","B2B","Yes","April 07, 2024","2000","2000","Debt","May 03, 2020","PPP","PPP;Bregal Sagemount","265 Davidson Ave Ste 220","Somerset","New Jersey","08873","United States","265 Davidson Ave Ste 220, Somerset, New Jersey, 08873, United States","18","","","","","","","instantexportexcel1789639591758"
"19844368","Network Distribution","www.networkdistribution.com","216","Employees.100to249","7371","7372","73;737;7371;7372;7379","513210","51321","51;513;5132;51321;513210","Software","Supply Chain Management (SCM) Software","Software","Supply Chain Management (SCM) Software","software","software.scm","6882853","https://app.zoominfo.com/#/apps/profile/company/19844368","http://www.linkedin.com/company/networkdistribution","","","Private","B2B","Yes","June 12, 2024","2000","2000","Debt","April 10, 2020","PPP","PPP","1100 E Woodfield Rd","Schaumburg","Illinois","60173","United States","1100 E Woodfield Rd, Schaumburg, Illinois, 60173, United States","1","","","","","","","instantexportexcel1789639591758"
"358622149","NuWave Communications","www.nuwave.com","270","Employees.250to499","4813","7372","48;481;4813;73;737;7372;7374;7379","513210","517810","51;513;5132;51321;513210;517;5178;51781;517810;518;5182;51821;518210","Software","Networking Software","Software;Business Services","Networking Software;Custom Software & IT Services","software","software.network","4919502","https://app.zoominfo.com/#/apps/profile/company/358622149","http://www.linkedin.com/company/nuwave-holdings-inc","http://www.facebook.com/nuwavecommunications","http://www.twitter.com/nuwavecomm","Private","B2B","Yes","February 09, 2024","150","150","Debt","April 09, 2020","PPP","PPP","8275 S Eastern Ave Ste 266","Las Vegas","Nevada","89123","United States","8275 S Eastern Ave Ste 266, Las Vegas, Nevada, 89123, United States","2","","","","","","","instantexportexcel1789639591758"
"346196354","Taulia","www.taulia.com","425","Employees.250to499","7372","7374","73;737;7372;7374","513210","518210","51;513;5132;51321;513210;518;5182;51821;518210","Software","Financial Software","Software","Financial Software;Supply Chain Management (SCM) Software","software","software.finance","151956","https://app.zoominfo.com/#/apps/profile/company/346196354","http://www.linkedin.com/company/taulia","http://www.facebook.com/tauliallc","http://www.twitter.com/taulia","Private","B2B","Yes","September 29, 2025","6251728","0","Private Equity","January 27, 2022","SAP","Zouk Capital;Matrix Partners;Lakestar;DAG Ventures;Trinity Ventures;TELUS Ventures;Zouk Capital;Matrix Partners;Trinity Ventures;DAG Ventures;Matrix Partners;Trinity Ventures;SAP;Trinity Ventures;Matrix Partners;Prosperity7 Ventures;Ping An Global Voyager Fund;Zouk Capital;J.P. Morgan;PPP;Lakestar;EDBI;BBVA Ventures;DAG Ventures;QuestMark Partners;Trinity Ventures;Matrix Partners;BBVA;JPMorgan Chase;UBS;UniCredit;Zouk Capital","95 3rd St PMB 284","San Francisco","California","94103","United States","95 3rd St PMB 284, San Francisco, California, 94103, United States","7","","","","","","","instantexportexcel1789639591758"
"357832320","Invoca","www.invoca.com","415","Employees.250to499","7372","7374","73;737;7372;7374;7379","513210","518210","51;513;5132;51321;513210;518;5182;51821;518210;54;541;5415;54151;541511;541512","Software","Customer Relationship Management (CRM) Software","Software","Customer Relationship Management (CRM) Software","software","software.crm","893737","https://app.zoominfo.com/#/apps/profile/company/357832320","http://www.linkedin.com/company/invoca-com","http://www.facebook.com/invoca","http://www.x.com/invoca","Private","B2B","Yes","March 06, 2026","168500","83000","Series F","June 14, 2022","Silver Lake Waterman;Kingfisher Investment Advisors;Hollyport Capital;Upfront Ventures;Fenwick & West","Upfront Ventures;Rincon Venture Partners;Square 1 Bank;Upfront Ventures;Rincon Venture Partners;Persistence Partners;Accel Partners;Morgan Stanley Alternative Investment Partners;Upfront Ventures;Rincon Venture Partners;Salesforce Ventures;Silver Lake Waterman;Kingfisher Investment Advisors;Hollyport Capital;Upfront Ventures;Fenwick & West;PPP;Upfront Ventures;Rincon Venture Partners;Accel","8605 Santa Monica Blvd","West Hollywood","California","90069","United States","8605 Santa Monica Blvd, West Hollywood, California, 90069, United States","1","","","","","","","instantexportexcel1789639591758"
"58998805","WordStream Internet Marketing","www.wordstream.com","355","Employees.250to499","7311","7372","73;731;7311;737;7372;7379","513210","518210","51;513;5132;51321;513210;518;5182;51821;518210;54;541;5415;54151;541511;541512;541513;541519","Business Services","Advertising & Marketing","Business Services;Software","Advertising & Marketing;Business Intelligence (BI) Software","bizservice","bizservice.marketing","63772","https://app.zoominfo.com/#/apps/profile/company/58998805","http://www.linkedin.com/company/wordstream","http://www.facebook.com/wordstream","http://www.twitter.com/wordstream","Private","B2B","Yes","August 01, 2025","30040","12000","Series A","July 08, 2014","Baird Capital of Chicago;Egan-Managed Capital;Sigma Partners;Sigma + Partners;Baird Capital","Baird Capital of Chicago;Egan-Managed Capital;Sigma Partners;Sigma + Partners;Baird Capital;Sigma Partners;Egan Managed Capital;Baird Capital of Chicago;Sigma Partners;City National Bank;Sigma Partners;Egan-Managed Capital","101 Huntington Ave Ste 7000","Boston","Massachusetts","02199","United States","101 Huntington Ave Ste 7000, Boston, Massachusetts, 02199, United States","2","","","","","","","instantexportexcel1789639591758"
"34980169","SiliconExpert","www.siliconexpert.com","500","Employees.500to999","7372","7374","73;737;7372;7374;7379","513210","518210","51;513;5132;51321;513210;518;5182;51821;518210;54;541;5415;54151;541511","Software","Engineering Software","Software","Engineering Software;Supply Chain Management (SCM) Software","software","software.eng","370651","https://app.zoominfo.com/#/apps/profile/company/34980169","http://www.linkedin.com/company/siliconexpert-technologies","http://www.facebook.com/siliconexpert","http://www.twitter.com/siliconexpert","Private","B2B","Yes","September 29, 2025","0","0","","","","","9151 E Panorama Cir","Centennial","Colorado","80112","United States","9151 E Panorama Cir, Centennial, Colorado, 80112, United States","3","","","","","","","instantexportexcel1789639591758"
"32276938","RealNetworks","www.realnetworks.com","281","Employees.250to499","7372","7374","73;737;7372;7374;7379","513210","51321","51;513;5132;51321;513210","Software","Multimedia, Games & Graphics Software","Software","Multimedia, Games & Graphics Software","software","software.videogames","3951327","https://app.zoominfo.com/#/apps/profile/company/32276938","http://www.linkedin.com/company/realnetworks","","http://www.twitter.com/realnetworks","Private","B2B","Yes","July 22, 2024","71800","22300","Stock Issuance/Offering","April 27, 2021","","Rob Glaser;PPP","1501 1st Ave S Ste 600","Seattle","Washington","98134","United States","1501 1st Ave S Ste 600, Seattle, Washington, 98134, United States","3","","","","","","","instantexportexcel1789639591758"
"29918392","Lexipol","www.lexipol.com","420","Employees.250to499","7372","7374","73;737;7372;7374;7379;738;7389","513210","541512","51;513;5132;51321;513210;54;541;5415;54151;541512;5416;54161;541618","Software","Legal Software","Software;Business Services","Legal Software;Information & Document Management","software","software.legal","345581","https://app.zoominfo.com/#/apps/profile/company/29918392","http://www.linkedin.com/company/lexipol","http://www.facebook.com/lexipol","http://www.twitter.com/lexipol","Private","B2B","Yes","April 06, 2023","0","0","Private Equity","October 13, 2021","GTCR","GTCR","2611 Internet Blvd Ste 100","Frisco","Texas","75034","United States","2611 Internet Blvd Ste 100, Frisco, Texas, 75034, United States","2","","","","","","","instantexportexcel1789639591758"
"70811655","Verisys","www.verisys.com","300","Employees.250to499","7371","7372","73;737;7371;7372;7374;738;7389","518210","541511","51;518;5182;51821;518210;54;541;5415;54151;541511;541512","Software","Healthcare Software","Software;Business Services","Healthcare Software;Custom Software & IT Services","software","software.health","978374","https://app.zoominfo.com/#/apps/profile/company/70811655","http://www.linkedin.com/company/verisys-corporation","http://www.facebook.com/verisyscorp","http://www.twitter.com/verisyscorp","Private","B2B","Yes","June 12, 2024","0","0","Private Equity","March 13, 2017","Cressey & Company;Spectrum Equity","Cressey & Company;Spectrum Equity","9960 Corporate Campus Dr Ste 3000","Louisville","Kentucky","40223","United States","9960 Corporate Campus Dr Ste 3000, Louisville, Kentucky, 40223, United States","1","","","","","","","instantexportexcel1789639591758"
"18858733","ImageTrend","www.imagetrend.com","441","Employees.250to499","7371","7372","73;737;7371;7372;7379","513210","51321","51;513;5132;51321;513210","Software","Healthcare Software","Software","Healthcare Software","software","software.health","1609701","https://app.zoominfo.com/#/apps/profile/company/18858733","http://www.linkedin.com/company/imagetrend","http://www.facebook.com/imagetrendllc","http://www.twitter.com/imagetrend_llc","Private","B2B","Yes","September 09, 2026","2000","0","Private Equity","February 10, 2023","Welsh Carson Anderson & Stowe","PPP;Welsh Carson Anderson & Stowe","1305 Corporate Center Dr Ste 500","Eagan","Minnesota","55121","United States","1305 Corporate Center Dr Ste 500, Eagan, Minnesota, 55121, United States","3","","","","","","","instantexportexcel1789639591758"
"356199120","Innovapptive","www.innovapptive.com","250","Employees.250to499","7371","7372","73;737;7371;7372;7373","513210","518210","51;513;5132;51321;513210;518;5182;51821;518210","Software","Supply Chain Management (SCM) Software","Software","Supply Chain Management (SCM) Software;Mobile App Development","software","software.scm","3103925","https://app.zoominfo.com/#/apps/profile/company/356199120","http://www.linkedin.com/company/innovapptive-inc","http://www.facebook.com/innovapptive","http://www.twitter.com/innovapptive","Private","B2B","Yes","March 05, 2024","34065","0","Series B","May 04, 2023","Tiger Global Management;Vista Equity Partners","TriplePoint Venture Growth BDC;PPP;PPP;Tiger Global Management;Vista Equity Partners;Hyderabad Angels;Espresso Capital","24 Greenway Plz Ste 1501","Houston","Texas","77046","United States","24 Greenway Plz Ste 1501, Houston, Texas, 77046, United States","1","","","","","","","instantexportexcel1789639591758"
"1109945510","Auction.com","www.auction.com","500","Employees.500to999","6531","653","65;653;6531","531210","53121","53;531;5312;53121;531210","Real Estate","","Real Estate;Software","Mobile App Development","realestate","","24294","https://app.zoominfo.com/#/apps/profile/company/1109945510","http://www.linkedin.com/company/auction","http://www.facebook.com/auctioncom","http://www.x.com/auction","Private","B2B","Yes","April 07, 2026","0","0","","","","","1 Mauchly","Irvine","California","92618","United States","1 Mauchly, Irvine, California, 92618, United States","5","","","","","","","instantexportexcel1789639591758"
"235389233","QuestionPro","www.questionpro.com","300","Employees.250to499","7372","7374","73;737;7372;7374;7379","513210","518210","51;513;5132;51321;513210;518;5182;51821;518210","Software","Customer Relationship Management (CRM) Software","Software","Customer Relationship Management (CRM) Software","software","software.crm","9757","https://app.zoominfo.com/#/apps/profile/company/235389233","http://www.linkedin.com/company/questionpro","http://www.facebook.com/questionpro","http://www.twitter.com/questionpro","Private","B2B","Yes","July 13, 2026","150","150","Debt","April 15, 2020","PPP","PPP","12710 Research Blvd Ste 360","Austin","Texas","78759","United States","12710 Research Blvd Ste 360, Austin, Texas, 78759, United States","10","","","","","","","instantexportexcel1789639591758"
"31491164","Protegrity","www.protegrity.com","372","Employees.250to499","7371","7372","73;737;7371;7372;7379","541511","54151","54;541;5415;54151;541511","Software","Security Software","Software;Business Services","Security Software;Custom Software & IT Services","software","software.security","7277856","https://app.zoominfo.com/#/apps/profile/company/31491164","http://www.linkedin.com/company/protegrity","http://www.facebook.com/protegrityadvisors","http://www.twitter.com/protegrity","Private","B2B","Yes","March 02, 2026","2000","2000","Debt","April 30, 2020","PPP","PPP","2150 Post Rd Ste 300","Fairfield","Connecticut","06824","United States","2150 Post Rd Ste 300, Fairfield, Connecticut, 06824, United States","4","","","","","","","instantexportexcel1789639591758"
"367467293","Filevine","www.filevine.com","500","Employees.500to999","7372","7374","73;737;7372;7374;7379","513210","518210","51;513;5132;51321;513210;518;5182;51821;518210","Software","Legal Software","Software","Legal Software;Content & Collaboration Software","software","software.legal","184905","https://app.zoominfo.com/#/apps/profile/company/367467293","http://www.linkedin.com/company/filevine","http://www.facebook.com/filevineapp","http://www.x.com/filevine","Private","B2B","Yes","December 09, 2025","483800","260000","Other Financing Round","September 23, 2025","Accel;Insight Partners;Meritech Capital Partners;The Stepstone Group","Meritech Capital;StepStone Group;Signal Peak Ventures;Golub Capital;Jonathan Ord;vSpring Capital;Peak Ventures;Accel;Insight Partners;Meritech Capital Partners;The Stepstone Group","1260 E Stringham Ave Ste 600","Salt Lake City","Utah","84106","United States","1260 E Stringham Ave Ste 600, Salt Lake City, Utah, 84106, United States","4","","","","","","","instantexportexcel1789639591758"
"354036749","Cyara","www.cyara.com","313","Employees.250to499","7371","7372","73;737;7371;7372;7379","513210","518210","51;513;5132;51321;513210;518;5182;51821;518210","Software","Engineering Software","Software","Engineering Software","software","software.eng","3227634","https://app.zoominfo.com/#/apps/profile/company/354036749","http://www.linkedin.com/company/cyara","http://www.facebook.com/cyara","http://www.twitter.com/getcyara","Private","B2B","Yes","September 01, 2023","367690","342690","Private Equity","January 31, 2022","K1 Investment Management","Greenspring Associates;PeakSpan Capital;K1 Investment Management","14205 N Mo Pac Expy Ste 500","Austin","Texas","78728","United States","14205 N Mo Pac Expy Ste 500, Austin, Texas, 78728, United States","1","","","","","","","instantexportexcel1789639591758"
"371363453","ControlUp","www.controlup.com","400","Employees.250to499","7371","7373","73;737;7371;7373","513210","518210","51;513;5132;51321;513210;518;5182;51821;518210","Software","Storage & System Management Software","Software","Storage & System Management Software","software","software.storage","1131924","https://app.zoominfo.com/#/apps/profile/company/371363453","http://www.linkedin.com/company/controlup-technology","http://www.facebook.com/controllingup","http://www.x.com/controlup","Private","B2B","Yes","April 29, 2026","40200","27000","Series C","November 18, 2020","K1 Investment Management LLC;JVP Limited","K1 Investment Management LLC;JVP Limited;Jerusalem Venture Partners;K1 Investment Management;Jerusalem Venture Partners (JVP)","900 Front St Ste 350","San Francisco","California","94111","United States","900 Front St Ste 350, San Francisco, California, 94111, United States","3","","","","","","","instantexportexcel1789639591758"
"369747264","Nozomi Networks","www.nozominetworks.com","338","Employees.250to499","7371","7372","73;737;7371;7372;7373;7379","513210","541511","51;513;5132;51321;513210;54;541;5415;54151;541511;541512","Software","Security Software","Software","Security Software","software","software.security","1065235","https://app.zoominfo.com/#/apps/profile/company/369747264","http://www.linkedin.com/company/nozomi-networks-sa","http://www.facebook.com/nozominetworks","http://www.twitter.com/nozominetworks","Private","B2B","Yes","March 13, 2024","252499","100000","Series E","March 13, 2024","Honeywell;Mitsubishi Electric;Schneider Electric","Honeywell;Mitsubishi Electric;Schneider Electric;Energize Ventures;GGV Capital;Planven Investments;Lux Capital;THI Investments;GGV Capital;Planven Investments;Lux Capital;GGV Capital;Lux Capital;The Invenergy Future Fund;Planven Investments;In-Q-Tel;Honeywell Ventures","575 Market St Ste 3650","San Francisco","California","94105","United States","575 Market St Ste 3650, San Francisco, California, 94105, United States","5","","","","","","","instantexportexcel1789639591758"
"356814845","G2","www.g2.com","500","Employees.500to999","7371","737","73;737;7371","513210","541511","51;513;5132;51321;513210;54;541;5415;54151;541511;541512","Software","Business Intelligence (BI) Software","Software;Business Services","Business Intelligence (BI) Software;Information & Document Management","software","software.bi","18209","https://app.zoominfo.com/#/apps/profile/company/356814845","http://www.linkedin.com/company/g2dotcom","http://www.facebook.com/g2dotcom","http://www.x.com/g2dotcom","Private","B2B","Yes","July 20, 2026","358272","157000","Series D","June 22, 2021","Permira;Accel;Emergence Capital Partners;IVP","Hyde Park Venture Partners;Pritzker Group Venture Capital;High Alpha;Chicago Ventures;PPP;Accel;LinkedIn;Pritzker Group Venture Capital;LinkedIn;IVP CAPITAL;Emergence;Accel;Pritzker Group Venture Capital;IVP;Permira;Accel;Emergence Capital Partners;IVP","100 S Wacker Dr Ste 600","Chicago","Illinois","60606","United States","100 S Wacker Dr Ste 600, Chicago, Illinois, 60606, United States","3","","","","","","","instantexportexcel1789639591758"
"8454166","Cleo","www.cleo.com","400","Employees.250to499","7371","7372","73;737;7371;7372;7379","513210","518210","51;513;5132;51321;513210;518;5182;51821;518210","Software","Supply Chain Management (SCM) Software","Software","Supply Chain Management (SCM) Software","software","software.scm","1074580","https://app.zoominfo.com/#/apps/profile/company/8454166","http://www.linkedin.com/company/hicleo","http://www.facebook.com/cleoaustralia","http://www.twitter.com/cleoneverstops","Private","B2B","Yes","March 10, 2023","3500","0","Private Equity","June 09, 2021","H.I.G. Capital","H.I.G. Capital;Peterson Partners","4949 Harrison Ave Ste 200","Rockford","Illinois","61108","United States","4949 Harrison Ave Ste 200, Rockford, Illinois, 61108, United States","4","","","","","","","instantexportexcel1789639591758"
"374859487","Flock Freight","www.flockfreight.com","286","Employees.250to499","4731","473","47;473;4731","488510","48851","48;488;4885;48851;488510","Transportation","Freight & Logistics Services","Transportation;Software","Freight & Logistics Services;Supply Chain Management (SCM) Software","transportation","transportation.freight","344229","https://app.zoominfo.com/#/apps/profile/company/374859487","http://www.linkedin.com/company/flock-freight","http://www.facebook.com/flockfreight","http://www.x.com/flockfreight","Private","B2B","Yes","May 14, 2025","456500","60000","Series E","May 14, 2025","SignalFire;Bracket Capital;O’Neil Strategic Capital","Schematic Ventures;SignalFire;TenOneTen Ventures;Foundation Capital;GV;SignalFire;Bracket Capital;O’Neil Strategic Capital;GV;Eden Global Partners;GLP Capital Partners;SignalFire;SoftBank Group Corp;Susquehanna Private Capital;SignalFire;GLP Capital Partners LP;Google Ventures;Volvo Group Venture Capital;SoftBank Group;GLP Capital Partners;SignalFire","701 S Coast Highway 101","Encinitas","California","92024","United States","701 S Coast Highway 101, Encinitas, California, 92024, United States","2","","","","","","","instantexportexcel1789639591758"
"544992062","Cantaloupe","www.cantaloupe.com","356","Employees.250to499","7372","7374","73;737;7372;7374;7379","513210","518210","51;513;5132;51321;513210;518;5182;51821;518210","Software","Financial Software","Software","Financial Software","software","software.finance","643294","https://app.zoominfo.com/#/apps/profile/company/544992062","http://www.linkedin.com/company/cantaloupeinc","http://www.facebook.com/thecantaloupeinc","http://www.twitter.com/cantaloupeinc_","Public","B2B","Yes","December 07, 2025","112000","55000","Share Placement","February 25, 2021","","Antara Capital Master Fund LP;Antara Capital Master Fund LP;PPP;JPMorgan Chase Bank","101 Lindenwood Dr Ste 405","Malvern","Pennsylvania","19355","United States","101 Lindenwood Dr Ste 405, Malvern, Pennsylvania, 19355, United States","1","","","","","","","instantexportexcel1789639591758"
"350884310","Arteris IP","www.arteris.com","299","Employees.250to499","7371","7372","73;737;7371;7372;7379","513210","541511","51;513;5132;51321;513210;54;541;5415;54151;541511;541512","Software","Engineering Software","Software","Engineering Software","software","software.eng","1295230","https://app.zoominfo.com/#/apps/profile/company/350884310","http://www.linkedin.com/company/arteris","","http://www.x.com/arteris_noc","Public","B2B","Yes","November 18, 2024","114567","70000","Stock Issuance/Offering","October 27, 2021","","ARM;Qualcomm;PPP;TVM Capital;Crescendo Venture Management, LLP;DoCoMo Capital;Synopsys inc;Ventech Solutions;Crescendo Venture Management, LLP;TVM Capital;Synopsys, Inc;Ventech Solutions","900 E Hamilton Ave Ste 300","Campbell","California","95008","United States","900 E Hamilton Ave Ste 300, Campbell, California, 95008, United States","8","","","","","","","instantexportexcel1789639591758"
"2181505","Alepo Technologies","www.alepo.com","381","Employees.250to499","7371","7372","73;737;7371;7372;7379","513210","518210","51;513;5132;51321;513210;518;5182;51821;518210;54;541;5415;54151;541511;541512","Software","Customer Relationship Management (CRM) Software","Software","Customer Relationship Management (CRM) Software","software","software.crm","4352112","https://app.zoominfo.com/#/apps/profile/company/2181505","http://www.linkedin.com/company/alepo","http://www.facebook.com/alepou.ceramics","http://www.twitter.com/alepousa","Private","B2B","Yes","June 09, 2022","0","0","","","","","1606 Headway Cir","Austin","Texas","78754","United States","1606 Headway Cir, Austin, Texas, 78754, United States","1","","","","","","","instantexportexcel1789639591758"
"351843182","BirchStreet Systems","www.birchstreetai.com","405","Employees.250to499","7371","7372","73;737;7371;7372;7374","513210","518210","51;513;5132;51321;513210;518;5182;51821;518210;54;541;5415;54151;541511;541512;541513","Software","Supply Chain Management (SCM) Software","Software","Supply Chain Management (SCM) Software","software","software.scm","","https://app.zoominfo.com/#/apps/profile/company/351843182","http://www.linkedin.com/company/birchstreet-systems","http://www.facebook.com/birchstreet","http://www.twitter.com/birchstreetsys","Private","B2B","Yes","June 04, 2024","1000","0","Private Equity","January 27, 2022","Serent Capital;Parthenon Capital","Serent Capital;Parthenon Capital;PPP;Serent Capital","304 S Jones Blvd","Las Vegas","Nevada","89107","United States","304 S Jones Blvd, Las Vegas, Nevada, 89107, United States","1","","","","","","","instantexportexcel1789639591758"
"356612068","Cloudian","www.cloudian.com","220","Employees.100to249","7371","737","73;737;7371","541511","541519","54;541;5415;54151;541511;541519","Software","Storage & System Management Software","Software","Storage & System Management Software","software","software.storage","652869","https://app.zoominfo.com/#/apps/profile/company/356612068","http://www.linkedin.com/company/cloudian-inc","","http://www.twitter.com/cloudianstorage","Private","B2B","Yes","January 19, 2023","225100","23000","Other Financing Round","June 25, 2024","Morgan Stanley","Intel Capital;Goldman Sachs;PPP;Goldman Sachs;Intel Capital;Epsilon Venture Partners;INCJ;Lenovo;City National Bank;Eight Roads;Digital Alpha;PPP;INCJ;WS Investments;Goldman Sachs;Fidelity Eight Roads;Japan Post Investment Corporation;NTT DOCOMO Ventures;Digital Alpha;INCJ;Intel Capital;Morgan Stanley","177 Bovet Rd Ste 450","San Mateo","California","94402","United States","177 Bovet Rd Ste 450, San Mateo, California, 94402, United States","5","","","","","","","instantexportexcel1789639591758"
"74418989","Kayne Anderson","www.kayneanderson.com","350","Employees.250to499","6799","679","67;679;6799","523910","523940","52;523;5239;52391;523910;52394;523940","Finance","Investment Banking","Finance","Investment Banking;Venture Capital & Private Equity","finance","finance.investment","3336203","https://app.zoominfo.com/#/apps/profile/company/74418989","http://www.linkedin.com/company/kayne-anderson-capital-advisors","","","Private","B2B","Yes","August 18, 2026","130000","130000","Debt","August 15, 2017","","","2121 Avenue of the Stars Fl 9","Los Angeles","California","90067","United States","2121 Avenue of the Stars Fl 9, Los Angeles, California, 90067, United States","6","","","","","","","instantexportexcel1789639591758"
"91588614","Fusion Risk Management","www.fusionrm.com","264","Employees.250to499","7371","7372","73;737;7371;7372;7379","513210","541511","51;513;5132;51321;513210;54;541;5415;54151;541511;541512;541513","Software","Financial Software","Software","Financial Software","software","software.finance","3010842","https://app.zoominfo.com/#/apps/profile/company/91588614","http://www.linkedin.com/company/fusion-risk-management","http://www.facebook.com/fusionriskmanagement","http://www.twitter.com/fusionriskmgmt","Private","B2B","Yes","December 09, 2025","51400","0","Other Financing Round","April 26, 2023","Great Hill Partners","Great Hill Partners;Vista Equity Partners","2 N Riverside Plz Fl 10","Chicago","Illinois","60606","United States","2 N Riverside Plz Fl 10, Chicago, Illinois, 60606, United States","1","","","","","","","instantexportexcel1789639591758"
"371784351","H2O.ai","www.h2o.ai","321","Employees.250to499","7371","7372","73;737;7371;7372;7379","513210","51321","51;513;5132;51321;513210","Software","Engineering Software","Software","Engineering Software;Business Intelligence (BI) Software","software","software.eng","245672","https://app.zoominfo.com/#/apps/profile/company/371784351","http://www.linkedin.com/company/h2oai","http://www.facebook.com/h2oai","http://www.twitter.com/h2oai","Private","B2B","Yes","November 14, 2023","246100","100000","Series E","November 08, 2021","Goldman Sachs;CommBank;Celesta Capital;Crane Venture Partners;Pivot Investment Partners","Nexus Venture Partners;Transamerica Corporation;Capital One Growth Ventures;Rajesh Ambati;Nexus Venture Partners;SanDisk;Ash Bhardwaj;Rakesh Mathur;Goldman Sachs;Nexus Venture Partners;Anand Babu Periasamy;Wells Fargo;NVIDIA;Nexus Venture Partners;Goldman Sachs;CommBank;Celesta Capital;Crane Venture Partners;Pivot Investment Partners","2307 Leghorn St","Mountain View","California","94043","United States","2307 Leghorn St, Mountain View, California, 94043, United States","9","","","","","","","instantexportexcel1789639591758"
"72483692","Etap","www.etap.com","302","Employees.250to499","7371","7372","73;737;7371;7372","513210","51321","51;513;5132;51321;513210","Software","Engineering Software","Software","Engineering Software","software","software.eng","497126","https://app.zoominfo.com/#/apps/profile/company/72483692","http://www.linkedin.com/company/operation-technology-inc-","http://www.facebook.com/etappower","http://www.twitter.com/etapsoftware","Private","B2B","Yes","July 09, 2024","2000","2000","Debt","May 08, 2020","PPP","PPP","17 Goodyear Ste 125","Irvine","California","92618","United States","17 Goodyear Ste 125, Irvine, California, 92618, United States","7","","","","","","","instantexportexcel1789639591758"
"81955260","Jitterbit","www.jitterbit.com","500","Employees.500to999","7371","7372","73;737;7371;7372;7379","513210","518210","51;513;5132;51321;513210;518;5182;51821;518210","Software","Engineering Software","Software","Engineering Software;Mobile App Development","software","software.eng","726447","https://app.zoominfo.com/#/apps/profile/company/81955260","http://www.linkedin.com/company/jitterbit","http://www.facebook.com/jitterbit","http://www.twitter.com/jitterbit","Private","B2B","Yes","December 09, 2025","45000","0","Other Financing Round","April 10, 2023","Yukon Partners Management","Yukon Partners Management;KKR;KKR;Salesforce Ventures;Audax Management Company, LLC","1101 Marina Village Pkwy Ste 201","Alameda","California","94501","United States","1101 Marina Village Pkwy Ste 201, Alameda, California, 94501, United States","5","","","","","","","instantexportexcel1789639591758"
"350857349","Backblaze","www.backblaze.com","320","Employees.250to499","7372","7374","73;737;7372;7374","513210","518210","51;513;5132;51321;513210;518;5182;51821;518210","Software","Storage & System Management Software","Software","Storage & System Management Software","software","software.storage","55832","https://app.zoominfo.com/#/apps/profile/company/350857349","http://www.linkedin.com/company/backblaze","http://www.facebook.com/backblaze","http://www.twitter.com/backblaze","Public","B2B","Yes","June 05, 2025","7000","2000","Debt","April 14, 2020","PPP","TMT Investments;PPP","201 Baldwin Ave","San Mateo","California","94401","United States","201 Baldwin Ave, San Mateo, California, 94401, United States","1","","","","","","","instantexportexcel1789639591758"
"371826574","EasyPost","www.easypost.com","450","Employees.250to499","7372","7374","73;737;7372;7374;7379","513210","518210","51;513;5132;51321;513210;518;5182;51821;518210","Software","Supply Chain Management (SCM) Software","Software","Supply Chain Management (SCM) Software","software","software.scm","22636","https://app.zoominfo.com/#/apps/profile/company/371826574","http://www.linkedin.com/company/easypost","http://www.facebook.com/easypostco","http://www.twitter.com/easypost","Private","B2B","Yes","September 26, 2025","1200","0","Private Equity","January 06, 2014","Fritz Lanman;YC Partners;Founders Fund;Raj Sriram;Capricorn;Charlie Cheever;GV","Y Combinator;FundersClub Inc.;SV Angel;Streamlined Ventures;Fritz Lanman;YC Partners;Founders Fund;Raj Sriram;Capricorn;Charlie Cheever;GV","2889 W Ashton Blvd","Lehi","Utah","84043","United States","2889 W Ashton Blvd, Lehi, Utah, 84043, United States","1","","","","","","","instantexportexcel1789639591758"
"262291773","SnapLogic","www.snaplogic.com","300","Employees.250to499","7372","7374","73;737;7372;7374;7379","513210","518210","51;513;5132;51321;513210;518;5182;51821;518210","Software","Networking Software","Software","Networking Software","software","software.network","264372","https://app.zoominfo.com/#/apps/profile/company/262291773","http://www.linkedin.com/company/snaplogic","http://www.facebook.com/snaplogic","http://www.twitter.com/snaplogic","Private","B2B","Yes","June 24, 2024","395955","165000","Unspecified","December 13, 2021","Sixth Street Growth;Arrowroot Capital;Vitruvian;Andreessen Horowitz;Golub Capital","Triangle Peak Partners, LP;Andreessen Horowitz;Ignition Partners;Undisclsoed;NextEquity Partners;Vitruvian Partners;Capital One;Triangle Peak Partners;Andreessen Horowitz;Ignition Partners;Microsoft;Triangle Peak Partners;Silver Lake;Andreessen Horowitz;Ignition Partners;Andreessen Horowitz;Naval Ravikant;Maples Investments;Brian McClendon;Andreessen Horowitz;Sixth Street Growth;Arrowroot Capital;Vitruvian;Andreessen Horowitz;Golub Capital;Arrowroot Capital;Golub Capital;H. Barton Asset Management;Andreessen Horowitz;Ignition Partners;Triangle Peak Partners;Pharus Capital Management;Microsoft;Silver Lake;NextEquity Partners","1825 S Grant St Fl 5","San Mateo","California","94402","United States","1825 S Grant St Fl 5, San Mateo, California, 94402, United States","4","","","","","","","instantexportexcel1789639591758"
"371611019","FiscalNote","www.fiscalnote.com","370","Employees.250to499","7371","737","73;737;7371","513210","541511","51;513;5132;51321;513210;54;541;5415;54151;541511","Software","Business Intelligence (BI) Software","Software","Business Intelligence (BI) Software","software","software.bi","737766","https://app.zoominfo.com/#/apps/profile/company/371611019","http://www.linkedin.com/company/fiscalnote","http://www.facebook.com/fiscalnote","http://www.x.com/fiscalnote","Public","B2B","Yes","September 17, 2025","517800","250000","Debt","May 10, 2022","Runway Growth Capital;Atalaya;ORIX Growth Capital","New Enterprise Associates;Dorm Room Fund;Runway Growth Capital;Atalaya;ORIX Growth Capital;PPP;Visionnaire Ventures;645 Ventures;New Enterprise Associates;Renren;Green Visor Capital;SF Capital;Conversion Capital;Perle Ventures;Visionnaire Ventures;Arrowroot Capital;Runway Growth Capital LLC;Visionnaire Ventures;Mark Cuban;Jerry Yang;Steve Case;New Enterprise Associates;Renren","1201 Pennsylvania Ave NW Fl 6","Washington","District of Columbia","20004","United States","1201 Pennsylvania Ave NW Fl 6, Washington, District of Columbia, 20004, United States","2","","","","","","","instantexportexcel1789639591758"
"351136429","Cardlytics","www.cardlytics.com","275","Employees.250to499","7311","7371","73;731;7311;737;7371;7372;7374","513210","541810","51;513;5132;51321;513210;54;541;5418;54181;541810","Business Services","Advertising & Marketing","Business Services;Software","Advertising & Marketing;Customer Relationship Management (CRM) Software","bizservice","bizservice.marketing","76895","https://app.zoominfo.com/#/apps/profile/company/351136429","http://www.linkedin.com/company/cardlytics","http://www.facebook.com/cardlytics","","Public","B2B","Yes","August 12, 2026","276900","70000","Stock Issuance/Offering","February 09, 2018","","Groupe Aeroplan;Polaris Partners;Canaan Partners;Total Technology Ventures;ITC Holding Company;Kinetic Ventures;Discovery Capital;Canaan Partners;Aimia;Discovery Capital;National Electrical Benefit Fund;Columbia Partners Private Capital;West Coast Capital;Atlanta Ventures","675 Ponce De Leon Ave NE Ste 4100","Atlanta","Georgia","30308","United States","675 Ponce De Leon Ave NE Ste 4100, Atlanta, Georgia, 30308, United States","7","","","","","","","instantexportexcel1789639591758"
"345018708","Reputation","www.reputation.com","450","Employees.250to499","7371","737","73;737;7371","541519","54151","54;541;5415;54151;541519","Software","Customer Relationship Management (CRM) Software","Software;Business Services","Customer Relationship Management (CRM) Software;Advertising & Marketing","software","software.crm","45104","https://app.zoominfo.com/#/apps/profile/company/345018708","http://www.linkedin.com/company/reputation-com","","http://www.twitter.com/reputation_com","Private","B2B","Yes","July 11, 2024","268250","150000","Other Financing Round","January 25, 2022","Marlin Equity Partners","August Capital;River City Ventures;Ascension Ventures;Heritage Group;Kleiner Perkins;Industry Ventures;Akkadian Ventures;Icon Ventures;Bessemer Ventures;Kleiner Perkins Caufield & Byers;Bessemer Venture Partners;Icon Ventures;Bessemer Venture Partners;Uncork Capital;Focus Ventures;Kleiner Perkins;Ascension Ventures;August Capital;Bessemer Venture Partners;Icon Ventures;Floodgatehttps;Global Founders Capital;Amazon;Kleiner Perkins Caufield & Byers;Insight Venture Partners;Floodgate Fund;Bessemer Venture Partners;Icon Ventures;August Capital;Marlin Equity Partners;PPP;Heritage Group","6111 Bollinger Canyon Rd Ste 580","San Ramon","California","94583","United States","6111 Bollinger Canyon Rd Ste 580, San Ramon, California, 94583, United States","3","","","","","","","instantexportexcel1789639591758"
"370664303","Scylla","www.scylladb.com","255","Employees.250to499","7371","7372","73;737;7371;7372;7379","513210","518210","51;513;5132;51321;513210;518;5182;51821;518210;54;541;5415;54151;541511;541512;541513;541519","Software","Database & File Management Software","Software","Database & File Management Software","software","software.db","273461","https://app.zoominfo.com/#/apps/profile/company/370664303","http://www.linkedin.com/company/scylladb","http://www.facebook.com/scylladb","http://www.twitter.com/scylladb","Private","B2B","Yes","April 25, 2024","93000","43000","Series C","October 17, 2023","Qualcomm Ventures;Magma Venture Partners;Eight Roads","Western Digital;Magma Ventures;Samsung;Bessemer Venture Partners;Qualcomm Ventures;TLV Partners;Bessemer Venture Partners;Qualcomm Ventures;Eight Roads Ventures;Magma Venture Partners;Qualcomm Ventures;Magma Venture Partners;Bessemer Venture Partners;Qualcomm Ventures;Magma Venture Partners;Eight Roads;Innovation Endeavors;Wing Venture Capital;Bessemer Venture Partners","1309 S Mary Ave","Sunnyvale","California","94087","United States","1309 S Mary Ave, Sunnyvale, California, 94087, United States","3","","","","","","","instantexportexcel1789639591758"
"348864973","Muvi","www.muvi.com","250","Employees.250to499","7371","7372","73;737;7371;7372;7379","513210","518210","51;513;5132;51321;513210;518;5182;51821;518210","Software","Content & Collaboration Software","Software","Content & Collaboration Software;Mobile App Development","software","software.contentcol","275317","https://app.zoominfo.com/#/apps/profile/company/348864973","","","http://www.twitter.com/civitatis_en","Private","B2B","Yes","June 11, 2024","0","0","","","","","42241 Violet Mist Ter","Brambleton","Virginia","20148","United States","42241 Violet Mist Ter, Brambleton, Virginia, 20148, United States","2","","","","","","","instantexportexcel1789639591758"
"345713000","MariaDB","www.mariadb.com","303","Employees.250to499","7371","7372","73;737;7371;7372;7379","513210","518210","51;513;5132;51321;513210;518;5182;51821;518210","Software","Database & File Management Software","Software","Database & File Management Software","software","software.db","80431","https://app.zoominfo.com/#/apps/profile/company/345713000","http://www.linkedin.com/company/mariadb-corporation","http://www.facebook.com/mariadb.dbms","http://www.x.com/mariadb","Private","B2B","Yes","April 13, 2026","139984","52000","Series C","July 09, 2020","SmartFin;Intel Capital;OpenOcean;California Technology Ventures, LLC;GP Bullhound;Tesi;Alibaba Group","California Technology Ventures, LLC;Intel Capital;OpenOcean;Spintop Ventures;Finnish Industry Investment;Runa Capital;European Investment Bank;Alibaba Group;California Technology Ventures, LLC;Intel Capital;European Investment Bank;SmartFin;Intel Capital;OpenOcean;California Technology Ventures, LLC;GP Bullhound;Tesi;Alibaba Group;California Technology Ventures, LLC","699 Veterans Blvd","Redwood City","California","94063","United States","699 Veterans Blvd, Redwood City, California, 94063, United States","2","","","","","","","instantexportexcel1789639591758"
"353782621","Percona","www.percona.com","350","Employees.250to499","7371","7372","73;737;7371;7372;7379","513210","518210","51;513;5132;51321;513210;518;5182;51821;518210;54;541;5415;54151;541511;541512;541513;541519","Software","Database & File Management Software","Software;Business Services","Database & File Management Software;Custom Software & IT Services","software","software.db","151972","https://app.zoominfo.com/#/apps/profile/company/353782621","http://www.linkedin.com/company/421929","","http://www.twitter.com/percona","Private","B2B","Yes","December 04, 2023","1000","1000","Debt","April 27, 2020","PPP","PPP","318 Blackwell St Ste 150","Durham","North Carolina","27702","United States","318 Blackwell St Ste 150, Durham, North Carolina, 27702, United States","2","","","","","","","instantexportexcel1789639591758"
"369065752","Aviatrix","www.aviatrix.ai","300","Employees.250to499","7371","7372","73;737;7371;7372;7379","513210","518210","51;513;5132;51321;513210;518;5182;51821;518210;54;541;5415;54151;541511;541512","Software","Networking Software","Software","Networking Software","software","software.network","","https://app.zoominfo.com/#/apps/profile/company/369065752","http://www.linkedin.com/company/aviatrix-systems","http://www.facebook.com/aviatrix-inc-61571970394713","http://www.x.com/aviatrixtrc","Private","B2B","Yes","October 28, 2025","376000","200000","Series E","September 08, 2021","Tiger Global Management;Insight Partners;Technology Crossover Ventures","Tiger Global Management;Insight Partners;Technology Crossover Ventures;TrueBridge Capital Partners;General Catalyst Partners;Greenspring Associates Inc;Ignition Partners;Formation8;CRV;Formation8;Ignition Partners","2901 Tasman Dr Ste 109","Santa Clara","California","95054","United States","2901 Tasman Dr Ste 109, Santa Clara, California, 95054, United States","1","","","","","","","instantexportexcel1789639591758"
"347383675","Hazelcast","www.hazelcast.com","211","Employees.100to249","7371","7372","73;737;7371;7372;7379","513210","518210","51;513;5132;51321;513210;518;5182;51821;518210;54;541;5415;54151;541511;541512","Software","Database & File Management Software","Software","Database & File Management Software","software","software.db","504519","https://app.zoominfo.com/#/apps/profile/company/347383675","http://www.linkedin.com/company/hazelcast","http://www.facebook.com/hazelcast","http://www.twitter.com/hazelcast","Private","B2B","Yes","April 27, 2024","88164","50000","Series D","February 11, 2020","EBRD;C5 Capital;Earlybird Venture Capital;Capital One Growth Ventures;DEG;Bain Capital Ventures","Earlybird Venture Capital;Bain Capital Ventures;C5 Capital;Bain Capital Ventures;Earlybird Venture Capital;Capital One Growth Ventures;EBRD;C5 Capital;Earlybird Venture Capital;Capital One Growth Ventures;DEG;Bain Capital Ventures;Striim;Bain Capital Ventures","3000 El Camino Real Ste 200","Palo Alto","California","94306","United States","3000 El Camino Real Ste 200, Palo Alto, California, 94306, United States","2","","","","","","","instantexportexcel1789639591758"
"348025105","CentralReach","www.centralreach.com","400","Employees.250to499","7371","7372","73;737;7371;7372;7374;7379","513210","518210","51;513;5132;51321;513210;518;5182;51821;518210","Software","Healthcare Software","Software","Healthcare Software","software","software.health","8036","https://app.zoominfo.com/#/apps/profile/company/348025105","http://www.linkedin.com/company/centralreach","http://www.facebook.com/centralreach","http://www.x.com/centralreach","Private","B2B","Yes","April 07, 2026","0","0","","","","","6451 N Federal Hwy Ste 501","Fort Lauderdale","Florida","33308","United States","6451 N Federal Hwy Ste 501, Fort Lauderdale, Florida, 33308, United States","4","","","","","","","instantexportexcel1789639591758"
"73566724","MATRIXX Software","www.matrixx.com","366","Employees.250to499","7371","7372","73;737;7371;7372;7373","513210","518210","51;513;5132;51321;513210;518;5182;51821;518210;54;541;5415;54151;541511;541512","Software","Financial Software","Software","Financial Software","software","software.finance","4158660","https://app.zoominfo.com/#/apps/profile/company/73566724","http://www.linkedin.com/company/matrixx-software-inc-","http://www.facebook.com/matrixx-software-415643009182012","http://www.twitter.com/matrixx_sw","Private","B2B","Yes","June 09, 2024","118455","50000","Private Equity","October 15, 2021","Francisco Partners","Swisscom Ventures;Greylock;Tugboat Ventures;CK Hutchison;Spring Lake Equity Partners;Sutter Hill Ventures;Greylock Partners;Adams Street Partners;Swisscom Ventures;Greylock Partners;Tugboat Ventures;Adams Street Partners;Telstra;Swisscom Ventures;Innovacom;Innovacom;Adams Street Partners;Swisscom Ventures;PLDT capital;Francisco Partners","1098 Foster City Blvd Ste 106","Foster City","California","94404","United States","1098 Foster City Blvd Ste 106, Foster City, California, 94404, United States","3","","","","","","","instantexportexcel1789639591758"
"35504829","Softheon","www.softheon.com","250","Employees.250to499","7371","7372","73;737;7371;7372;7374;7379","513210","518210","51;513;5132;51321;513210;518;5182;51821;518210;54;541;5415;54151;541511;541512;541513","Software","Healthcare Software","Software","Healthcare Software","software","software.health","51226","https://app.zoominfo.com/#/apps/profile/company/35504829","http://www.linkedin.com/company/softheon","http://www.facebook.com/softheon","http://www.twitter.com/softheon","Private","B2B","Yes","April 18, 2024","0","0","","","","","1500 Stony Brook Rd","Stony Brook","New York","11794","United States","1500 Stony Brook Rd, Stony Brook, New York, 11794, United States","2","","","","","","","instantexportexcel1789639591758"
"43107912","OpenEye","www.openeye.net","284","Employees.250to499","7372","7374","73;737;7372;7374;7379;738;7382","513210","518210","51;513;5132;51321;513210;518;5182;51821;518210","Software","Security Software","Software;Business Services","Security Software;Custom Software & IT Services","software","software.security","490992","https://app.zoominfo.com/#/apps/profile/company/43107912","http://www.linkedin.com/company/openeyevideo","http://www.facebook.com/openeyevideo","http://www.twitter.com/openeyevideo","Private","B2B","Yes","February 10, 2026","0","0","","","","","1730 N Madson St","Liberty Lake","Washington","99019","United States","1730 N Madson St, Liberty Lake, Washington, 99019, United States","1","","","","","","","instantexportexcel1789639591758"
"367093451","Generate","www.generatecapital.com","200","Employees.100to249","6282","628","62;628;6282","523940","52394","52;523;5239;52394;523940","Finance","Venture Capital & Private Equity","Finance","Venture Capital & Private Equity","finance","finance.venturecapital","560637","https://app.zoominfo.com/#/apps/profile/company/367093451","http://www.linkedin.com/company/generatecapital","http://www.facebook.com/generatecapital","http://www.x.com/generatecapital","Private","B2B","Yes","September 09, 2026","242000","42000","Debt","October 20, 2025","","Alaska Permanent Fund","650 Davis St","San Francisco","California","94111","United States","650 Davis St, San Francisco, California, 94111, United States","4","","","","","","","instantexportexcel1789639591758"
"345685634","Actian","www.actian.com","365","Employees.250to499","7372","7374","73;737;7372;7374;7379","513210","518210","51;513;5132;51321;513210;518;5182;51821;518210","Software","Database & File Management Software","Software","Database & File Management Software;Business Intelligence (BI) Software","software","software.db","379755","https://app.zoominfo.com/#/apps/profile/company/345685634","http://www.linkedin.com/company/actian","","http://www.twitter.com/actiancorp","Private","B2B","Yes","May 24, 2024","0","0","","","","","2600 Great America Way Ste 401","Santa Clara","California","95054","United States","2600 Great America Way Ste 401, Santa Clara, California, 95054, United States","10","","","","","","","instantexportexcel1789639591758"
"347791238","TrueCar","www.truecar.com","230","Employees.100to249","7372","7374","73;737;7372;7374;7379","518210","541511","51;518;5182;51821;518210;54;541;5415;54151;541511;541512","Media & Internet","Data Collection & Internet Portals","Media & Internet;Business Services","Data Collection & Internet Portals;Custom Software & IT Services","media","media.data","4645","https://app.zoominfo.com/#/apps/profile/company/347791238","http://www.linkedin.com/company/truecar-inc-","http://www.facebook.com/truecar","http://www.twitter.com/truecar","Public","B2B","Yes","December 10, 2024","105475","69975","Stock Issuance/Offering","May 15, 2014","","USAA;GRP Partners;Silicon Valley Bank;Capricorn Investment Group","1401 Ocean Ave Ste 200","Santa Monica","California","90401","United States","1401 Ocean Ave Ste 200, Santa Monica, California, 90401, United States","1","","","","","","","instantexportexcel1789639591758"
"398392063","Blink Charging","www.blinkcharging.com","320","Employees.250to499","3629","4931","36;3629;369;49;493;4931;73;737;7372;7379","335999","518210","33;335;3359;33599;335999;51;518;5182;51821;518210","Manufacturing","Industrial Machinery & Equipment","Manufacturing;Consumer Services;Software","Industrial Machinery & Equipment;Automotive Service & Collision Repair;Networking Software","mfg","mfg.industrialmachinery","676881","https://app.zoominfo.com/#/apps/profile/company/398392063","http://www.linkedin.com/company/blinkcharging","http://www.facebook.com/blinkcharging","http://www.x.com/blinkcharging","Public","B2B","Yes","May 18, 2026","135401","100000","Stock Issuance/Offering","February 07, 2023","","Undisclosed;Undisclosed;BIRD Energy Program;Undisclosed","17301 Melford Blvd","Bowie","Maryland","20715","United States","17301 Melford Blvd, Bowie, Maryland, 20715, United States","23","","","","","","","instantexportexcel1789639591758"
"356915316","Allego","www.allego.com","500","Employees.500to999","7372","7374","73;737;7372;7374;7379","513210","518210","51;513;5132;51321;513210;518;5182;51821;518210","Software","Human Resources Software","Software","Human Resources Software;Content & Collaboration Software","software","software.hr","428073","https://app.zoominfo.com/#/apps/profile/company/356915316","http://www.linkedin.com/company/allego-inc-","http://www.facebook.com/allegoinc","http://www.twitter.com/allegosoftware","Private","B2B","Yes","February 27, 2024","7500","7500","Unspecified","July 12, 2018","General Catalyst","General Catalyst","300 5th Ave Fl 4","Waltham","Massachusetts","02451","United States","300 5th Ave Fl 4, Waltham, Massachusetts, 02451, United States","4","","","","","","","instantexportexcel1789639591758"
"354165979","Alert Enterprise","www.alertenterprise.com","250","Employees.250to499","7371","7372","73;737;7371;7372;7373;7379","541519","54151","54;541;5415;54151;541519","Software","Security Software","Software;Business Services","Security Software;Custom Software & IT Services","software","software.security","4882721","https://app.zoominfo.com/#/apps/profile/company/354165979","http://www.linkedin.com/company/alertenterprise","http://www.facebook.com/alertenterprise.inc","http://www.twitter.com/alertenterprise","Private","B2B","Yes","December 02, 2024","27350","350","Debt","May 04, 2020","PPP","Opus Capital;PPP;Opus Capital","4350 Starboard Dr","Fremont","California","94538","United States","4350 Starboard Dr, Fremont, California, 94538, United States","2","","","","","","","instantexportexcel1789639591758"
"409517791","Headspin","www.headspin.io","258","Employees.250to499","7371","7372","73;737;7371;7372;7379","513210","518210","51;513;5132;51321;513210;518;5182;51821;518210;54;541;5415;54151;541511","Software","Mobile App Development","Software","Mobile App Development","software","software.app","445746","https://app.zoominfo.com/#/apps/profile/company/409517791","http://www.linkedin.com/company/headspin","http://www.facebook.com/headspin.io","http://www.twitter.com/headspin_io","Private","B2B","Yes","June 10, 2024","80350","0","Private Equity","March 30, 2023","Atlassian Ventures","PPP;Dell Technologies;Kearny Jackson;TriplePoint Venture Growth BDC;ICONIQ Capital;Alpha Square Group;Atlassian Ventures","871 Marlborough Ave Ste 100","Riverside","California","92507","United States","871 Marlborough Ave Ste 100, Riverside, California, 92507, United States","2","","","","","","","instantexportexcel1789639591758"
"5739766","AireSpring","www.airespring.com","329","Employees.250to499","4812","7374","48;481;4812;73;737;7374;7379","517111","517121","51;517;5171;51711;517111;51712;517121","Telecommunications","Telephony & Wireless","Telecommunications","Telephony & Wireless;Internet Service Providers, Website Hosting & Internet-related Services","telecom","telecom.telephone","1908977","https://app.zoominfo.com/#/apps/profile/company/5739766","http://www.linkedin.com/company/airespring","","http://www.twitter.com/airespring","Private","B2B","Yes","April 24, 2026","2000","2000","Debt","April 07, 2020","PPP","PPP","600 Cleveland St Ste 226","Clearwater","Florida","33755","United States","600 Cleveland St Ste 226, Clearwater, Florida, 33755, United States","1","","","","","","","instantexportexcel1789639591758"
"18563750","iBASEt","www.ibaset.com","347","Employees.250to499","7373","737","73;737;7373","541512","54151","54;541;5415;54151;541512","Software","Engineering Software","Software","Engineering Software","software","software.eng","1363002","https://app.zoominfo.com/#/apps/profile/company/18563750","http://www.linkedin.com/company/ibaset","http://www.facebook.com/ibasetglobal","http://www.x.com/ibaset_global","Private","B2B","Yes","April 01, 2026","3991","0","Private Equity","March 31, 2026","TA Associates","TA Associates;PPP;PPP","26812 Vista Ter","Lake Forest","California","92630","United States","26812 Vista Ter, Lake Forest, California, 92630, United States","1","","","","","","","instantexportexcel1789639591758"
"371574015","CData Software","www.cdata.com","500","Employees.500to999","7372","7374","73;737;7372;7374;7379","513210","51321","51;513;5132;51321;513210","Software","Database & File Management Software","Software","Database & File Management Software","software","software.db","141351","https://app.zoominfo.com/#/apps/profile/company/371574015","http://www.linkedin.com/company/cdatasoftware","http://www.facebook.com/cdatasoftware","http://www.twitter.com/cdatasoftware","Private","B2B","Yes","June 07, 2024","160000","0","Private Equity","June 29, 2024","Accel;Warburg Pincus","Updata Partners;Accel;Warburg Pincus;Updata Partners","101 Europa Dr Ste 110","Chapel Hill","North Carolina","27517","United States","101 Europa Dr Ste 110, Chapel Hill, North Carolina, 27517, United States","1","","","","","","","instantexportexcel1789639591758"
"355908954","HomeLight","www.homelight.com","400","Employees.250to499","6531","7372","65;653;6531;73;737;7372;7379","531390","53139","53;531;5313;53139;531390","Real Estate","","Real Estate;Software","Mobile App Development","realestate","","44306","https://app.zoominfo.com/#/apps/profile/company/355908954","http://www.linkedin.com/company/homelight","","http://www.twitter.com/homelightapp","Private","B2B","Yes","July 08, 2024","504500","180000","Series D","August 26, 2024","Stereo Capital;Lydia Jett;Group 11;Zeev Ventures;Menlo Ventures","Credit Suisse;Stereo Capital;Lydia Jett;Group 11;Zeev Ventures;Menlo Ventures;IT Ventures;Google Ventures;PPP;FundersClub;Stereo Capital;Group 11;Croslsink Capital;Menlo Ventures;Zeev Ventures;Krillion Ventures;Bullpen Capital;Montage Ventures;Innovation Endeavors;500.com;Western Technology Investment;Krillion Ventures;Bullpen Capital;Montage Ventures;Crosslink Capital;Innovation Endeavors;Citi Ventures;Menlo Ventures;SGVC;Crosslink Capital","1375 N Scottsdale Rd Ste 140","Scottsdale","Arizona","85257","United States","1375 N Scottsdale Rd Ste 140, Scottsdale, Arizona, 85257, United States","7","","","","","","","instantexportexcel1789639591758"
"368150171","Swimlane","www.swimlane.com","270","Employees.250to499","7371","7372","73;737;7371;7372;7373;7379","513210","518210","51;513;5132;51321;513210;518;5182;51821;518210;54;541;5415;54151;541511;541512","Software","Security Software","Software","Security Software","software","software.security","1354721","https://app.zoominfo.com/#/apps/profile/company/368150171","http://www.linkedin.com/company/swimlane","http://www.facebook.com/getswimlane","http://www.x.com/swimlane","Private","B2B","Yes","June 10, 2025","333346","142996","Stock/Share Issuance","October 06, 2025","","angel investors;Energy Impact Partners;PPP;EIP;Trinity Capital;Energy Impact Partners;Activate Capital","999 18th St Ste 2201N","Denver","Colorado","80202","United States","999 18th St Ste 2201N, Denver, Colorado, 80202, United States","2","","","","","","","instantexportexcel1789639591758"
"354281890","Aisera","www.aisera.com","250","Employees.250to499","7371","7372","73;737;7371;7372;7379","513210","518210","51;513;5132;51321;513210;518;5182;51821;518210;54;541;5415;54151;541511;541512","Software","Engineering Software","Software","Engineering Software;Human Resources Software","software","software.eng","797430","https://app.zoominfo.com/#/apps/profile/company/354281890","http://www.linkedin.com/company/aisera","http://www.facebook.com/aisera","http://www.x.com/aisera_ai","Private","B2B","Yes","May 19, 2026","164000","90000","Series D","August 03, 2022","Growth Equity Partners;Goldman Sachs;THOMABRAVO","Maynard Webb Investments;Ram Shriram;First Round Capital;Menlo Ventures;True Ventures;Norwest Venture Partners;Khosla Ventures;Growth Equity Partners;Goldman Sachs;THOMABRAVO;Menlo Ventures;True Ventures;World Innovation Lab;Icon Ventures;Norwest Venture Partners","2953 Bunker Hill Ln Ste 305","Santa Clara","California","95054","United States","2953 Bunker Hill Ln Ste 305, Santa Clara, California, 95054, United States","2","","","","","","","instantexportexcel1789639591758"
"356287727","Persado","www.persado.com","400","Employees.250to499","7371","7372","73;737;7371;7372;7379","513210","518210","51;513;5132;51321;513210;518;5182;51821;518210","Software","Customer Relationship Management (CRM) Software","Software;Business Services","Customer Relationship Management (CRM) Software;Advertising & Marketing","software","software.crm","525986","https://app.zoominfo.com/#/apps/profile/company/356287727","http://www.linkedin.com/company/persado","http://www.facebook.com/persado","http://www.twitter.com/persado","Private","B2B","Yes","December 17, 2023","66000","30000","Series C","April 04, 2016","Bain Capital Ventures;American Express;Goldman Sachs;StarVest Partners","Startup Capital Ventures;Bain & Company;Citi Ventures;Bain Capital Ventures;Bain Capital Ventures;American Express;Goldman Sachs;StarVest Partners","11 E 26th St Fl 15","New York","New York","10010","United States","11 E 26th St Fl 15, New York, New York, 10010, United States","3","","","","","","","instantexportexcel1789639591758"
"357858552","eClinical Solutions","www.eclinicalsol.com","400","Employees.250to499","7372","7374","73;737;7372;7374;87;873;8731","513210","518210","51;513;5132;51321;513210;518;5182;51821;518210;54;541;5415;54151;541511;541512","Software","Healthcare Software","Software","Healthcare Software;Database & File Management Software;Business Intelligence (BI) Software","software","software.health","502820","https://app.zoominfo.com/#/apps/profile/company/357858552","http://www.linkedin.com/company/eclinical-solutions","http://www.facebook.com/eclinical-solutions-318822808255779","http://www.twitter.com/eclinical_sol","Private","B2B","Yes","April 29, 2024","0","0","Unspecified","September 12, 2024","GI Partners","GI Partners;Summit Partners","603 West St","Mansfield","Massachusetts","02048","United States","603 West St, Mansfield, Massachusetts, 02048, United States","1","","","","","","","instantexportexcel1789639591758"
"412828341","Sentry","www.sentry.io","447","Employees.250to499","7371","7372","73;737;7371;7372;7379","513210","51321","51;513;5132;51321;513210","Software","Engineering Software","Software","Engineering Software;Storage & System Management Software","software","software.eng","14927","https://app.zoominfo.com/#/apps/profile/company/412828341","http://www.linkedin.com/company/getsentry","","http://www.twitter.com/getsentry","Private","B2B","Yes","December 22, 2025","215000","90000","Series E","May 04, 2022","BOND;New Enterprise Associates;Accel;K5 Global","BOND;New Enterprise Associates;Accel;NEA;Accel;New Enterprise Associates;Accel;National Education Association;BOND;New Enterprise Associates;Accel;K5 Global","45 Fremont St Fl 8","San Francisco","California","94105","United States","45 Fremont St Fl 8, San Francisco, California, 94105, United States","1","","","","","","","instantexportexcel1789639591758"
"1788163","Aeris Communications","www.aeris.com","275","Employees.250to499","7372","7374","73;737;7372;7374;7379","513210","517112","51;513;5132;51321;513210;517;5171;51711;517112;518;5182;51821;518210","Business Services","Custom Software & IT Services","Business Services;Software;Telecommunications","Custom Software & IT Services;Networking Software;Telephony & Wireless","bizservice","bizservice.techconsulting","1999199","https://app.zoominfo.com/#/apps/profile/company/1788163","http://www.linkedin.com/company/aeris-communications","http://www.facebook.com/aeriscommunications","http://www.twitter.com/aerism2m","Private","B2B","Yes","October 31, 2023","3000","0","Other Financing Round","November 21, 2025","TA Associates","PPP;TA Associates","1731 Technology Dr Ste 800","San Jose","California","95110","United States","1731 Technology Dr Ste 800, San Jose, California, 95110, United States","3","","","","","","","instantexportexcel1789639591758"
"607098","Advantive","www.advantive.com","500","Employees.500to999","7371","7372","73;737;7371;7372;7373","513210","51321","51;513;5132;51321;513210","Software","Enterprise Resource Planning (ERP) Software","Software","Enterprise Resource Planning (ERP) Software","software","software.erp","2015290","https://app.zoominfo.com/#/apps/profile/company/607098","http://www.linkedin.com/company/advantive-software","","http://www.twitter.com/advantive_","Private","B2B","Yes","May 27, 2026","0","0","Private Equity","January 01, 2022","TA Associates","TA Associates","4221 W Boy Scout Blvd Ste 390","Tampa","Florida","33607","United States","4221 W Boy Scout Blvd Ste 390, Tampa, Florida, 33607, United States","1","","","","","","","instantexportexcel1789639591758"
"373535396","Kustomer","www.kustomer.com","292","Employees.250to499","7372","7374","73;737;7372;7374;7379","513210","518210","51;513;5132;51321;513210;518;5182;51821;518210;54;541;5415;54151;541511","Software","Customer Relationship Management (CRM) Software","Software","Customer Relationship Management (CRM) Software","software","software.crm","686460","https://app.zoominfo.com/#/apps/profile/company/373535396","http://www.linkedin.com/company/kustomer","http://www.facebook.com/heykustomer","http://www.x.com/kustomer","Private","B2B","Yes","August 08, 2025","293500","30000","Series B","August 07, 2025","Norwest Venture Partners;Battery Ventures;Redpoint Ventures;Boldstart Ventures","TriplePoint Venture Growth BDC;Battery Ventures;Norwest Venture Partners;Battery Ventures;Redpoint Ventures;Boldstart Ventures;Battery Ventures;Redpoint Ventures;Plug and Play;BoxGroup;Boldstart Ventures;Social Leverage;George Hu;Plug and Play;Canaan Partners;Boldstart Ventures;Jeffrey Leventhal;BoxGroup;Alex Bard;Boldstart Ventures;Social Leverage;Redpoint Ventures;Cisco Investments;Battery Ventures;Canaan Partners;Coatue;Battery Ventures;TriplePoint Venture Growth BDC","830 Morris Tpke Fl 4","Short Hills","New Jersey","07078","United States","830 Morris Tpke Fl 4, Short Hills, New Jersey, 07078, United States","2","","","","","","","instantexportexcel1789639591758"
"60884997","DigitalBridge","www.digitalbridge.com","311","Employees.250to499","6799","679","67;679;6799","523910","523940","52;523;5239;52391;523910;52394;523940","Finance","Venture Capital & Private Equity","Finance;Holding Companies & Conglomerates","Venture Capital & Private Equity","finance","finance.venturecapital","913388","https://app.zoominfo.com/#/apps/profile/company/60884997","http://www.linkedin.com/company/digital-bridge-group","","http://www.x.com/dbrg_group","Public","B2B","Yes","July 06, 2026","0","0","","","","","750 Park of Commerce Dr Ste 210","Boca Raton","Florida","33487","United States","750 Park of Commerce Dr Ste 210, Boca Raton, Florida, 33487, United States","3","","","","","","","instantexportexcel1789639591758"
"18777379","Datacor","www.datacor.com","343","Employees.250to499","7371","7372","73;737;7371;7372;7373","513210","51321","51;513;5132;51321;513210","Software","Enterprise Resource Planning (ERP) Software","Software","Enterprise Resource Planning (ERP) Software;Customer Relationship Management (CRM) Software","software","software.erp","2488099","https://app.zoominfo.com/#/apps/profile/company/18777379","http://www.linkedin.com/company/datacorinc","http://www.facebook.com/datacor","http://www.x.com/datacor","Private","B2B","Yes","March 02, 2026","0","0","","","","","200 Campus Dr Ste 100","Florham Park","New Jersey","07932","United States","200 Campus Dr Ste 100, Florham Park, New Jersey, 07932, United States","1","","","","","","","instantexportexcel1789639591758"
"450655734","Moveworks","www.moveworks.com","485","Employees.250to499","7371","7372","73;737;7371;7372;7379","513210","518210","51;513;5132;51321;513210;518;5182;51821;518210;54;541;5415;54151;541511","Software","Content & Collaboration Software","Software","Content & Collaboration Software","software","software.contentcol","492156","https://app.zoominfo.com/#/apps/profile/company/450655734","http://www.linkedin.com/company/moveworksai","http://www.facebook.com/moveworksai","http://www.twitter.com/moveworks","Private","B2B","Yes","September 29, 2025","305000","200000","Series C","June 30, 2021","Tiger Global Management;Lightspeed Venture Partners;Alkeon Capital Management;Bain Capital","Sapphire Ventures;Comerica;Lightspeed Venture Parnters;Kleiner Perkins;Iconiq Capital;John W. Thompson;Bain Capital Ventures;Tiger Global Management;Lightspeed Venture Partners;Alkeon Capital Management;Bain Capital","1277 Terra Bella Ave","Mountain View","California","94043","United States","1277 Terra Bella Ave, Mountain View, California, 94043, United States","4","","","","","","","instantexportexcel1789639591758"
"365401547","VideoAmp","www.videoamp.com","300","Employees.250to499","7371","7372","73;737;7371;7372;7374;7379","541511","54151","54;541;5415;54151;541511","Business Services","Custom Software & IT Services","Business Services;Software","Custom Software & IT Services;Advertising & Marketing;Business Intelligence (BI) Software","bizservice","bizservice.techconsulting","2743572","https://app.zoominfo.com/#/apps/profile/company/365401547","http://www.linkedin.com/company/videoamp","http://www.facebook.com/videoampofficial","http://www.twitter.com/video_amp","Private","B2B","Yes","May 30, 2024","610600","150000","Series G","September 13, 2023","Vista Equity Partners","Capital IP Investment Partners;The Raine Group;Epiq Capital Group;Tiger Global;Ankona Capital;D1 Capital Partners;The Spruce House Partnership;RTL Group;Startup Capital Ventures;Simon Equity Partners;Wavemaker Partners;ZenShin Capital;Anthem Venture Partners;Anthem Venture Partners;Simon Equity Partners;ZenShin Capital;Wavemaker Partners;PPP;Simon Equity Partners;GoAhead Ventures;Startup Capital Ventures;Wavemaker Partners;Mediaocean;Anthem Venture Partners;RTL Group;Vista Equity Partners","12121 Bluff Creek Dr Ste 150","Los Angeles","California","90064","United States","12121 Bluff Creek Dr Ste 150, Los Angeles, California, 90064, United States","1","","","","","","","instantexportexcel1789639591758"
"31342733","Procare Solutions","www.procaresoftware.com","303","Employees.250to499","7372","7374","73;737;7372;7374;7379","513210","51321","51;513;5132;51321;513210","Software","Enterprise Resource Planning (ERP) Software","Software","Enterprise Resource Planning (ERP) Software","software","software.erp","313135","https://app.zoominfo.com/#/apps/profile/company/31342733","http://www.linkedin.com/company/procaresolutions","","http://www.twitter.com/procaresoftware","Private","B2B","Yes","April 07, 2026","0","0","Private Equity","August 06, 2018","Warburg Pincus","TA Associates;Warburg Pincus","1125 17th St Ste 1800","Denver","Colorado","80202","United States","1125 17th St Ste 1800, Denver, Colorado, 80202, United States","2","","","","","","","instantexportexcel1789639591758"
"369058720","Pipefy","www.pipefy.com","500","Employees.500to999","7371","7372","73;737;7371;7372;7379","513210","518210","51;513;5132;51321;513210;518;5182;51821;518210","Software","Content & Collaboration Software","Software","Content & Collaboration Software","software","software.contentcol","28137","https://app.zoominfo.com/#/apps/profile/company/369058720","http://www.linkedin.com/company/pipefy","http://www.facebook.com/pipefy","http://www.twitter.com/pipefy","Private","B2B","Yes","May 06, 2024","124172","75000","Series C","October 26, 2021","Steadfast Capital Management;Insight Partners;SoftBank Group Corp;Redpoint eVentures","Valor Capital Group;500.com;Redpoint eVentures;Steadfast Capital Management;Insight Partners;SoftBank Group Corp;Redpoint eVentures;Trinity Ventures;Insight Partners;OpenView;Valor Capital Group;AngelList;500.com;Redpoint eVentures;FundersClub, Inc.;Trinity Ventures","10 Jackson St","San Francisco","California","94111","United States","10 Jackson St, San Francisco, California, 94111, United States","1","","","","","","","instantexportexcel1789639591758"
"357351022","Agiloft","www.agiloft.com","315","Employees.250to499","7371","7372","73;737;7371;7372;7379","513210","51321","51;513;5132;51321;513210","Software","Legal Software","Software","Legal Software;Supply Chain Management (SCM) Software","software","software.legal","168336","https://app.zoominfo.com/#/apps/profile/company/357351022","http://www.linkedin.com/company/agiloft","http://www.facebook.com/agiloft","http://www.twitter.com/agiloft","Private","B2B","Yes","June 30, 2024","45350","45000","Private Equity","August 17, 2020","FTV Capital","FTV Capital;PPP","303 Twin Dolphin Dr","Redwood City","California","94065","United States","303 Twin Dolphin Dr, Redwood City, California, 94065, United States","2","","","","","","","instantexportexcel1789639591758"
"401823710","Nextworld","www.nextw.com","450","Employees.250to499","7374","737","73;737;7374","513210","518210","51;513;5132;51321;513210;518;5182;51821;518210","Software","Enterprise Resource Planning (ERP) Software","Software","Enterprise Resource Planning (ERP) Software","software","software.erp","4919522","https://app.zoominfo.com/#/apps/profile/company/401823710","http://www.linkedin.com/company/nextworld","http://www.facebook.com/placeholder_426008180_2022120811110111-1862592","http://www.twitter.com/nextworldinc","Private","B2B","Yes","July 24, 2026","67000","65000","Series F","February 04, 2025","","PPP","8200 E Maplewood Ave","Greenwood Village","Colorado","80111","United States","8200 E Maplewood Ave, Greenwood Village, Colorado, 80111, United States","1","","","","","","","instantexportexcel1789639591758"
"48205290","Future Tech Enterprise","www.ftei.com","305","Employees.250to499","6153","6719","6153;67;671;6719;672;6722;6726;679","523910","523940","52;523;5239;52391;523910;52394;523940","Finance","Venture Capital & Private Equity","Finance","Venture Capital & Private Equity","finance","finance.venturecapital","5165670","https://app.zoominfo.com/#/apps/profile/company/48205290","http://www.linkedin.com/company/future-tech","","http://www.twitter.com/crn","Private","B2B","Yes","October 19, 2023","2000","2000","Debt","April 09, 2020","PPP","PPP","500 E Broward Blvd","Fort Lauderdale","Florida","33394","United States","500 E Broward Blvd, Fort Lauderdale, Florida, 33394, United States","2","","","","","","","instantexportexcel1789639591758"
"66800452","Minitab","www.minitab.com","374","Employees.250to499","7372","7379","73;737;7372;7379","513210","541511","51;513;5132;51321;513210;54;541;5415;54151;541511;61;611;6114;61142;611420","Software","Business Intelligence (BI) Software","Software;Education","Business Intelligence (BI) Software;Training","software","software.bi","71382","https://app.zoominfo.com/#/apps/profile/company/66800452","http://www.linkedin.com/company/minitab","http://www.facebook.com/minitab","http://www.twitter.com/minitab","Private","B2B","Yes","December 09, 2025","5000","5000","Debt","April 07, 2020","PPP","PPP","1829 Pine Hall Rd","State College","Pennsylvania","16801","United States","1829 Pine Hall Rd, State College, Pennsylvania, 16801, United States","7","","","","","","","instantexportexcel1789639591758"
"447341134","OpsRamp","www.opsramp.com","250","Employees.250to499","7372","7374","73;737;7372;7374;7379","513210","518210","51;513;5132;51321;513210;518;5182;51821;518210","Software","Storage & System Management Software","Software","Storage & System Management Software","software","software.storage","1318552","https://app.zoominfo.com/#/apps/profile/company/447341134","http://www.linkedin.com/company/opsramp","http://www.facebook.com/opsramphq","http://www.twitter.com/opsramp","Private","B2B","Yes","January 03, 2025","57500","37500","Corporate Investment","January 30, 2020","Hewlett Packard Enterprise Company;Morgan Stanley & Co.","Sapphire Ventures;Hewlett Packard Enterprise Company;Morgan Stanley & Co.","2590 N 1st St Ste 200","San Jose","California","95131","United States","2590 N 1st St Ste 200, San Jose, California, 95131, United States","5","","","","","","","instantexportexcel1789639591758"
"6358924","Autonomous Solution","www.asirobots.com","500","Employees.500to999","3599","7373","35;359;3599;73;737;7373;87;871;8711","541511","541512","54;541;5415;54151;541511;541512;5417;54171;541715","Software","Engineering Software","Software;Manufacturing","Engineering Software;Industrial Machinery & Equipment","software","software.eng","5017594","https://app.zoominfo.com/#/apps/profile/company/6358924","http://www.linkedin.com/company/autonomous-solutions","","http://www.x.com/asirobots","Private","B2B","Yes","October 01, 2025","2000","2000","Debt","April 04, 2020","PPP","PPP","990 N 8000 W","Mendon","Utah","84325","United States","990 N 8000 W, Mendon, Utah, 84325, United States","1","","","","","","","instantexportexcel1789639591758"
"14571517","apexanalytix","www.apexanalytix.com","349","Employees.250to499","7372","7374","73;737;7372;7374;7379","513210","518210","51;513;5132;51321;513210;518;5182;51821;518210;54;541;5415;54151;541511;541512","Software","Supply Chain Management (SCM) Software","Software;Business Services","Supply Chain Management (SCM) Software;Custom Software & IT Services;Management Consulting","software","software.scm","286301","https://app.zoominfo.com/#/apps/profile/company/14571517","http://www.linkedin.com/company/apex-analytix","http://www.facebook.com/apexanalytix","http://www.twitter.com/apexanalytix","Private","B2B","Yes","April 02, 2026","0","0","Private Equity","June 07, 2022","KKR","Carousel Capital;KKR;Carousel Capital","1501 Highwoods Blvd Ste 200","Greensboro","North Carolina","27410","United States","1501 Highwoods Blvd Ste 200, Greensboro, North Carolina, 27410, United States","2","","","","","","","instantexportexcel1789639591758"
"353825787","Aidoc","www.aidoc.com","400","Employees.250to499","7372","7374","73;737;7372;7374;7379","513210","518210","51;513;5132;51321;513210;518;5182;51821;518210;54;541;5415;54151;541511;541512","Software","Healthcare Software","Software","Healthcare Software","software","software.health","1702046","https://app.zoominfo.com/#/apps/profile/company/353825787","http://www.linkedin.com/company/aidoc","","http://www.x.com/aidocmed","Private","B2B","Yes","July 24, 2025","570000","150000","Series E","April 28, 2026","Goldman Sachs;Softbank Vision Fund;nVentures;General Catalyst","Hartford HealthCare;NVentures;Sutter Health;General Catalyst;NVIDIA;Mercy;SquarePeg;WellSpan Health;Alpha Intelligence Capital;The TCV;CDIB Capital International;Goldman Sachs;Softbank Vision Fund;nVentures;General Catalyst;Magma Ventures;Emerge;TLV Partners;General Catalyst","442 5th Ave","New York","New York","10018","United States","442 5th Ave, New York, New York, 10018, United States","1","","","","","","","instantexportexcel1789639591758"
"37275916","CIS Secure","www.cissecure.com","424","Employees.250to499","7371","7372","73;737;7371;7372;7373;7379","541511","541512","54;541;5415;54151;541511;541512","Software","Security Software","Software;Business Services","Security Software;Security Products & Services;Custom Software & IT Services","software","software.security","5311809","https://app.zoominfo.com/#/apps/profile/company/37275916","http://www.linkedin.com/company/cis-mobile","http://www.facebook.com/cissecure","http://www.twitter.com/cis_mobile_inc","Private","B2B","Yes","July 06, 2026","2000","2000","Debt","April 11, 2020","PPP","PPP","21050 Ashburn Crossing Dr Ste 145","Ashburn","Virginia","20147","United States","21050 Ashburn Crossing Dr Ste 145, Ashburn, Virginia, 20147, United States","1","","","","","","","instantexportexcel1789639591758"
"346806247","Weedmaps","www.weedmaps.com","416","Employees.250to499","7372","7375","73;737;7372;7375;738;7389","519290","51929","51;519;5192;51929;519290","Media & Internet","Data Collection & Internet Portals","Media & Internet;Software","Data Collection & Internet Portals;Social Networks;Mobile App Development","media","media.data","5079","https://app.zoominfo.com/#/apps/profile/company/346806247","http://www.linkedin.com/company/weedmaps","http://www.facebook.com/weedmaps","http://www.twitter.com/weedmaps","Public","B2B","Yes","January 29, 2025","0","0","","","","","41 Discovery","Irvine","California","92618","United States","41 Discovery, Irvine, California, 92618, United States","1","","","","","","","instantexportexcel1789639591758"
"44124446","Nextech","www.nextech.com","401","Employees.250to499","7371","7372","73;737;7371;7372;7379","513210","518210","51;513;5132;51321;513210;518;5182;51821;518210","Software","Healthcare Software","Software","Healthcare Software","software","software.health","140075","https://app.zoominfo.com/#/apps/profile/company/44124446","http://www.linkedin.com/company/216409","http://www.facebook.com/nextechemrpm","http://www.twitter.com/nextechemrpm","Private","B2B","Yes","August 22, 2023","0","0","Private Equity","October 07, 2013","Francisco Partners","Francisco Partners","4221 W Boy Scout Blvd Ste 200","Tampa","Florida","33607","United States","4221 W Boy Scout Blvd Ste 200, Tampa, Florida, 33607, United States","5","","","","","","","instantexportexcel1789639591758"
"4769231","Arity","www.arity.com","400","Employees.250to499","7372","7374","73;737;7372;7374;7379","513210","518210","51;513;5132;51321;513210;518;5182;51821;518210;54;541;5415;54151;541511;5417;54171;541715","Software","Business Intelligence (BI) Software","Software;Business Services","Business Intelligence (BI) Software;Custom Software & IT Services;Mobile App Development","software","software.bi","2418638","https://app.zoominfo.com/#/apps/profile/company/4769231","http://www.linkedin.com/company/arity","http://www.facebook.com/arityint","http://www.twitter.com/arity","Private","B2B","Yes","November 23, 2025","0","0","","","","","PO Box 227238","Dallas","Texas","75222","United States","PO Box 227238, Dallas, Texas, 75222, United States","2","","","","","","","instantexportexcel1789639591758"
"11813568","DreamBox Learning","www.dreambox.com","286","Employees.250to499","7372","7379","73;737;7372;7379","513210","518210","51;513;5132;51321;513210;518;5182;51821;518210","Software","Content & Collaboration Software","Software;Education","Content & Collaboration Software;K-12 Schools;Mobile App Development","software","software.contentcol","42392","https://app.zoominfo.com/#/apps/profile/company/11813568","http://www.linkedin.com/company/101598","","http://www.twitter.com/dreambox_learn","Private","B2B","Yes","October 31, 2024","190591","130000","Corporate Investment","July 31, 2018","The Rise Fund","GSV Capital Corp.;Charter School Growth Fund;Tao Capital Management;Owl Ventures;The Rise Fund;GSV Capital Corp","777 108th Ave NE Ste 2300","Bellevue","Washington","98004","United States","777 108th Ave NE Ste 2300, Bellevue, Washington, 98004, United States","2","","","","","","","instantexportexcel1789639591758"
"59115677","INRIX","www.inrix.com","350","Employees.250to499","7372","7374","73;737;7372;7374;7379","513210","518210","51;513;5132;51321;513210;518;5182;51821;518210;54;541;5415;54151;541511;5417;54171;541715","Software","Business Intelligence (BI) Software","Software","Business Intelligence (BI) Software;Mobile App Development","software","software.bi","574389","https://app.zoominfo.com/#/apps/profile/company/59115677","http://www.linkedin.com/company/inrix","http://www.facebook.com/inrixinc","http://www.twitter.com/inrix","Private","B2B","Yes","May 16, 2024","251099","70000","Other Financing Round","August 08, 2023","Morgan Stanley","Bain Capital Ventures;Venrock Associates;August Capital;Morgan Stanley;Intel Capital;ORIX;Venrock Associates;Bain Capital Ventures;August Capital;PPP;Porsche Automobil Holding SE.;August Capital;Venrock;Bain Capital Ventures;Kleiner Perkins Caufield & Byers' Green Growth Fund;August Capital","10210 NE Points Dr Ste 400","Kirkland","Washington","98033","United States","10210 NE Points Dr Ste 400, Kirkland, Washington, 98033, United States","4","","","","","","","instantexportexcel1789639591758"
"37898185","KPA","www.kpa.io","295","Employees.250to499","7372","8742","73;737;7372;87;874;8742;8748","513210","541512","51;513;5132;51321;513210;54;541;5415;54151;541512;5416;54162;541620","Software","Human Resources Software","Software;Business Services","Human Resources Software;Management Consulting","software","software.hr","1341568","https://app.zoominfo.com/#/apps/profile/company/37898185","http://www.linkedin.com/company/kpa-llc","http://www.facebook.com/kpacompliance","http://www.twitter.com/kpaonline","Private","B2B","Yes","June 05, 2024","0","0","Unspecified","August 08, 2018","Providence Equity Partners","Providence Equity Partners","11080 Circle Point Rd Ste 200","Westminster","Colorado","80020","United States","11080 Circle Point Rd Ste 200, Westminster, Colorado, 80020, United States","2","","","","","","","instantexportexcel1789639591758"
"347101218","VIPRE Security Group","www.vipre.com","450","Employees.250to499","7372","7379","73;737;7372;7379","513210","518210","51;513;5132;51321;513210;518;5182;51821;518210;54;541;5415;54151;541511;541512","Software","Security Software","Software","Security Software","software","software.security","467612","https://app.zoominfo.com/#/apps/profile/company/347101218","http://www.linkedin.com/company/vipresecurity","","http://www.twitter.com/vipresecurity","Private","B2B","Yes","March 12, 2026","0","0","","","","","114 5th Ave Fl 15","New York","New York","10011","United States","114 5th Ave Fl 15, New York, New York, 10011, United States","4","","","","","","","instantexportexcel1789639591758"
"76530343","Platinum Equity","www.platinumequity.com","360","Employees.250to499","6799","679","67;679;6799","523940","52394","52;523;5239;52394;523940","Finance","Venture Capital & Private Equity","Finance","Venture Capital & Private Equity","finance","finance.venturecapital","964828","https://app.zoominfo.com/#/apps/profile/company/76530343","http://www.linkedin.com/company/platinum-equity","","http://www.x.com/platinumequity","Private","B2B","Yes","August 06, 2026","0","0","","","","","360 N Crescent Dr","Beverly Hills","California","90210","United States","360 N Crescent Dr, Beverly Hills, California, 90210, United States","6","","","","","","","instantexportexcel1789639591758"
"1143234022","James River Equipment","www.jamesriverequipment.com","346","Employees.250to499","5082","5083","50;508;5082;5083;76;769;7699","444230","811310","44;444;4442;44423;444230;81;811;8113;81131;811310","Retail","Home Improvement & Hardware Retail","Retail;Consumer Services","Home Improvement & Hardware Retail;Other Rental Stores (Furniture, A/V, Construction & Industrial Equipment);Automotive Service & Collision Repair","retail","retail.hardware","425128","https://app.zoominfo.com/#/apps/profile/company/1143234022","http://www.linkedin.com/company/anderson-tractor-&-equipment-inc","http://www.facebook.com/jamesriverequip","http://www.twitter.com/jamesriverequip","Private","B2B","Yes","December 09, 2025","0","0","","","","","11160 Virgil H Goode Hwy","Rocky Mount","Virginia","24151","United States","11160 Virgil H Goode Hwy, Rocky Mount, Virginia, 24151, United States","49","","","","","","","instantexportexcel1789639591758"
"5603655","Brivo","www.brivo.com","216","Employees.100to249","7372","7374","73;737;7372;7374;7379;738;7382","561621","56162","56;561;5616;56162;561621","Software","Security Software","Software;Business Services","Security Software;Security Products & Services","software","software.security","75989","https://app.zoominfo.com/#/apps/profile/company/5603655","http://www.linkedin.com/company/brivo-inc","http://www.facebook.com/brivoinc","","Private","B2B","Yes","June 05, 2026","169500","92500","Other Financing Round","May 17, 2023","SECOM CO.","Runway Growth Capital;PPP;SECOM CO.","7700 Old Georgetown Rd Ste 300","Bethesda","Maryland","20814","United States","7700 Old Georgetown Rd Ste 300, Bethesda, Maryland, 20814, United States","8","","","","","","","instantexportexcel1789639591758"
"355401808","Appy Pie","www.appypie.com","246","Employees.100to249","7371","7372","73;737;7371;7372;7379","513210","51321","51;513;5132;51321;513210","Software","Engineering Software","Software","Engineering Software;Mobile App Development","software","software.eng","24415","https://app.zoominfo.com/#/apps/profile/company/355401808","http://www.linkedin.com/company/genesis-ltd","","","Private","B2B","Yes","March 14, 2024","0","0","","","","","4410 Claiborne Sq E Ste 334","Hampton","Virginia","23666","United States","4410 Claiborne Sq E Ste 334, Hampton, Virginia, 23666, United States","3","","","","","","","instantexportexcel1789639591758"
"345416484","Blend","www.blend.com","419","Employees.250to499","7371","7372","73;737;7371;7372;7374;7379","513210","518210","51;513;5132;51321;513210;518;5182;51821;518210","Software","Financial Software","Software","Financial Software","software","software.finance","1035333","https://app.zoominfo.com/#/apps/profile/company/345416484","http://www.linkedin.com/company/blend-","","http://www.x.com/blendlabsinc","Public","B2B","Yes","April 16, 2026","1034800","5000","Other Financing Round","April 29, 2024","Haveli Investments","Tiger Global;Coatue Management;General Atlantic;Canapi Ventures;8VC;Temasek;Emergence;Greylock Partners;Great Oaks Capital;New Enterprise Associates;Red Sea Ventures;Metamorphic Ventures;Haveli Investments;Greylock Partners;8VC;Emergence Capital;Lightspeed Venture Partners;Nyca Partners;Andreesen Horowitz;Flagship Ventures;NanoDimension;New Enterprise Associates;8VC;Lightspeed Venture Partners;Temasek;Founders Fund;Greylock Partners;General Atlantic;Lightspeed Venture Partners;Formation8 Partners LLC","7250 Redwood Blvd Ste 300","Novato","California","94945","United States","7250 Redwood Blvd Ste 300, Novato, California, 94945, United States","5","","","","","","","instantexportexcel1789639591758"
"371681202","Menlo Security","www.menlosecurity.com","328","Employees.250to499","7372","7379","73;737;7372;7379","513210","518210","51;513;5132;51321;513210;518;5182;51821;518210;54;541;5415;54151;541511;541512","Software","Security Software","Software","Security Software","software","software.security","198212","https://app.zoominfo.com/#/apps/profile/company/371681202","http://www.linkedin.com/company/menlo-security-limited","http://www.facebook.com/menlo-security-411677528985544","http://www.twitter.com/menlosecurity","Private","B2B","Yes","February 08, 2024","250500","100000","Series E","November 12, 2020","Neuberger Berman;General Catalyst;JPMorgan Chase;Vista Equity Partners","Osage University Partners;General Catalyst Partners;Neuberger Berman;General Catalyst;JPMorgan Chase;Vista Equity Partners;Engineering Capital;JPMorgan Chase;General Catalyst;Sutter Hill Ventures;Osage University Partners;HSBC;Engineering Capital;American Express;JP Morgan Asset Management;Engineering Capital;Osage University Partners;Sutter Hill Ventures;General Catalyst;Engineering Capital;JPMorgan Chase;Sutter Hill Ventures;Osage Partners, LLC;HSBC Bank;General Catalyst","800 W El Camino Real Ste 250","Mountain View","California","94040","United States","800 W El Camino Real Ste 250, Mountain View, California, 94040, United States","4","","","","","","","instantexportexcel1789639591758"
"358019543","PracticeSuite","www.practicesuite.com","220","Employees.100to249","7372","7374","73;737;7372;7374","513210","518210","51;513;5132;51321;513210;518;5182;51821;518210","Software","Healthcare Software","Software","Healthcare Software","software","software.health","130966","https://app.zoominfo.com/#/apps/profile/company/358019543","http://www.linkedin.com/company/practicesuite-inc-web-based-medical-billing-and-practice-management-software","http://www.facebook.com/practicesuite","http://www.x.com/practicesuite","Private","B2B","Yes","April 13, 2026","150","150","Debt","May 03, 2020","PPP","PPP","PO Box 48347","Tampa","Florida","33646","United States","PO Box 48347, Tampa, Florida, 33646, United States","2","","","","","","","instantexportexcel1789639591758"
"347264614","Spireon","www.spireon.com","415","Employees.250to499","7372","7374","73;737;7372;7374;7379","513210","517810","51;513;5132;51321;513210;517;5178;51781;517810;518;5182;51821;518210;54;541;5415;54151;541512","Software","Supply Chain Management (SCM) Software","Software","Supply Chain Management (SCM) Software","software","software.scm","244327","https://app.zoominfo.com/#/apps/profile/company/347264614","http://www.linkedin.com/company/spireon-inc-","http://www.facebook.com/spireoncorporate","http://www.twitter.com/spireon","Private","B2B","Yes","February 10, 2026","7714","0","Private Equity","October 11, 2018","Greenbriar Equity Group","Greenbriar Equity Group;Bertram Capital","16802 Aston","Irvine","California","92606","United States","16802 Aston, Irvine, California, 92606, United States","5","","","","","","","instantexportexcel1789639591758"
"350601772","RethinkEd","www.rethinked.com","400","Employees.250to499","7372","7374","73;737;7372;7374;7379","513210","518210","51;513;5132;51321;513210;518;5182;51821;518210;54;541;5415;54151;541511;541512","Software","Healthcare Software","Software;Business Services;Education","Healthcare Software;Custom Software & IT Services;Training","software","software.health","462783","https://app.zoominfo.com/#/apps/profile/company/350601772","http://www.linkedin.com/company/rethinked","","http://www.twitter.com/rethink_first","Private","B2B","Yes","December 20, 2023","12000","10000","Series C","August 17, 2014","Beringea;Arboretum Ventures","Rethink Capital Partners;Beringea;Arboretum Ventures","49 W 27th St Fl 8","New York","New York","10001","United States","49 W 27th St Fl 8, New York, New York, 10001, United States","3","","","","","","","instantexportexcel1789639591758"
"374735557","Coro","www.coro.net","360","Employees.250to499","7371","7372","73;737;7371;7372;7379","513210","518210","51;513;5132;51321;513210;518;5182;51821;518210;54;541;5415;54151;541511;541512","Software","Security Software","Software","Security Software","software","software.security","540346","https://app.zoominfo.com/#/apps/profile/company/374735557","http://www.linkedin.com/company/coronet","http://www.facebook.com/coronetworks","http://www.twitter.com/coronetworks","Private","B2B","Yes","March 29, 2024","235000","100000","Series D","March 28, 2024","Energy Impact Partners;Balderton Capital;One Peak Partners","Energy Impact Partners;Balderton Capital;One Peak Partners;Jerusalem Venture Partners;Balderton;Energy Impact Partners;Balderton;Jerusalem Venture Partners","550 W Van Buren St Ste 1300","Chicago","Illinois","60607","United States","550 W Van Buren St Ste 1300, Chicago, Illinois, 60607, United States","1","","","","","","","instantexportexcel1789639591758"
"343816144","Starry","www.starry.com","337","Employees.250to499","4812","4813","48;481;4812;4813","517112","51711","51;517;5171;51711;517112","Telecommunications","Internet Service Providers, Website Hosting & Internet-related Services","Telecommunications","Internet Service Providers, Website Hosting & Internet-related Services","telecom","telecom.internet","471120","https://app.zoominfo.com/#/apps/profile/company/343816144","http://www.linkedin.com/company/starry-inc-","http://www.facebook.com/starryinternet","http://www.x.com/starryinternet","Private","B2B","Yes","May 26, 2026","187350","350","Debt","April 16, 2020","PPP","KKR;iac ventures;FirstMark Capital;Quantum Strategic Partners;HLVP;Quantum Strategic Partners;Tiger Global;KKR;IAC;FirstMark Capital;PPP","145 Tremont St Ste 201","Boston","Massachusetts","02111","United States","145 Tremont St Ste 201, Boston, Massachusetts, 02111, United States","1","","","","","","","instantexportexcel1789639591758"
"371927423","Overhaul","www.over-haul.com","500","Employees.500to999","7372","7374","73;737;7372;7374;7379;87;874;8742","488510","541512","48;488;4885;48851;488510;54;541;5415;54151;541512;5416;54161;541614","Business Services","Custom Software & IT Services","Business Services;Software","Custom Software & IT Services;Supply Chain Management (SCM) Software","bizservice","bizservice.techconsulting","1374714","https://app.zoominfo.com/#/apps/profile/company/371927423","http://www.linkedin.com/company/overhaulinc","http://www.facebook.com/overhaulinc","http://www.x.com/overhaulinc","Private","B2B","Yes","August 25, 2025","353500","105000","Series C","August 20, 2025","Springcoast Capital Partners;Edison Partners;MidCap Financial","Avanta Ventures;Edison Partners;Macquarie Capital Partners;Abbey International Finance Group;eGateway Capital;TRM Ventures;StepStone Group;Edison Partners;Stifel Bank & Trust;Springcoast Capital Partners;Edison Partners;Macquarie;HSBC;Springcoast Capital Partners;Edison Partners;MidCap Financial","11000 N Mopac Expy Ste 400","Austin","Texas","78759","United States","11000 N Mopac Expy Ste 400, Austin, Texas, 78759, United States","1","","","","","","","instantexportexcel1789639591758"
"351895373","Scale Computing","www.scalecomputing.com","345","Employees.250to499","7372","7374","73;737;7372;7374;7379","513210","518210","51;513;5132;51321;513210;518;5182;51821;518210;54;541;5415;54151;541512;541513","Software","Storage & System Management Software","Software","Storage & System Management Software","software","software.storage","1294117","https://app.zoominfo.com/#/apps/profile/company/351895373","http://www.linkedin.com/company/scalecomputing","http://www.facebook.com/scalecomputing","http://www.x.com/scalecomputing","Private","B2B","Yes","May 18, 2026","192272","55000","Other Financing Round","July 12, 2022","Morgan Stanley Expansion Capital","ABS Capital Partners;Lenovo Group;Morgan Stanley Expansion Capital;Northgate Capital;BA Venture Partners;Blue Chip Venture Company;Spring Mill Venture Partners;CID Group;Indiana's 21st Century Technology Fund;PPP;Indiana University Foundation;First Analysis Corporation;BA Venture Partners;Allos Ventures;Spring Mill Venture Partners;Northgate Capital;CID Equity Capital;Reservoir Venture Partners;Benchmark Capital;Heron Capital;Allos Ventures;Benchmark;Blue Chip Venture Company;CID Group;Spring Mill Venture Partners;Elevate Ventures","525 S Meridian St Ste 3E","Indianapolis","Indiana","46225","United States","525 S Meridian St Ste 3E, Indianapolis, Indiana, 46225, United States","3","","","","","","","instantexportexcel1789639591758"
"359375382","Medable","www.medable.com","350","Employees.250to499","7371","7372","73;737;7371;7372;7374;87;873;8731","541511","541715","54;541;5415;54151;541511;5417;54171;541715","Software","Healthcare Software","Software","Healthcare Software","software","software.health","2099122","https://app.zoominfo.com/#/apps/profile/company/359375382","http://www.linkedin.com/company/medable-inc-","http://www.facebook.com/medableinc","http://www.twitter.com/medableinc","Private","B2B","Yes","June 24, 2024","518838","304000","Series D","October 26, 2021","WTI - Western Telematic;Tiger Global Management;Blackstone Accelerates Growth;Sapphire Ventures;GSR Ventures","PPP;GSR Ventures;PPD, Inc;Streamline Ventures;Sapphire Ventures LLC;GSR Ventures;PPD Group Inc;The Obvious;WTI - Western Telematic;Tiger Global Management;Blackstone Accelerates Growth;Sapphire Ventures;GSR Ventures","525 University Ave Ste A70","Palo Alto","California","94301","United States","525 University Ave Ste A70, Palo Alto, California, 94301, United States","1","","","","","","","instantexportexcel1789639591758"
"374846187","FullStory","www.fullstory.com","400","Employees.250to499","7372","7374","73;737;7372;7374;7379","513210","518210","51;513;5132;51321;513210;518;5182;51821;518210","Software","Business Intelligence (BI) Software","Software","Business Intelligence (BI) Software;Customer Relationship Management (CRM) Software","software","software.bi","129792","https://app.zoominfo.com/#/apps/profile/company/374846187","http://www.linkedin.com/company/fullstory","http://www.facebook.com/getfullstory","http://www.twitter.com/fullstory","Private","B2B","Yes","May 21, 2024","185199","25000","Private Equity","August 10, 2022","","Dell Technologies;Salesforce Ventures;Stripes Group;Kleiner Perkins;GV;Stripes;Dell Technologies Capital;Salesforce Ventures;Permira;Glynn Capital;Kleiner Perkins;GV;Google Ventures;Kleiner Perkins;Google Ventures;Google Ventures;Kleiner Perkins Caufield & Byers","1745 Peachtree Rd NW Ste G","Atlanta","Georgia","30309","United States","1745 Peachtree Rd NW Ste G, Atlanta, Georgia, 30309, United States","1","","","","","","","instantexportexcel1789639591758"
"369352359","Eltropy","www.eltropy.com","250","Employees.250to499","7372","7374","73;737;7372;7374;7379","513210","518210","51;513;5132;51321;513210;518;5182;51821;518210;54;541;5415;54151;541511;541512","Software","Content & Collaboration Software","Software","Content & Collaboration Software;Customer Relationship Management (CRM) Software","software","software.contentcol","1560538","https://app.zoominfo.com/#/apps/profile/company/369352359","http://www.linkedin.com/company/eltropy","http://www.facebook.com/eltropyinc","http://www.twitter.com/eltropy_inc","Private","B2B","Yes","November 25, 2025","21000","21000","Unspecified","June 17, 2021","K1 Investment Management","K1 Investment Management","5201 Great America Pkwy Ste 510","Santa Clara","California","95054","United States","5201 Great America Pkwy Ste 510, Santa Clara, California, 95054, United States","1","","","","","","","instantexportexcel1789639591758"
"288866319","Versapay","www.versapay.com","304","Employees.250to499","7372","7374","73;737;7372;7374","513210","518210","51;513;5132;51321;513210;518;5182;51821;518210","Software","Financial Software","Software;Business Services","Financial Software;Custom Software & IT Services","software","software.finance","124923","https://app.zoominfo.com/#/apps/profile/company/288866319","http://www.linkedin.com/company/versapay","http://www.facebook.com/versapay","http://www.twitter.com/versapay","Private","B2B","Yes","June 21, 2024","0","0","Private Equity","February 21, 2020","Great Hill Partners","Great Hill Partners","7300 N Kendall Dr Ste 200","Miami","Florida","33156","United States","7300 N Kendall Dr Ste 200, Miami, Florida, 33156, United States","3","","","","","","","instantexportexcel1789639591758"
"374747953","Anju","www.anjusoftware.com","365","Employees.250to499","7371","7372","73;737;7371;7372;7374","513210","518210","51;513;5132;51321;513210;518;5182;51821;518210;54;541;5415;54151;541511;541512;541513;541519","Software","Healthcare Software","Software","Healthcare Software","software","software.health","2491998","https://app.zoominfo.com/#/apps/profile/company/374747953","http://www.linkedin.com/company/anju-software","http://www.facebook.com/anju-software-1415613681916676","http://www.twitter.com/anjusoftware","Private","B2B","Yes","February 11, 2025","8575","8575","Private Equity","June 08, 2016","","","4500 S Lakeshore Dr Ste 620","Tempe","Arizona","85282","United States","4500 S Lakeshore Dr Ste 620, Tempe, Arizona, 85282, United States","8","","","","","","","instantexportexcel1789639591758"
"67175947","HireVue","www.hirevue.com","394","Employees.250to499","7361","7372","73;736;7361;737;7372;7379","513210","518210","51;513;5132;51321;513210;518;5182;51821;518210","Software","Human Resources Software","Software;Business Services","Human Resources Software;HR & Staffing","software","software.hr","57910","https://app.zoominfo.com/#/apps/profile/company/67175947","http://www.linkedin.com/company/hirevue","http://www.facebook.com/hirevue","http://www.twitter.com/hirevue","Private","B2B","Yes","July 10, 2024","92913","0","Private Equity","September 03, 2019","The Carlyle Group","Granite Ventures;Peterson Partners;Wilson, Sonsini, Goodrich and Rosati;Growth Capital;Rose Park Advisors;Peterson Partners;Investor Growth Capital;Steamboat Ventures;Granite Ventures;Rose Park Advisors;Kickstart Seed Fund;Peterson Partners;Granite Ventures;The Carlyle Group;Steamboat Ventures;Technology Crossover Ventures;Peterson Partners;Investor Growth Capital;Rose Park Advisors;Granite Ventures","10876 S River Front Pkwy Ste 500","South Jordan","Utah","84095","United States","10876 S River Front Pkwy Ste 500, South Jordan, Utah, 84095, United States","3","","","","","","","instantexportexcel1789639591758"
"352126084","Nuvolo","www.nuvolo.com","250","Employees.250to499","7372","7374","73;737;7372;7374;7379","513210","518210","51;513;5132;51321;513210;518;5182;51821;518210","Software","Enterprise Resource Planning (ERP) Software","Software","Enterprise Resource Planning (ERP) Software;Mobile App Development","software","software.erp","3499873","https://app.zoominfo.com/#/apps/profile/company/352126084","http://www.linkedin.com/company/nuvolo","http://www.facebook.com/nuvolotechnologies","http://www.twitter.com/nuvolo_tech","Private","B2B","Yes","January 26, 2026","56499","32000","Series C","March 02, 2021","Insight Partners","Lighter Capital;Insight Partners;GE Ventures;NEA;ServiceNow;Kaiser Permanente Ventures;New Enterprise Associates;ServiceNow;GE Ventures;New Enterprise Associates;ServiceNow;Lighter Capital","16 Mica Ln","Wellesley","Massachusetts","02481","United States","16 Mica Ln, Wellesley, Massachusetts, 02481, United States","8","","","","","","","instantexportexcel1789639591758"
"13566647","ExaGrid","www.exagrid.com","315","Employees.250to499","7374","7379","73;737;7374;7379","518210","541512","51;518;5182;51821;518210;54;541;5415;54151;541512;541513","Software","Storage & System Management Software","Software","Storage & System Management Software","software","software.storage","1807083","https://app.zoominfo.com/#/apps/profile/company/13566647","http://www.linkedin.com/company/exagrid-systems","http://www.facebook.com/exagrid","http://www.twitter.com/exagrid","Private","B2B","Yes","June 20, 2024","82717","5000","Debt","April 10, 2020","PPP","Highland Capital Partners;Highland Capital Partners;Tenaya Capital;Highland Capital Partners;Lehman Brothers;Highland Capital Partners;Lehman Brothers;Highland Capital Partners;PPP;Highland Capital Partners","100 Campus Dr","Marlborough","Massachusetts","01752","United States","100 Campus Dr, Marlborough, Massachusetts, 01752, United States","2","","","","","","","instantexportexcel1789639591758"
"97306335","PrismHR","www.prismhr.com","228","Employees.100to249","7372","7374","73;737;7372;7374","513210","518210","51;513;5132;51321;513210;518;5182;51821;518210","Software","Human Resources Software","Software","Human Resources Software","software","software.hr","20714","https://app.zoominfo.com/#/apps/profile/company/97306335","http://www.linkedin.com/company/prismhr","http://www.facebook.com/prismhr","http://www.twitter.com/prismhrcloud","Private","B2B","Yes","July 11, 2024","0","0","Corporate Investment","December 03, 2019","Stone Point Capital LLC","Summit Partners;Accel-KKR;Stone Point Capital LLC","35 Parkwood Dr Ste 200","Hopkinton","Massachusetts","01748","United States","35 Parkwood Dr Ste 200, Hopkinton, Massachusetts, 01748, United States","3","","","","","","","instantexportexcel1789639591758"
"404621224","Tive","www.tive.com","284","Employees.250to499","7372","7374","73;737;7372;7374;7379","513210","518210","51;513;5132;51321;513210;518;5182;51821;518210","Software","Supply Chain Management (SCM) Software","Software","Supply Chain Management (SCM) Software","software","software.scm","772332","https://app.zoominfo.com/#/apps/profile/company/404621224","http://www.linkedin.com/company/tiveinc","http://www.facebook.com/tivesolution","http://www.x.com/tiveinc","Private","B2B","Yes","June 01, 2026","75150","20000","Unspecified","January 12, 2026","Advance Venture Partners;Supply Chain Ventures;Sageview Capital;World Innovation Lab;Lightsmith Group","Hyperplane;Accomplice;NextView Ventures;Bolt;Fathom Ventures;RRE Ventures;One Way Ventures;Hyperplane Venture Capital;NextView Ventures;Two Sigma Ventures, LP;Two Sigma Ventures;RRE Ventures;Sageview Capital;AXA Venture Partners;World Innovation Lab;PPP;Advance Venture Partners;Supply Chain Ventures;Sageview Capital;World Innovation Lab;Lightsmith Group","500 Rutherford Ave Ste 209","Boston","Massachusetts","02129","United States","500 Rutherford Ave Ste 209, Boston, Massachusetts, 02129, United States","10","","","","","","","instantexportexcel1789639591758"
"370608749","LinkSquares","www.linksquares.com","400","Employees.250to499","7372","7374","73;737;7372;7374;7379","513210","51321","51;513;5132;51321;513210","Software","Legal Software","Software","Legal Software","software","software.legal","559239","https://app.zoominfo.com/#/apps/profile/company/370608749","http://www.linkedin.com/company/linksquares","http://www.facebook.com/linksquares","http://www.twitter.com/linksquares","Private","B2B","Yes","March 05, 2026","160150","100000","Series C","April 04, 2022","G2 Venture Partners;G Squared","G2 Venture Partners;G Squared;Hyperplane Venture Capital;MassMutual Ventures;Hyperplane Venture Capital;Xerox;Catalyst Investors;Sorenson Capital;Bottomline Technologies;Hyperplane Venture Capital;MassMutual Ventures;Jump Capital;First Ascent Ventures","60 State St Ste 1200","Boston","Massachusetts","02109","United States","60 State St Ste 1200, Boston, Massachusetts, 02109, United States","1","","","","","","","instantexportexcel1789639591758"
"111398166","SambaSafety","www.sambasafety.com","300","Employees.250to499","7372","7374","73;737;7372;7374;7379","513210","518210","51;513;5132;51321;513210;518;5182;51821;518210;54;541;5415;54151;541511","Software","Financial Software","Software","Financial Software;Human Resources Software","software","software.finance","338522","https://app.zoominfo.com/#/apps/profile/company/111398166","http://www.linkedin.com/company/sambasafety","http://www.facebook.com/sambasafety","http://www.twitter.com/sambasafety","Private","B2B","Yes","July 03, 2024","16399","16399","Private Equity","October 07, 2014","Main Street Capital Corp","Main Street Capital;Main Street Capital Corp","5619 Dtc Pkwy Ste 1000","Greenwood Village","Colorado","80111","United States","5619 Dtc Pkwy Ste 1000, Greenwood Village, Colorado, 80111, United States","2","","","","","","","instantexportexcel1789639591758"
"248873075","WideOrbit","www.wideorbit.com","450","Employees.250to499","7371","7372","73;737;7371;7372;7379","513210","518210","51;513;5132;51321;513210;518;5182;51821;518210","Software","Financial Software","Software","Financial Software","software","software.finance","2800680","https://app.zoominfo.com/#/apps/profile/company/248873075","http://www.linkedin.com/company/wideorbit","http://www.facebook.com/wideorbit","http://www.twitter.com/wideorbit","Private","B2B","Yes","July 13, 2024","34500","10000","Series D","October 20, 2008","Mayfield;Greycroft Partners;Khosla Ventures","Meredith Corporation;The New York Times Company;Scott Banister;Greycroft Partners;Khosla Ventures;Ali Partovi;Hadi Partovi;Mayfield;Greycroft Partners;Khosla Ventures","1160 Battery St Ste 300","San Francisco","California","94111","United States","1160 Battery St Ste 300, San Francisco, California, 94111, United States","8","","","","","","","instantexportexcel1789639591758"
"5392921","Anova","www.anova.com","426","Employees.250to499","7373","7376","73;737;7373;7376","518210","541513","51;518;5182;51821;518210;54;541;5415;54151;541513;541519","Business Services","Custom Software & IT Services","Business Services;Software","Custom Software & IT Services;Business Intelligence (BI) Software;Engineering Software","bizservice","bizservice.techconsulting","1871057","https://app.zoominfo.com/#/apps/profile/company/5392921","http://www.linkedin.com/company/anovasolutions","http://www.facebook.com/anovasolutionsgroup","","Private","B2B","Yes","April 22, 2026","0","0","","","","","210 South St","New Providence","New Jersey","07974","United States","210 South St, New Providence, New Jersey, 07974, United States","3","","","","","","","instantexportexcel1789639591758"
"56426943","Red Canary","www.redcanary.com","400","Employees.250to499","7372","7374","73;737;7372;7374;7376;7379","541511","541512","54;541;5415;54151;541511;541512;541513","Software","Security Software","Software;Business Services","Security Software;Custom Software & IT Services","software","software.security","646818","https://app.zoominfo.com/#/apps/profile/company/56426943","http://www.linkedin.com/company/redcanary","","http://www.x.com/redcanary","Private","B2B","Yes","February 11, 2026","123600","81000","Series C","February 17, 2021","Noro-Moseley Partners;Summit Partners;Access Venture Partners","Kyrus Tech, Inc.;Noro-Moseley Partners;Summit Partners;Access Venture Partners;Noro-Moseley Partners;Summit Partners;Access Venture Partners;Noro-Moseley Partners;Kyrus;Access Venture Partners;Service Provider Capital","1601 19th St Ste 900","Denver","Colorado","80202","United States","1601 19th St Ste 900, Denver, Colorado, 80202, United States","1","","","","","","","instantexportexcel1789639591758"
"346770220","Sitetracker","www.sitetracker.com","350","Employees.250to499","7371","7372","73;737;7371;7372;7374;7379","513210","541519","51;513;5132;51321;513210;54;541;5415;54151;541519","Software","Enterprise Resource Planning (ERP) Software","Software","Enterprise Resource Planning (ERP) Software","software","software.erp","3795052","https://app.zoominfo.com/#/apps/profile/company/346770220","http://www.linkedin.com/company/sitetracker","http://www.facebook.com/sitetracker","http://www.twitter.com/sitetrackerinc","Private","B2B","Yes","June 28, 2024","129000","92000","Series C","January 27, 2021","H.I.G. Capital;New Enterprise Associates;Clearvision Ventures;Telekom Innovation Pool;Salesforce Ventures;National Grid Partners;Energize Ventures;Energy Impact Partners;Wells Fargo","PPP;Wells Fargo;Salesforce Ventures;New Enterprise Associates;H.I.G. Capital;New Enterprise Associates;Clearvision Ventures;Telekom Innovation Pool;Salesforce Ventures;National Grid Partners;Energize Ventures;Energy Impact Partners;Wells Fargo;New Enterprise Associates , Inc.;NGP;New Enterprise Associates","491 Bloomfield Ave","Montclair","New Jersey","07042","United States","491 Bloomfield Ave, Montclair, New Jersey, 07042, United States","1","","","","","","","instantexportexcel1789639591758"
"39880229","Homecare Homebase","www.hchb.com","500","Employees.500to999","7372","7374","73;737;7372;7374","513210","518210","51;513;5132;51321;513210;518;5182;51821;518210","Software","Healthcare Software","Software","Healthcare Software","software","software.health","495105","https://app.zoominfo.com/#/apps/profile/company/39880229","http://www.linkedin.com/company/homecare-homebase","http://www.facebook.com/homecare-homebase-261868903879492","http://www.twitter.com/hchbinfo","Private","B2B","Yes","June 03, 2024","56550","56550","Private Equity","February 28, 2011","","","6688 N Central Expy Ste 800","Dallas","Texas","75206","United States","6688 N Central Expy Ste 800, Dallas, Texas, 75206, United States","3","","","","","","","instantexportexcel1789639591758"
"398476387","Vestwell","www.vestwell.com","500","Employees.500to999","7371","7379","73;737;7371;7379","541511","541519","54;541;5415;54151;541511;541519","Software","Financial Software","Software;Business Services","Financial Software;Custom Software & IT Services","software","software.finance","88563","https://app.zoominfo.com/#/apps/profile/company/398476387","http://www.linkedin.com/company/vestwell","http://www.facebook.com/vestwell","http://www.x.com/vestwell","Private","B2B","Yes","February 23, 2026","623417","385000","Series E","February 18, 2026","Sixth Street;Neuberger Berman;Morgan Stanley;Silver Lake;Blue Owl","Nationwide Ventures;Commerce Ventures;Franklin Templeton Investments;Goldman Sachs Principal Strategic Investments;FinTech Collective;BNY;Allianz Life Insurance Company of North America;Primary Venture Partners;Point72;F-Prime Capital Partners;Wells Fargo;Fin Venture Capital;PPP;Blue Owl;Primary Venture Partners;Fin Capital;HarbourVest;Sixth Street;Neuberger Berman;Morgan Stanley;Silver Lake;Blue Owl;F-Prime Capital Partners;Commerce Ventures;FinTech Collective;F-Prime Capital;Primary Venture Partners","360 Madison Ave Fl 15","New York","New York","10017","United States","360 Madison Ave Fl 15, New York, New York, 10017, United States","1","","","","","","","instantexportexcel1789639591758"
"28852888","OneCause","www.onecause.com","450","Employees.250to499","7374","737","73;737;7374","518210","51821","51;518;5182;51821;518210","Software","Financial Software","Software","Financial Software","software","software.finance","91642","https://app.zoominfo.com/#/apps/profile/company/28852888","http://www.linkedin.com/company/onecause","http://www.facebook.com/onecause","http://www.x.com/onecause","Private","B2B","Yes","May 12, 2026","2000","2000","Debt","April 07, 2020","PPP","PPP","11711 N Meridian St Ste 310","Carmel","Indiana","46032","United States","11711 N Meridian St Ste 310, Carmel, Indiana, 46032, United States","2","","","","","","","instantexportexcel1789639591758"
"345829072","Comply365","www.comply365.com","500","Employees.500to999","7371","7373","73;737;7371;7373","541511","541512","54;541;5415;54151;541511;541512","Software","Content & Collaboration Software","Software","Content & Collaboration Software","software","software.contentcol","8296920","https://app.zoominfo.com/#/apps/profile/company/345829072","http://www.linkedin.com/company/comply365","http://www.facebook.com/comply365","http://www.x.com/comply365","Private","B2B","Yes","May 25, 2026","12000","0","Private Equity","December 14, 2020","Liberty Hall Capital Partners","Luminate Capital Partners;Liberty Hall Capital Partners;Drive Capital","655 3rd St Ste 365","Beloit","Wisconsin","53511","United States","655 3rd St Ste 365, Beloit, Wisconsin, 53511, United States","4","","","","","","","instantexportexcel1789639591758"
"34901067","GSE Systems","www.gses.com","257","Employees.250to499","7372","7379","73;737;7372;7379;87;871;8711","541330","541511","54;541;5413;54133;541330;5415;54151;541511","Construction","Architecture, Engineering & Design","Construction;Software;Business Services","Architecture, Engineering & Design;Engineering Software;Research & Development;Management Consulting","construction","construction.architecture","6074037","https://app.zoominfo.com/#/apps/profile/company/34901067","http://www.linkedin.com/company/gse-solutions","","http://www.twitter.com/gse_solutions","Public","B2B","Yes","January 29, 2025","20750","1500","Debt","June 26, 2023","The Lind Partners","PPP;The Lind Partners;Citizens Bank","6940 Columbia Gateway Dr Ste 470","Columbia","Maryland","21046","United States","6940 Columbia Gateway Dr Ste 470, Columbia, Maryland, 21046, United States","1","","","","","","","instantexportexcel1789639591758"
"56886265","Provenir","www.provenir.com","291","Employees.250to499","7371","7372","73;737;7371;7372;7374;7379","541511","541512","54;541;5415;54151;541511;541512","Software","Financial Software","Software","Financial Software","software","software.finance","2823828","https://app.zoominfo.com/#/apps/profile/company/56886265","http://www.linkedin.com/company/provenir-digital-uk-limited","http://www.facebook.com/provenir-2037935039585590","http://www.twitter.com/provenirglobal","Private","B2B","Yes","March 14, 2024","0","0","","","","","1 Upper Pond Rd Ste 4 Bldg F","Parsippany","New Jersey","07054","United States","1 Upper Pond Rd Ste 4 Bldg F, Parsippany, New Jersey, 07054, United States","3","","","","","","","instantexportexcel1789639591758"
"31478874","EtQ","www.etq.com","300","Employees.250to499","7371","7372","73;737;7371;7372;7379","513210","518210","51;513;5132;51321;513210;518;5182;51821;518210","Software","Supply Chain Management (SCM) Software","Software","Supply Chain Management (SCM) Software","software","software.scm","178348","https://app.zoominfo.com/#/apps/profile/company/31478874","http://www.linkedin.com/company/etq","http://www.facebook.com/etqllc","http://www.twitter.com/etqsoftware","Private","B2B","Yes","September 25, 2025","0","0","","","","","700 District Ave Ste 610","Burlington","Massachusetts","01803","United States","700 District Ave Ste 610, Burlington, Massachusetts, 01803, United States","2","","","","","","","instantexportexcel1789639591758"
"343545061","Planet DDS","www.planetdds.com","340","Employees.250to499","7372","7374","73;737;7372;7374;7379","513210","518210","51;513;5132;51321;513210;518;5182;51821;518210","Software","Healthcare Software","Software","Healthcare Software","software","software.health","294306","https://app.zoominfo.com/#/apps/profile/company/343545061","http://www.linkedin.com/company/planetdds","http://www.facebook.com/planetdds","http://www.twitter.com/planetdds","Private","B2B","Yes","June 04, 2024","0","0","Debt","June 03, 2022","Aquiline Capital Partners","Aquiline Capital Partners;Level Equity","17872 Gillette Ave Ste 250","Irvine","California","92614","United States","17872 Gillette Ave Ste 250, Irvine, California, 92614, United States","1","","","","","","","instantexportexcel1789639591758"
"12814180","Clickatell","www.clickatell.com","300","Employees.250to499","4812","7372","48;481;4812;73;737;7372;7379","513210","517121","51;513;5132;51321;513210;517;5171;51712;517121;518;5182;51821;518210","Business Services","Custom Software & IT Services","Business Services;Telecommunications;Software","Custom Software & IT Services;Mobile App Development;Telephony & Wireless","bizservice","bizservice.techconsulting","746729","https://app.zoominfo.com/#/apps/profile/company/12814180","http://www.linkedin.com/company/clickatell","http://www.facebook.com/clickatell","http://www.twitter.com/clickatell","Private","B2B","Yes","June 19, 2022","109000","91000","Series C","February 22, 2022","Harvest Partners;Kennedy Lewis Investment Management;Endeavor Global;Arrowroot Capital","Ethos Private Equity;Steamboat Ventures;Seqouia Capital;DAG Ventures;Harvest Partners;Kennedy Lewis Investment Management;Endeavor Global;Arrowroot Capital","900 Island Dr Ste 202","Redwood City","California","94065","United States","900 Island Dr Ste 202, Redwood City, California, 94065, United States","3","","","","","","","instantexportexcel1789639591758"
"374945483","Calendly","www.calendly.com","414","Employees.250to499","7372","7374","73;737;7372;7374;7379","513210","518210","51;513;5132;51321;513210;518;5182;51821;518210","Software","Content & Collaboration Software","Software","Content & Collaboration Software","software","software.contentcol","1095","https://app.zoominfo.com/#/apps/profile/company/374945483","http://www.linkedin.com/company/calendly","http://www.facebook.com/calendly","http://www.x.com/calendly","Private","B2B","Yes","July 20, 2026","366350","350000","Series B","January 27, 2021","OpenView Venture Partners","OpenView Venture Partners;Openview Partners;Trinity Ventures;Atlanta Ventures","271 17th St NW Fl 10","Atlanta","Georgia","30363","United States","271 17th St NW Fl 10, Atlanta, Georgia, 30363, United States","4","","","","","","","instantexportexcel1789639591758"
"363283654","Itential","www.itential.com","200","Employees.100to249","7371","7372","73;737;7371;7372;7379","513210","518210","51;513;5132;51321;513210;518;5182;51821;518210;54;541;5415;54151;541511;541512","Software","Networking Software","Software","Networking Software","software","software.network","2927107","https://app.zoominfo.com/#/apps/profile/company/363283654","http://www.linkedin.com/company/itential","http://www.facebook.com/itential","http://www.twitter.com/itential","Private","B2B","Yes","June 06, 2024","27500","20000","Series B","April 13, 2021","Elsewhere Partners","PPP;Elsewhere Partners;Elsewhere Partners","1350 Spring St NW Ste 200","Atlanta","Georgia","30309","United States","1350 Spring St NW Ste 200, Atlanta, Georgia, 30309, United States","2","","","","","","","instantexportexcel1789639591758"
"473970916","Capacity","www.capacity.com","200","Employees.100to249","7371","737","73;737;7371","513210","518210","51;513;5132;51321;513210;518;5182;51821;518210","Software","Customer Relationship Management (CRM) Software","Software","Customer Relationship Management (CRM) Software;Business Intelligence (BI) Software;Content & Collaboration Software","software","software.crm","1179591","https://app.zoominfo.com/#/apps/profile/company/473970916","http://www.linkedin.com/company/teamcapacity","","http://www.x.com/gocapacity","Private","B2B","Yes","September 09, 2026","228200","50000","Series E","September 01, 2026","","Rice Park Capital Management;Chicago Atlantic Group;Undisclosed;TVC Capital;Toloka.vc","6665 Delmar Blvd Ste 300","Saint Louis","Missouri","63130","United States","6665 Delmar Blvd Ste 300, Saint Louis, Missouri, 63130, United States","3","","","","","","","instantexportexcel1789639591758"
"370697637","Zenlayer","www.zenlayer.com","240","Employees.100to249","4813","7374","48;481;4813;73;737;7374;7379","517111","51711","51;517;5171;51711;517111","Telecommunications","Internet Service Providers, Website Hosting & Internet-related Services","Telecommunications;Business Services","Internet Service Providers, Website Hosting & Internet-related Services;Custom Software & IT Services","telecom","telecom.internet","636046","https://app.zoominfo.com/#/apps/profile/company/370697637","http://www.linkedin.com/company/zenlayer","http://www.facebook.com/zenlayer","http://www.twitter.com/zenlayer","Private","B2B","Yes","March 26, 2024","1803527","1700000","Unspecified","January 04, 2022","D1 Capital Partners;Cohen & Steers;BentallGreenOak;CenterSquare Investment Management","Anatole Investment Management;Prospect Avenue Capital;Volcanics Venture;PPP;D1 Capital Partners;Cohen & Steers;BentallGreenOak;CenterSquare Investment Management;F&G Venture;Volcanics Venture;Forebright Capital;F&G Venture;NSFOCUS","21680 Gateway Center Dr Ste 350","Diamond Bar","California","91765","United States","21680 Gateway Center Dr Ste 350, Diamond Bar, California, 91765, United States","2","","","","","","","instantexportexcel1789639591758"
"357488053","Castlelake","www.castlelake.com","250","Employees.250to499","6153","6722","6153;67;672;6722;6726;679","523910","523940","52;523;5239;52391;523910;52394;523940","Finance","Venture Capital & Private Equity","Finance","Venture Capital & Private Equity","finance","finance.venturecapital","2666772","https://app.zoominfo.com/#/apps/profile/company/357488053","http://www.linkedin.com/company/castlelake-uk-llp","http://www.facebook.com/castlelake-159633640723857","http://www.twitter.com/castlelake678","Private","B2B","Yes","January 23, 2023","0","0","","","","","90 S 7th St Ste 4600","Minneapolis","Minnesota","55402","United States","90 S 7th St Ste 4600, Minneapolis, Minnesota, 55402, United States","10","","","","","","","instantexportexcel1789639591758"
"373722446","UpGuard","www.upguard.com","344","Employees.250to499","7372","7373","73;737;7372;7373;7374;7379","513210","518210","51;513;5132;51321;513210;518;5182;51821;518210;54;541;5415;54151;541511","Software","Security Software","Software","Security Software","software","software.security","192073","https://app.zoominfo.com/#/apps/profile/company/373722446","http://www.linkedin.com/company/upguard","http://www.facebook.com/upguard","http://www.x.com/upguard","Private","B2B","Yes","February 27, 2026","104322","75000","Series C","February 25, 2026","August Capital;Springcoast Capital Partners;Pelion Venture Partners;Square Peg","August Capital;Springcoast Capital Partners;Pelion Venture Partners;Square Peg;Square Peg;August Capital;IAG Firemark Ventures;Pelion Venture Partners;August Capital;Valar Ventures;Square Peg;Startmate;Alan Jones;Scott Petry;Anthony Marcar;Mark Jung;500.com;Valar Ventures;Starfish Ventures;Square Peg Capital;Larry Marshall;PPP","650 Castro St Ste 120-387","Mountain View","California","94041","United States","650 Castro St Ste 120-387, Mountain View, California, 94041, United States","5","","","","","","","instantexportexcel1789639591758"
"371763531","Bloomerang","www.bloomerang.com","500","Employees.500to999","7372","7374","73;737;7372;7374","513210","518210","51;513;5132;51321;513210;518;5182;51821;518210","Software","Customer Relationship Management (CRM) Software","Software","Customer Relationship Management (CRM) Software","software","software.crm","4401849","https://app.zoominfo.com/#/apps/profile/company/371763531","http://www.linkedin.com/company/bloomerang","http://www.facebook.com/bloomerangtech","http://www.x.com/bloomerangtech","Private","B2B","Yes","April 13, 2026","1930","0","Other Financing Round","February 08, 2024","Warburg Pincus","CIBC;Warburg Pincus;JMI Equity;PPP","9120 Otis Ave","Indianapolis","Indiana","46216","United States","9120 Otis Ave, Indianapolis, Indiana, 46216, United States","1","","","","","","","instantexportexcel1789639591758"
"84018501","Lynx Software Technologies","www.lynx.com","300","Employees.250to499","7371","7372","73;737;7371;7372;7379","513210","518210","51;513;5132;51321;513210;518;5182;51821;518210;54;541;5415;54151;541511;541512","Software","Engineering Software","Software","Engineering Software;Security Software;Storage & System Management Software","software","software.eng","1434560","https://app.zoominfo.com/#/apps/profile/company/84018501","http://www.linkedin.com/company/lynxsoftwaretechnologies","","http://www.twitter.com/lynxtechllc","Private","B2B","Yes","August 18, 2026","35350","0","Unspecified","June 23, 2022","OceanSound Partners","Dain Rauscher Wessels;Satwik Ventures;Lite-On Technology;Motorola Solutions Venture Capital;Intel Communications Fund;OceanSound Partners;PPP","855 Embedded Way","San Jose","California","95138","United States","855 Embedded Way, San Jose, California, 95138, United States","2","","","","","","","instantexportexcel1789639591758"
"368329127","HealthJoy","www.healthjoy.com","400","Employees.250to499","7371","7372","73;737;7371;7372;7374","541511","54151","54;541;5415;54151;541511","Software","Human Resources Software","Software","Human Resources Software;Healthcare Software","software","software.hr","1150131","https://app.zoominfo.com/#/apps/profile/company/368329127","http://www.linkedin.com/company/healthjoy","http://www.facebook.com/healthjoydotcom","http://www.twitter.com/healthjoy","Private","B2B","Yes","May 23, 2024","108500","60000","Series D","October 27, 2022","Valspring Capital;CIBC Innovation Banking;Endeavour Vision","Ben Evans;Brad Hoover;Eduardo Vivas;Jason Theofilis;Andrew Sieja;Social Capital;Sidekick Fund;Chicago Ventures;GoHealth;Valspring Capital;CIBC Innovation Banking;Endeavour Vision;U.S. Venture Partners;Brandon Cruz;Health Velocity Capital;Epic Ventures;Clint Jones;Chicago Ventures;GoHealth;Chicago Ventures;U.S. Venture Partners;Epic Ventures;Sidekick Ventures","215 W Superior St Ste 5","Chicago","Illinois","60654","United States","215 W Superior St Ste 5, Chicago, Illinois, 60654, United States","1","","","","","","","instantexportexcel1789639591758"
"406149527","LucidLink","www.lucidlink.com","272","Employees.250to499","7372","7374","73;737;7372;7374","513210","518210","51;513;5132;51321;513210;518;5182;51821;518210","Software","Storage & System Management Software","Software","Storage & System Management Software","software","software.storage","557288","https://app.zoominfo.com/#/apps/profile/company/406149527","http://www.linkedin.com/company/lucidlink","http://www.facebook.com/lucidlinkcloud","http://www.twitter.com/lucid_link","Private","B2B","Yes","April 11, 2024","113150","75000","Series C","November 20, 2023","Baseline Ventures;Brighton Park Capital;Headline","PPP;Baseline Ventures;Headline;BrightCap Ventures;Baseline Ventures;Adobe;BrightCap Ventures;Baseline Ventures;Brighton Park Capital;Headline;Bain Capital Ventures;S28 Capital;Fathom Capital;BrightCap Ventures;Baseline Ventures","58 West Portal Ave PMB 256","San Francisco","California","94127","United States","58 West Portal Ave PMB 256, San Francisco, California, 94127, United States","2","","","","","","","instantexportexcel1789639591758"
"358389564","Tyme Global Technologies","www.tymeglobal.com","200","Employees.100to249","7372","7374","73;737;7372;7374;7379","513210","517810","51;513;5132;51321;513210;517;5178;51781;517810;54;541;5415;54151;541511;541512;541513","Business Services","Custom Software & IT Services","Business Services;Software","Custom Software & IT Services;Call Centers & Business Centers;Networking Software","bizservice","bizservice.techconsulting","3207312","https://app.zoominfo.com/#/apps/profile/company/358389564","http://www.linkedin.com/company/tyme-global","http://www.facebook.com/tymegloballlc","http://www.twitter.com/tymeglobal","Private","B2B","Yes","March 07, 2024","844","494","Debt","March 31, 2021","PPP","PPP;PPP","60 W 66th St Apt 15A","New York","New York","10023","United States","60 W 66th St Apt 15A, New York, New York, 10023, United States","3","","","","","","","instantexportexcel1789639591758"
"566146128","EliseAI","www.eliseai.com","500","Employees.500to999","7372","7374","73;737;7372;7374;7379","513210","518210","51;513;5132;51321;513210;518;5182;51821;518210;54;541;5415;54151;541511;541512","Software","Customer Relationship Management (CRM) Software","Software","Customer Relationship Management (CRM) Software;Healthcare Software","software","software.crm","644060","https://app.zoominfo.com/#/apps/profile/company/566146128","http://www.linkedin.com/company/eliseai","http://www.facebook.com/elise-ai-61562759232088","http://www.x.com/elise_ai","Private","B2B","Yes","June 11, 2026","495001","210001","Stock/Share Issuance","August 21, 2025","","Navitas Capital;Andreessen Horowitz;Bessemer Venture Partners;Sapphire Ventures;Golden Seeds;DivcoWest;JLL Spark;Navitas Capital","33 E 33rd St","New York","New York","10016","United States","33 E 33rd St, New York, New York, 10016, United States","1","","","","","","","instantexportexcel1789639591758"
"345948934","Kaltura","www.kaltura.com","494","Employees.250to499","7371","7379","73;737;7371;7379","541511","54151","54;541;5415;54151;541511","Software","Content & Collaboration Software","Software","Content & Collaboration Software;Multimedia, Games & Graphics Software","software","software.contentcol","37303","https://app.zoominfo.com/#/apps/profile/company/345948934","http://www.linkedin.com/company/kaltura","http://www.facebook.com/kaltura","http://www.x.com/kaltura","Public","B2B","Yes","August 06, 2026","165100","50000","Private Equity","August 07, 2016","Goldman Sachs",".406 Ventures;Intel Capital;Gera Ventures;Nokia Growth Partners;Nexus Venture Partners;Mitsui & Co, Ltd.;.406 Ventures;Sapphire Ventures;Global Investments Inc.;Commonfund Capital;Silicon Valley Bank;Avalon Ventures;Goldman Sachs;Intel Capital;Avalon Ventures;Nexus Venture Partners;ORIX USA;.406 Ventures;Mitsui Global Investments;Intel Capital;.406 Ventures;Nexus Venture Partners;Avalon Ventures;Silicon Valley Bank","860 Broadway Fl 3","New York","New York","10003","United States","860 Broadway Fl 3, New York, New York, 10003, United States","1","","","","","","","instantexportexcel1789639591758"
"451329573","DealHub","www.dealhub.io","317","Employees.250to499","7372","7374","73;737;7372;7374;7379","513210","518210","51;513;5132;51321;513210;518;5182;51821;518210","Software","Customer Relationship Management (CRM) Software","Software","Customer Relationship Management (CRM) Software","software","software.crm","166893","https://app.zoominfo.com/#/apps/profile/company/451329573","http://www.linkedin.com/company/dealhubio","http://www.facebook.com/dealhub.io","http://www.x.com/dealhubio","Private","B2B","Yes","January 22, 2026","183000","100000","Private Equity","January 19, 2026","Riverwood Capital","Shaked Ventures;Cornerstone Venture Partners;Riverwood Capital;Alpha Wave Global","153 2nd St","Los Altos","California","94022","United States","153 2nd St, Los Altos, California, 94022, United States","2","","","","","","","instantexportexcel1789639591758"
"481374014","Cresta","www.cresta.com","500","Employees.500to999","7371","7372","73;737;7371;7372;7379","541511","541715","54;541;5415;54151;541511;5417;54171;541715","Software","Customer Relationship Management (CRM) Software","Software","Customer Relationship Management (CRM) Software","software","software.crm","1101009","https://app.zoominfo.com/#/apps/profile/company/481374014","http://www.linkedin.com/company/cresta-inc","","http://www.twitter.com/cresta","Private","B2B","Yes","June 01, 2026","276000","125000","Series D","November 19, 2024","Accenture;Qatar Investment Authority;Qualcomm;WiL","Tiger Global Management;Genesys;Five9;Accenture;Qatar Investment Authority;Qualcomm;WiL;Greylock Partners;Andreessen Horowitz;Porsche Ventures;Allen & Company;Steamboat Ventures;Vivi Nevo;Andreessen Horowitz;Greylock Partners;Andy Bechtolsheim;Mark Leslie","100 S Murphy Ave Ste 300","Sunnyvale","California","94086","United States","100 S Murphy Ave Ste 300, Sunnyvale, California, 94086, United States","2","","","","","","","instantexportexcel1789639591758"
"345610047","CB Insights","www.cbinsights.com","380","Employees.250to499","7374","7375","73;737;7374;7375;7379;738;7389","519290","51929","51;519;5192;51929;519290","Media & Internet","Data Collection & Internet Portals","Media & Internet;Software;Business Services","Data Collection & Internet Portals;Business Intelligence (BI) Software;Advertising & Marketing","media","media.data","44735","https://app.zoominfo.com/#/apps/profile/company/345610047","http://www.linkedin.com/company/cb-insights","http://www.facebook.com/cbinsights","http://www.twitter.com/cbinsights","Private","B2B","Yes","November 06, 2023","13650","2000","Debt","April 13, 2020","PPP","PPP;NYSERDA;Pilot Growth Equity Partners;National Science Foundation","498 Fashion Ave Fl 12","New York","New York","10018","United States","498 Fashion Ave Fl 12, New York, New York, 10018, United States","1","","","","","","","instantexportexcel1789639591758"
"348151902","Inovaare","www.inovaare.com","250","Employees.250to499","7371","7372","73;737;7371;7372;7374","513210","518210","51;513;5132;51321;513210;518;5182;51821;518210;54;541;5415;54151;541511;541512;541513;541519","Software","Healthcare Software","Software","Healthcare Software","software","software.health","7888039","https://app.zoominfo.com/#/apps/profile/company/348151902","http://www.linkedin.com/company/inovaare-corporation","http://www.facebook.com/inovaarecmscompliancesoftware","http://www.twitter.com/inovaarecmstech","Private","B2B","Yes","April 04, 2024","150","150","Debt","May 03, 2020","PPP","PPP","1525 Mccarthy Blvd Ste 1005","Milpitas","California","95035","United States","1525 Mccarthy Blvd Ste 1005, Milpitas, California, 95035, United States","2","","","","","","","instantexportexcel1789639591758"
"3330193","Alianza","www.alianza.com","388","Employees.250to499","4813","7372","48;481;4813;73;737;7372;7379","513210","517810","51;513;5132;51321;513210;517;5178;51781;517810","Business Services","Custom Software & IT Services","Business Services;Telecommunications;Software","Custom Software & IT Services;Telephony & Wireless;Networking Software","bizservice","bizservice.techconsulting","991720","https://app.zoominfo.com/#/apps/profile/company/3330193","http://www.linkedin.com/company/alianza","http://www.facebook.com/alianzacloud","http://www.twitter.com/alianza_inc","Private","B2B","Yes","March 14, 2024","87371","61000","Private Equity","October 31, 2023","Texas Capital Bank","PPP;Peninsula Ventures;vSpring Capital;GrayHawk Capital;University Ventures;vSpring Capital;vSpring Capital;vSpring Capital;Texas Capital Bank","1064 S North County Blvd Ste 500","Pleasant Grove","Utah","84062","United States","1064 S North County Blvd Ste 500, Pleasant Grove, Utah, 84062, United States","2","","","","","","","instantexportexcel1789639591758"
"356950887","DroneDeploy","www.dronedeploy.com","346","Employees.250to499","7372","7374","73;737;7372;7374","513210","518210","51;513;5132;51321;513210;518;5182;51821;518210","Software","Engineering Software","Software","Engineering Software;Mobile App Development","software","software.eng","104043","https://app.zoominfo.com/#/apps/profile/company/356950887","http://www.linkedin.com/company/dronedeploy","http://www.facebook.com/dronedeploy","http://www.x.com/dronedeploy","Private","B2B","Yes","September 16, 2025","156000","15000","Other Financing Round","September 08, 2025","","DFJ;Redpoint Ventures;Data Collective;AngelPad;SoftTech VC;Bessemer Venture Partners;AngelPad companies;Bessemer Venture Partners;Emergence Capital Partners;Energize Ventures LLC;AngelPad;AirTree Ventures;Uncork Capital;BA Venture Partners;Frontline Ventures;AngelPad companies;Data Collective;Emergence Capital Partners;AirTree Ventures;Invenergy Future Fund;AngelPad companies;Scale Venture Partners;Emergence Capital Partners;BA Venture Partners;High Alpha","548 Market St Pmb 34583","San Francisco","California","94104","United States","548 Market St Pmb 34583, San Francisco, California, 94104, United States","2","","","","","","","instantexportexcel1789639591758"
"346519405","Invoice Cloud","www.invoicecloud.net","365","Employees.250to499","7372","7374","73;737;7372;7374","513210","518210","51;513;5132;51321;513210;518;5182;51821;518210","Software","Financial Software","Software","Financial Software","software","software.finance","241338","https://app.zoominfo.com/#/apps/profile/company/346519405","http://www.linkedin.com/company/invoice-cloud-inc","http://www.facebook.com/icinvoicecloud","http://www.twitter.com/invoicecloud","Private","B2B","Yes","August 03, 2026","0","0","","","","","10 Fan Pier Blvd Ste 4","Boston","Massachusetts","02210","United States","10 Fan Pier Blvd Ste 4, Boston, Massachusetts, 02210, United States","3","","","","","","","instantexportexcel1789639591758"
"357301457","Apiture","www.apiture.com","250","Employees.250to499","7371","7372","73;737;7371;7372;7379","513210","518210","51;513;5132;51321;513210;518;5182;51821;518210","Software","Financial Software","Software","Financial Software","software","software.finance","8334","https://app.zoominfo.com/#/apps/profile/company/357301457","http://www.linkedin.com/company/apiture","http://www.facebook.com/apiture","http://www.x.com/apiture","Private","B2B","Yes","June 01, 2026","69000","10000","Other Financing Round","November 14, 2023","T. Rowe Price","T. Rowe Price;Bankers Healthcare Group LLC;Live Oak Bank;Pinnacle Bank;T. Rowe Price","1805 Tiburon Dr","Wilmington","North Carolina","28403","United States","1805 Tiburon Dr, Wilmington, North Carolina, 28403, United States","1","","","","","","","instantexportexcel1789639591758"
"363781787","PayActiv","www.payactiv.com","300","Employees.250to499","7371","7379","73;737;7371;7379","541511","541519","54;541;5415;54151;541511;541519","Software","Financial Software","Software;Finance","Financial Software;Lending & Brokerage","software","software.finance","122475","https://app.zoominfo.com/#/apps/profile/company/363781787","http://www.linkedin.com/company/payactiv-inc-","http://www.facebook.com/payactiv","http://www.twitter.com/payactiv","Private","B2B","Yes","May 29, 2024","142749","100000","Series C","August 13, 2020","Generation Partners;Eldridge Company LLC","Softbank Capital;Softbank Capital;Ziegler Link Age Fund II;Generation Partners;SoftBank Group Corp.;Generation Partners;Eldridge Company LLC","400 N Mccarthy Blvd Ste 200","Milpitas","California","95035","United States","400 N Mccarthy Blvd Ste 200, Milpitas, California, 95035, United States","2","","","","","","","instantexportexcel1789639591758"
"357194246","Seeq","www.seeq.com","231","Employees.100to249","7372","7374","73;737;7372;7374;7379","513210","51321","51;513;5132;51321;513210","Software","Business Intelligence (BI) Software","Software","Business Intelligence (BI) Software","software","software.bi","2122362","https://app.zoominfo.com/#/apps/profile/company/357194246","http://www.linkedin.com/company/seeqcorporation","http://www.facebook.com/seeqcorp","http://www.twitter.com/seeqcorporation","Private","B2B","Yes","August 06, 2024","189372","50000","Series D","August 06, 2024","Sixth Street Growth;Saudi Aramco Energy Ventures;Altira Group","Altira Group;Siemens Venture Capital;Chevron;Cisco Investments;Avenue Partners;Saudi Aramco Energy Ventures;Phillips 66;Avenue Partners;Altira Group;Avenue Partners;Insight Partners;Saudi Aramco Energy Ventures;Cisco Investments;Chevron;Sixth Street Growth;Saudi Aramco Energy Ventures;Altira Group;Ignition Partners;Altira Group, LLC;Avenue Partners;Ignition Partners","113 Cherry St Pmb 78762","Seattle","Washington","98104","United States","113 Cherry St Pmb 78762, Seattle, Washington, 98104, United States","1","","","","","","","instantexportexcel1789639591758"
"471477002","Hammerspace","www.hammerspace.com","300","Employees.250to499","7371","7372","73;737;7371;7372;7374","513210","518210","51;513;5132;51321;513210;518;5182;51821;518210;54;541;5415;54151;541511","Software","Storage & System Management Software","Software","Storage & System Management Software","software","software.storage","4006028","https://app.zoominfo.com/#/apps/profile/company/471477002","http://www.linkedin.com/company/hammerspace","http://www.facebook.com/hammerspaceinc","http://www.x.com/hammerspace_inc","Private","B2B","Yes","August 18, 2026","157811","100000","Other Financing Round","April 16, 2025","Altimeter Capital;ARK Investment Management","PPP;PPP;Ark Invest;Prosperity7 Ventures;Altimeter Capital;ARK Investment Management","305 Main St Ste 300","Redwood City","California","94063","United States","305 Main St Ste 300, Redwood City, California, 94063, United States","2","","","","","","","instantexportexcel1789639591758"
"357187584","Knightscope","www.knightscope.com","400","Employees.250to499","3812","7372","38;381;3812;73;737;7372;7379;738;7382","334511","541511","33;334;3345;33451;334511;54;541;5415;54151;541511;5417;54171;541715","Manufacturing","Test & Measurement Equipment","Manufacturing;Business Services;Software","Test & Measurement Equipment;Custom Software & IT Services;Security Software;Industrial Machinery & Equipment","mfg","mfg.testequipment","840769","https://app.zoominfo.com/#/apps/profile/company/357187584","http://www.linkedin.com/company/knightscope-inc-","http://www.facebook.com/knightscope","http://www.twitter.com/iknightscope","Public","B2B","Yes","December 10, 2024","205423","100000","Stock Issuance/Offering","April 05, 2022","B. Riley Principal Capital","NTT DOCOMO Ventures;Stacy Dean Stephens;William Santana Li;Kishore Ganji;SeedInvest;Plug and Play;Evan Cheng;NTT DOCOMO Ventures;UpHonest Capital;QueensBridge Venture Partners;Bright Success Capital;Sood Ventures;Flextronics Lab IX;Konica Minolta;F50;Konica Minolta Inc;Silicon Valley Bank;PPP;SeedInvest;B. Riley Principal Capital;Bright Success Capital","305 N Mathilda Ave","Sunnyvale","California","94085","United States","305 N Mathilda Ave, Sunnyvale, California, 94085, United States","2","","","","","","","instantexportexcel1789639591758"
"445594512","Cofense","www.cofense.com","400","Employees.250to499","7371","7372","73;737;7371;7372;7374;7379","541511","541512","54;541;5415;54151;541511;541512;541513;541519","Software","Security Software","Software;Business Services","Security Software;Custom Software & IT Services","software","software.security","855738","https://app.zoominfo.com/#/apps/profile/company/445594512","http://www.linkedin.com/company/cofense","http://www.facebook.com/cofense","http://www.twitter.com/cofense","Private","B2B","Yes","May 07, 2024","58000","0","Other Financing Round","April 28, 2020","BlackRock Private Equity Partners","BlackRock Private Equity Partners;Aldrich Capital Partners;Paladin Capital Group;Paladin Capital Group;Bessemer Venture Partners;Paladin Capital Group","1602 Village Market Blvd SE Ste 400","Leesburg","Virginia","20175","United States","1602 Village Market Blvd SE Ste 400, Leesburg, Virginia, 20175, United States","2","","","","","","","instantexportexcel1789639591758"
"11207492","Dialogic","www.dialogic.com","433","Employees.250to499","7371","7372","73;737;7371;7372;7379","513210","51321","51;513;5132;51321;513210","Software","Networking Software","Software","Networking Software","software","software.network","1149035","https://app.zoominfo.com/#/apps/profile/company/11207492","http://www.linkedin.com/company/dialogic-montreal-limited","","http://www.twitter.com/dialogic","Private","B2B","Yes","June 08, 2022","0","0","","","","","4 Gatehall Dr","Parsippany","New Jersey","07054","United States","4 Gatehall Dr, Parsippany, New Jersey, 07054, United States","15","","","","","","","instantexportexcel1789639591758"
"10551318","Daon","www.daon.com","270","Employees.250to499","7371","7372","73;737;7371;7372;7373;7379","513210","541511","51;513;5132;51321;513210;54;541;5415;54151;541511;541512","Software","Security Software","Software","Security Software","software","software.security","2717595","https://app.zoominfo.com/#/apps/profile/company/10551318","http://www.linkedin.com/company/daon","","http://www.twitter.com/daoninc","Private","B2B","Yes","May 08, 2024","0","0","","","","","4097 Monument Corner Dr Ste 550","Fairfax","Virginia","22030","United States","4097 Monument Corner Dr Ste 550, Fairfax, Virginia, 22030, United States","4","","","","","","","instantexportexcel1789639591758"
"345606655","Muck Rack","www.muckrack.com","400","Employees.250to499","7372","7374","73;737;7372;7374;7375","513210","518210","51;513;5132;51321;513210;518;5182;51821;518210","Software","Content & Collaboration Software","Software","Content & Collaboration Software;Business Intelligence (BI) Software","software","software.contentcol","25523","https://app.zoominfo.com/#/apps/profile/company/345606655","http://www.linkedin.com/company/muckrack","http://www.facebook.com/muckrack","http://www.twitter.com/muckrack","Private","B2B","Yes","June 21, 2024","180000","180000","Series A","September 07, 2022","Susquehanna Growth Equity","Susquehanna Growth Equity","382 NE 191st St # 74788","Miami","Florida","33179","United States","382 NE 191st St # 74788, Miami, Florida, 33179, United States","1","","","","","","","instantexportexcel1789639591758"
"15636643","Arcadia","www.arcadia.io","310","Employees.250to499","7371","7372","73;737;7371;7372;7379","513210","541519","51;513;5132;51321;513210;54;541;5415;54151;541519","Software","Healthcare Software","Software","Healthcare Software","software","software.health","2210517","https://app.zoominfo.com/#/apps/profile/company/15636643","http://www.linkedin.com/company/arcadia-io","http://www.facebook.com/arcadia.io","http://www.twitter.com/arcadiahealthit","Private","B2B","Yes","February 10, 2025","168000","125000","Other Financing Round","April 13, 2023","Vista Equity Partners","Vista Equity Partners;Morgan Stanley Alternative Investment Partners;Peloton Equity;GE Ventures;Zaffre Investments;Zaffre Investments;Peloton Equity","320 Summer St Fl 3","Boston","Massachusetts","02210","United States","320 Summer St Fl 3, Boston, Massachusetts, 02210, United States","2","","","","","","","instantexportexcel1789639591758"
"382362949","LogicGate","www.logicgate.com","236","Employees.100to249","7372","7379","73;737;7372;7379","513210","518210","51;513;5132;51321;513210;518;5182;51821;518210","Software","Security Software","Software","Security Software","software","software.security","361503","https://app.zoominfo.com/#/apps/profile/company/382362949","http://www.linkedin.com/company/logic-gate","http://www.facebook.com/logicgateriskcloud","http://www.twitter.com/logicgate","Private","B2B","Yes","May 29, 2024","148150","113000","Series C","July 28, 2021","PSG","PSG;Greenspring Associates;High Alpha;Silicon Valley Bank;Jump Capital;Jump Capital;PPP;OCA Ventures;Hyde Park Venture Partners , MATH Venture Partners , Techstars Ventures , Firestarter Fund;Chicago Ventures;Connetic Ventures;Sandalphon Capital","320 W Ohio St Ste 5E","Chicago","Illinois","60654","United States","320 W Ohio St Ste 5E, Chicago, Illinois, 60654, United States","2","","","","","","","instantexportexcel1789639591758"
"343741499","GVTC Communications","www.gvtc.com","225","Employees.100to249","4813","4841","48;481;4813;484;4841","517111","51711","51;517;5171;51711;517111","Telecommunications","Telephony & Wireless","Telecommunications","Telephony & Wireless;Cable & Satellite;Internet Service Providers, Website Hosting & Internet-related Services","telecom","telecom.telephone","613774","https://app.zoominfo.com/#/apps/profile/company/343741499","http://www.linkedin.com/company/officialgvtc","http://www.facebook.com/officialgvtc","http://www.twitter.com/officialgvtc","Private","B2B","Yes","July 02, 2024","0","0","","","","","36101 Fm 3159","New Braunfels","Texas","78132","United States","36101 Fm 3159, New Braunfels, Texas, 78132, United States","4","","","","","","","instantexportexcel1789639591758"
"357654619","Solutionreach","www.solutionreach.com","400","Employees.250to499","7372","7374","73;737;7372;7374;7379","513210","518210","51;513;5132;51321;513210;518;5182;51821;518210;54;541;5415;54151;541511;541512;541513;541519","Software","Healthcare Software","Software","Healthcare Software","software","software.health","38980","https://app.zoominfo.com/#/apps/profile/company/357654619","http://www.linkedin.com/company/solutionreach","http://www.facebook.com/solutionreach","http://www.twitter.com/solutionreach","Private","B2B","Yes","June 06, 2024","0","0","","","","","2600 N Ashton Blvd","Lehi","Utah","84043","United States","2600 N Ashton Blvd, Lehi, Utah, 84043, United States","2","","","","","","","instantexportexcel1789639591758"
"371832462","Branch","www.branch.io","500","Employees.500to999","7372","7374","73;737;7372;7374;7379","513210","518210","51;513;5132;51321;513210;518;5182;51821;518210;54;541;5415;54151;541511","Software","Mobile App Development","Software","Mobile App Development;Customer Relationship Management (CRM) Software","software","software.app","147710","https://app.zoominfo.com/#/apps/profile/company/371832462","http://www.linkedin.com/company/3813083","http://www.facebook.com/branchmetrics","","Private","B2B","Yes","April 30, 2026","414704","300000","Corporate Investment","February 10, 2022","Tiger Global Management;Dragoneer Investment Group","Tiger Global Management;Dragoneer Investment Group;Pear Ventures;New Enterprise Associates;Founders Fund;Madrona Venture Group;Pejman Mar Ventures;Cowboy Ventures;Founders Fund;Pear Ventures;Madrona Ventures;Playground;Cowboy Ventures;New Enterprise Associates;Ben Narasin;Pear Ventures;New Enterprise Associates,;TriplePoint Venture Growth BDC;Cowboy Ventures;New Enterprise Associates;Zach Coelius;Pejman Mar Ventures;Ben Narasin","1975 W El Camino Real Ste 102","Mountain View","California","94040","United States","1975 W El Camino Real Ste 102, Mountain View, California, 94040, United States","1","","","","","","","instantexportexcel1789639591758"
"58902957","Credible","www.credible.com","350","Employees.250to499","6141","6162","61;614;6141;616;6162;6163","522310","52231","52;522;5223;52231;522310","Finance","Lending & Brokerage","Finance;Software","Lending & Brokerage;Financial Software","finance","finance.brokerage","34792","https://app.zoominfo.com/#/apps/profile/company/58902957","http://www.linkedin.com/company/crediblelabs","","http://www.twitter.com/credible","Private","B2B","Yes","August 01, 2025","74550","350","Debt","April 28, 2020","PPP","Cthulhu Ventures;Orrick;Redbus Group;Carthona Capital;Cap-Meridian Ventures;Regal Funds Management;Carthona Capital;Ron Suber;James Synge;Dean Dorrell;Soul Htite;Carthona Capital;Ron Suber;Scott Langmack;Simon Franks;Trevor Loewensohn;Orrick;Cthulhu Ventures;Mitch Zuklie;Itamar Novick;Peter Gammell;Dean Dorrell;Carthona Capital;Cthulhu Ventures;Cap-Meridian Ventures;Redbus Group;Carthona Capital;Orrick;PPP","6945 Northpark Blvd Ste L","Charlotte","North Carolina","28216","United States","6945 Northpark Blvd Ste L, Charlotte, North Carolina, 28216, United States","1","","","","","","","instantexportexcel1789639591758"
"1036080","ACS Technologies","www.acstechnologies.com","493","Employees.250to499","7371","7372","73;737;7371;7372;7374;7379","513210","518210","51;513;5132;51321;513210;518;5182;51821;518210","Software","Content & Collaboration Software","Software","Content & Collaboration Software;Customer Relationship Management (CRM) Software;Financial Software","software","software.contentcol","965218","https://app.zoominfo.com/#/apps/profile/company/1036080","http://www.linkedin.com/company/acs-technologies","http://www.facebook.com/acstechnologies","http://www.twitter.com/acstech","Private","B2B","Yes","August 29, 2022","0","0","","","","","180 Dunbarton Dr","Florence","South Carolina","29501","United States","180 Dunbarton Dr, Florence, South Carolina, 29501, United States","4","","","","","","","instantexportexcel1789639591758"
"368797002","Faithlife","www.faithlife.com","385","Employees.250to499","7372","737","73;737;7372","513210","51321","51;513;5132;51321;513210","Software","Content & Collaboration Software","Software;Media & Internet","Content & Collaboration Software;Publishing","software","software.contentcol","90959","https://app.zoominfo.com/#/apps/profile/company/368797002","http://www.linkedin.com/company/oxford-church-of-christ","http://www.facebook.com/faithlife","http://www.twitter.com/faithlife","Private","B2B","Yes","July 05, 2024","0","0","","","","","1313 Commercial St","Bellingham","Washington","98225","United States","1313 Commercial St, Bellingham, Washington, 98225, United States","2","","","","","","","instantexportexcel1789639591758"
"449352236","Owl Cyber Defense","www.owlcyberdefense.com","223","Employees.100to249","3669","7372","36;366;3669;73;737;7372;7373;7379","334290","541512","33;334;3342;33429;334290;54;541;5415;54151;541512;541519","Manufacturing","Telecommunication Equipment","Manufacturing;Software","Telecommunication Equipment;Security Software","mfg","mfg.telecom","3242269","https://app.zoominfo.com/#/apps/profile/company/449352236","http://www.linkedin.com/company/owlcyberdefense","http://www.facebook.com/owlcyberdefense","http://www.twitter.com/owlcyberdefense","Private","B2B","Yes","December 09, 2025","0","0","","","","","8840 Stanford Blvd Ste 2100","Columbia","Maryland","21045","United States","8840 Stanford Blvd Ste 2100, Columbia, Maryland, 21045, United States","2","","","","","","","instantexportexcel1789639591758"
"403174675","Omnidian","www.omnidian.com","375","Employees.250to499","7376","7379","73;737;7376;7379;87;874;8742","541511","541513","54;541;5415;54151;541511;541513;5416;54169;541690","Business Services","Custom Software & IT Services","Business Services;Software","Custom Software & IT Services;Business Intelligence (BI) Software","bizservice","bizservice.techconsulting","1890167","https://app.zoominfo.com/#/apps/profile/company/403174675","http://www.linkedin.com/company/omnidian-inc.","","http://www.x.com/omnidian","Private","B2B","Yes","April 23, 2025","165100","87000","Other Financing Round","April 23, 2025","Active Capital;B Capital Group;Liberty Mutual Investments;BCG;National Grid Partners","Evergy Ventures;Centrica;Energy Foundry;City Light Capital;Blue Bear Capital;Liberty Mutual Insurance;Wind Ventures;National Grid Partners;Congruent Ventures;Evergy;National Grid;IA Capital;Avista Corp;Congruent Ventures;City Light Capital;Blue Bear Capital;Ekistic Ventures;Energy Foundry;Congruent Ventures;Avista;City Light Capital;Blue Bear Capital;Avista Development;Congruent Ventures;HSBC Asset Management;Wind Ventures;National Grid Partners;Activate Capital;Blue Bear Capital;Active Capital;B Capital Group;Liberty Mutual Investments;BCG;National Grid Partners","107 Spring St","Seattle","Washington","98104","United States","107 Spring St, Seattle, Washington, 98104, United States","2","","","","","","","instantexportexcel1789639591758"
"347806394","Ncontracts","www.ncontracts.com","300","Employees.250to499","7371","737","73;737;7371","513210","518210","51;513;5132;51321;513210;518;5182;51821;518210;54;541;5415;54151;541511;541512;541519","Software","Financial Software","Software","Financial Software","software","software.finance","951175","https://app.zoominfo.com/#/apps/profile/company/347806394","http://www.linkedin.com/company/ncontracts","http://www.facebook.com/ncontracts","http://www.twitter.com/ncontracts","Private","B2B","Yes","September 07, 2026","810","0","Private Equity","January 23, 2020","Gryphon Investors","Gryphon Investors;XMi High Growth Development Fund;XMi High Growth Development Fund;Mainsail Partners","1221 Broadway Ste 1900","Nashville","Tennessee","37203","United States","1221 Broadway Ste 1900, Nashville, Tennessee, 37203, United States","4","","","","","","","instantexportexcel1789639591758"
"474902190","Finzly","www.finzly.com","303","Employees.250to499","7371","7372","73;737;7371;7372;7374","513210","518210","51;513;5132;51321;513210;518;5182;51821;518210","Software","Financial Software","Software","Financial Software","software","software.finance","3786054","https://app.zoominfo.com/#/apps/profile/company/474902190","http://www.linkedin.com/company/finzly","http://www.facebook.com/finzlybanking","http://www.x.com/finzly","Private","B2B","Yes","July 29, 2026","10279","10000","Series A","October 19, 2023","TZP Growth Equity","PPP;TZP Growth Equity","2815 Coliseum Centre Dr Ste 240","Charlotte","North Carolina","28217","United States","2815 Coliseum Centre Dr Ste 240, Charlotte, North Carolina, 28217, United States","3","","","","","","","instantexportexcel1789639591758"
"41700229","FranConnect","www.franconnect.com","380","Employees.250to499","7371","7372","73;737;7371;7372;7379","513210","518210","51;513;5132;51321;513210;518;5182;51821;518210;54;541;5415;54151;541511;541512;541513;541519","Software","Customer Relationship Management (CRM) Software","Software","Customer Relationship Management (CRM) Software","software","software.crm","1148713","https://app.zoominfo.com/#/apps/profile/company/41700229","http://www.linkedin.com/company/franconnect-usa","http://www.facebook.com/franconnect","http://www.twitter.com/franconnect","Private","B2B","Yes","July 04, 2024","0","0","Unspecified","November 13, 2014","Serent Capital","Serent Capital","13865 Sunrise Valley Dr Ste 150","Herndon","Virginia","20171","United States","13865 Sunrise Valley Dr Ste 150, Herndon, Virginia, 20171, United States","4","","","","","","","instantexportexcel1789639591758"
"565371844","ELB Learning","www.elblearning.com","500","Employees.500to999","7372","7379","73;737;7372;7379;82;829;8299","513210","518210","51;513;5132;51321;513210;518;5182;51821;518210;61;611;6114;61143;611430","Business Services","Custom Software & IT Services","Business Services;Education;Software","Custom Software & IT Services;Training;Content & Collaboration Software","bizservice","bizservice.techconsulting","2274493","https://app.zoominfo.com/#/apps/profile/company/565371844","http://www.linkedin.com/company/elblearning","http://www.facebook.com/elblearning","http://www.twitter.com/elblearning","Private","B2B","Yes","June 26, 2024","92000","54000","Private Equity","February 02, 2022","RLG Capital;Trinity Investors Fund","RLG Capital;Trinity Private Equity Group;RLG Capital;Trinity Investors Fund","55 N Merchant St","American Fork","Utah","84003","United States","55 N Merchant St, American Fork, Utah, 84003, United States","1","","","","","","","instantexportexcel1789639591758"
"88344442","GPS Insight","www.gpsinsight.com","265","Employees.250to499","7371","7376","73;737;7371;7376","513210","518210","51;513;5132;51321;513210;518;5182;51821;518210;54;541;5415;54151;541511;541512;541513;541519","Software","Supply Chain Management (SCM) Software","Software","Supply Chain Management (SCM) Software;Mobile App Development","software","software.scm","282328","https://app.zoominfo.com/#/apps/profile/company/88344442","http://www.linkedin.com/company/gps-insight-llc","http://www.facebook.com/gpsinsight","http://www.x.com/gpsinsight","Private","B2B","Yes","July 11, 2024","0","0","Debt","May 10, 2023","Silicon Valley Bank","Silicon Valley Bank;Bregal Sagemount","7201 E Henkel Way Ste 400","Scottsdale","Arizona","85255","United States","7201 E Henkel Way Ste 400, Scottsdale, Arizona, 85255, United States","5","","","","","","","instantexportexcel1789639591758"
"367529023","Cambridge Mobile Telematics","www.cmtelematics.com","492","Employees.250to499","7371","7372","73;737;7371;7372;7374;7379","541511","541512","54;541;5415;54151;541511;541512","Software","Financial Software","Software","Financial Software;Mobile App Development","software","software.finance","1046417","https://app.zoominfo.com/#/apps/profile/company/367529023","http://www.linkedin.com/company/cambridge-mobile-telematics","http://www.facebook.com/cmtelematics","http://www.x.com/cmtelematics","Private","B2B","Yes","March 26, 2026","852500","350000","Other Financing Round","March 23, 2026","State Farm;Allianz X;The Rise Fund","State Farm;Allianz X;The Rise Fund;SoftBank Vision Fund","314 Main St Ste 1200","Cambridge","Massachusetts","02142","United States","314 Main St Ste 1200, Cambridge, Massachusetts, 02142, United States","1","","","","","","","instantexportexcel1789639591758"
"368465322","Pushpay","www.pushpay.com","500","Employees.500to999","7371","7373","73;737;7371;7373","513210","518210","51;513;5132;51321;513210;518;5182;51821;518210;54;541;5415;54151;541511;541512","Software","Financial Software","Software","Financial Software;Customer Relationship Management (CRM) Software;Mobile App Development","software","software.finance","31399","https://app.zoominfo.com/#/apps/profile/company/368465322","http://www.linkedin.com/company/pushpay-ltd","http://www.facebook.com/pushpayltd","http://www.x.com/pushpay","Private","B2B","Yes","June 30, 2026","0","0","","","","","18300 Redmond Way Ste 300","Redmond","Washington","98052","United States","18300 Redmond Way Ste 300, Redmond, Washington, 98052, United States","2","","","","","","","instantexportexcel1789639591758"
"399049127","FieldEdge","www.fieldedge.com","269","Employees.250to499","7371","7372","73;737;7371;7372;7379","541511","541519","54;541;5415;54151;541511;541519","Software","Customer Relationship Management (CRM) Software","Software","Customer Relationship Management (CRM) Software;Mobile App Development","software","software.crm","105775","https://app.zoominfo.com/#/apps/profile/company/399049127","http://www.linkedin.com/company/desco-llc","http://www.facebook.com/descofieldedge","http://www.twitter.com/desco_fieldedge","Private","B2B","Yes","June 27, 2024","0","0","","","","","1525 Hendry St","Fort Myers","Florida","33901","United States","1525 Hendry St, Fort Myers, Florida, 33901, United States","3","","","","","","","instantexportexcel1789639591758"
"34571114","ServiceChannel","www.servicechannel.com","464","Employees.250to499","7371","7372","73;737;7371;7372;7379","513210","518210","51;513;5132;51321;513210;518;5182;51821;518210;54;541;5415;54151;541511;541512;541519","Software","Enterprise Resource Planning (ERP) Software","Software","Enterprise Resource Planning (ERP) Software","software","software.erp","81839","https://app.zoominfo.com/#/apps/profile/company/34571114","http://www.linkedin.com/company/servicechannel","http://www.facebook.com/servicechannelinc","http://www.twitter.com/servicechannel","Private","B2B","Yes","April 13, 2026","55999","54000","Private Equity","May 01, 2017","Accel","Accel","30 Patewood Dr Ste 350 Bldg 2","Greenville","South Carolina","29615","United States","30 Patewood Dr Ste 350 Bldg 2, Greenville, South Carolina, 29615, United States","2","","","","","","","instantexportexcel1789639591758"
"84935239","Noregon","www.noregon.com","282","Employees.250to499","7371","7372","73;737;7371;7372;7379","513210","541511","51;513;5132;51321;513210;54;541;5415;54151;541511","Software","Engineering Software","Software","Engineering Software","software","software.eng","612843","https://app.zoominfo.com/#/apps/profile/company/84935239","http://www.linkedin.com/company/noregon-systems","http://www.facebook.com/noregonsystems","http://www.twitter.com/noregonsystems","Private","B2B","Yes","June 03, 2024","2000","2000","Debt","April 13, 2020","PPP","PPP","7823 National Service Rd","Greensboro","North Carolina","27409","United States","7823 National Service Rd, Greensboro, North Carolina, 27409, United States","2","","","","","","","instantexportexcel1789639591758"
"357286839","Mark43","www.mark43.com","300","Employees.250to499","7371","7372","73;737;7371;7372;7374","513210","51321","51;513;5132;51321;513210","Software","Legal Software","Software","Legal Software","software","software.legal","376810","https://app.zoominfo.com/#/apps/profile/company/357286839","http://www.linkedin.com/company/mark43","http://www.facebook.com/mark43software","http://www.twitter.com/mark43","Private","B2B","Yes","June 26, 2024","296575","55000","Series F","March 29, 2024","General Catalyst","Goldman Sachs;Tiger Global Management;The Spruce House Partnership;Highsage Ventures;Avenir Capital;Spark Capital;Radcliff Companies;General Catalyst;Rough Draft Ventures;Spark Capital;General Catalyst Partners;SV Angel;Launchpad LA;Lowercase Capital;Harvard University;General Catalyst;Jim Breyer;General Catalyst;Spark Capital;General Catalyst;Grape Arbor VC;Rough Draft Ventures;Launchpad LA;Lowercase Capital;General Catalyst","27 W 24th St Fl 5","New York","New York","10010","United States","27 W 24th St Fl 5, New York, New York, 10010, United States","1","","","","","","","instantexportexcel1789639591758"
"351496915","Integrate","www.integrate.com","340","Employees.250to499","7311","7372","73;731;7311;737;7372;7379","513210","518210","51;513;5132;51321;513210;518;5182;51821;518210;54;541;5415;54151;541511","Software","Customer Relationship Management (CRM) Software","Software","Customer Relationship Management (CRM) Software","software","software.crm","1846696","https://app.zoominfo.com/#/apps/profile/company/351496915","http://www.linkedin.com/company/integrate-","http://www.facebook.com/integrateplatform","http://www.twitter.com/integrate","Private","B2B","Yes","August 28, 2026","82399","2000","Debt","April 15, 2020","PPP","Forte Ventures;Iron Gate Capital;Chestnut Street Ventures;Comcast Ventures;Foundry Group;Liberty Global;Foundry Group;Foundry Group;Liberty Global Ventures;Alumni Ventures;High Alpha Capital;Liberty Global;Comcast Ventures;Trinity Capital Investment;Silicon Valley Bank;Trinity Capital Investment;Trinity Capital Investment;Foundry Group;Comcast Ventures;PPP;Foundry Group;Alumni Ventures;High Alpha Capital;Comcast Ventures;Foundry Group;Liberty Global Ventures","1495 Canyon Blvd Ste 1008","Boulder","Colorado","80302","United States","1495 Canyon Blvd Ste 1008, Boulder, Colorado, 80302, United States","5","","","","","","","instantexportexcel1789639591758"
"354039840","Ceros","www.ceros.com","400","Employees.250to499","7371","7372","73;737;7371;7372;7379","513210","518210","51;513;5132;51321;513210;518;5182;51821;518210","Software","Content & Collaboration Software","Software","Content & Collaboration Software;Multimedia, Games & Graphics Software","software","software.contentcol","85884","https://app.zoominfo.com/#/apps/profile/company/354039840","http://www.linkedin.com/company/cerosdotcom","","http://www.twitter.com/cerosdotcom","Private","B2B","Yes","December 09, 2025","114000","100000","Unspecified","July 23, 2020","Sumeru","Grotech Ventures;Greycroft Partners;Silicon Valley Bank;Sigma Prime Ventures;Startup Capital Ventures;CNF Investments;Andreessen Horowitz;Fuse Capital;Greycroft Partners;PPP;Sumeru","40 W 25th St Fl 12","New York","New York","10010","United States","40 W 25th St Fl 12, New York, New York, 10010, United States","2","","","","","","","instantexportexcel1789639591758"
"46334533","Simulations Plus","www.simulations-plus.com","212","Employees.100to249","7373","737","73;737;7373","513210","541511","51;513;5132;51321;513210;54;541;5415;54151;541511;541512;541513","Software","Healthcare Software","Software;Business Services","Healthcare Software;Management Consulting;Research & Development","software","software.health","3557672","https://app.zoominfo.com/#/apps/profile/company/46334533","http://www.linkedin.com/company/95827","http://www.facebook.com/simulationsplus","http://www.x.com/simulationsplus","Public","B2B","Yes","December 09, 2025","5750","5750","Stock Issuance/Offering","June 17, 1997","","","PO Box 12317","Durham","North Carolina","27709","United States","PO Box 12317, Durham, North Carolina, 27709, United States","1","","","","","","","instantexportexcel1789639591758"
"491530","Adeptia","www.adeptia.com","200","Employees.100to249","7371","7372","73;737;7371;7372;7379","541511","541519","54;541;5415;54151;541511;541519","Software","Supply Chain Management (SCM) Software","Software","Supply Chain Management (SCM) Software","software","software.scm","3669341","https://app.zoominfo.com/#/apps/profile/company/491530","http://www.linkedin.com/company/adeptia","http://www.facebook.com/adeptia","http://www.twitter.com/adeptia","Private","B2B","Yes","March 18, 2024","71070","65000","Private Equity","March 22, 2023","PSG Group","Arch Development Partners;PSG Group;PPP","332 S Michigan Ave Unit Ll-a105","Chicago","Illinois","60604","United States","332 S Michigan Ave Unit Ll-a105, Chicago, Illinois, 60604, United States","3","","","","","","","instantexportexcel1789639591758"
"11357063","Baxter Planning Systems","www.baxterplanning.com","410","Employees.250to499","7371","7372","73;737;7371;7372;7379","513210","541511","51;513;5132;51321;513210;54;541;5415;54151;541511;541512","Software","Supply Chain Management (SCM) Software","Software","Supply Chain Management (SCM) Software","software","software.scm","4093687","https://app.zoominfo.com/#/apps/profile/company/11357063","http://www.linkedin.com/company/baxter-planning","http://www.facebook.com/baxterplanning","http://www.twitter.com/baxterplanning","Private","B2B","Yes","June 08, 2022","0","0","Private Equity","October 10, 2017","Polaris Partners","Polaris Partners","7801 N Capital of Texas Hwy Ste 250","Austin","Texas","78731","United States","7801 N Capital of Texas Hwy Ste 250, Austin, Texas, 78731, United States","1","","","","","","","instantexportexcel1789639591758"
"37946301","Terryberry","www.terryberry.com","289","Employees.250to499","7372","7379","73;737;7372;7379;89;899;8999","513210","51321","51;513;5132;51321;513210","Software","Human Resources Software","Software","Human Resources Software","software","software.hr","846700","https://app.zoominfo.com/#/apps/profile/company/37946301","http://www.linkedin.com/company/terryberry-company","http://www.facebook.com/terryberrycompany","http://www.twitter.com/terryberryco","Private","B2B","Yes","July 09, 2024","2000","2000","Debt","April 09, 2020","PPP","PPP","2033 Oak Industrial Dr NE","Grand Rapids","Michigan","49505","United States","2033 Oak Industrial Dr NE, Grand Rapids, Michigan, 49505, United States","5","","","","","","","instantexportexcel1789639591758"
"346812613","Pindrop","www.pindrop.com","278","Employees.250to499","7372","7374","73;737;7372;7374;7379","513210","518210","51;513;5132;51321;513210;518;5182;51821;518210;54;541;5415;54151;541511","Software","Security Software","Software","Security Software","software","software.security","993192","https://app.zoominfo.com/#/apps/profile/company/346812613","http://www.linkedin.com/company/pindrop","http://www.facebook.com/pindropsec","http://www.twitter.com/pindrop","Private","B2B","Yes","July 18, 2024","322668","100000","Debt","July 17, 2024","Hercules Capital","Hercules Capital;Sigma Partners;Win Web Investment Network;New World Ventures;Andreessen Horowitz;GRA Venture Fund;Google Ventures;Google Capital;Institutional Venture Partners;Andreessen Horowitz;Felicis Ventures;Allegion;CapitalG;EDBI;Cross Creek Advisors;Citi Ventures;Andreessen Horowitz;IVP;Goldman Sachs;Vitruvian Partners;Dimension Data;GV;Citi Ventures;Win Web Investment Network;Felicis Ventures;Andreessen Horowitz;Redpoint;Institutional Venture Partners;Felicis Ventures;Andreessen Horowitz;Citi Ventures;Redpoint Ventures","817 W Peachtree St NE Ste 770","Atlanta","Georgia","30308","United States","817 W Peachtree St NE Ste 770, Atlanta, Georgia, 30308, United States","4","","","","","","","instantexportexcel1789639591758"
"452607947","Watermark","www.watermarkinsights.com","300","Employees.250to499","7372","7374","73;737;7372;7374;7379","513210","51321","51;513;5132;51321;513210","Software","Enterprise Resource Planning (ERP) Software","Software","Enterprise Resource Planning (ERP) Software;Content & Collaboration Software","software","software.erp","285981","https://app.zoominfo.com/#/apps/profile/company/452607947","http://www.linkedin.com/company/watermark-ed","http://www.facebook.com/watermark-insights-139300620099430","http://www.twitter.com/watermark_ed","Private","B2B","Yes","June 13, 2024","1000","0","Private Equity","March 27, 2018","Technology Crossover Ventures;Quad Partners;Exceed Capital Partners","Silverton Partners;Technology Crossover Ventures;Quad Partners;Exceed Capital Partners;Silverton Partners","10900 Stonelake Blvd Ste 350","Austin","Texas","78759","United States","10900 Stonelake Blvd Ste 350, Austin, Texas, 78759, United States","1","","","","","","","instantexportexcel1789639591758"
"482749925","Incognia","www.incognia.com","200","Employees.100to249","7372","7374","73;737;7372;7374;7379","513210","518210","51;513;5132;51321;513210;518;5182;51821;518210;54;541;5415;54151;541511;541512","Software","Security Software","Software","Security Software","software","software.security","1551347","https://app.zoominfo.com/#/apps/profile/company/482749925","http://www.linkedin.com/company/incognia","","http://www.twitter.com/weareincognia","Private","B2B","Yes","February 05, 2024","46500","31000","Series B","January 30, 2024","Valor Capital Group;Prosus;FJ Labs;Point72;Bessemer Venture Partners","Point72 Ventures;Valor Capital Group;Prosus;FJ Labs;Point72;Bessemer Venture Partners","555 Bryant St PMB 423","Palo Alto","California","94301","United States","555 Bryant St PMB 423, Palo Alto, California, 94301, United States","1","","","","","","","instantexportexcel1789639591758"
"7488505","Brightside","www.brightside.com","462","Employees.250to499","8011","8099","80;801;8011;809;8099","621112","62111","62;621;6211;62111;621112","Healthcare Services","Mental Health & Rehabilitation Facilities","Healthcare Services;Software","Mental Health & Rehabilitation Facilities;Healthcare Software","healthservices","healthservices.rehab","50100","https://app.zoominfo.com/#/apps/profile/company/7488505","http://www.linkedin.com/company/brightsidehealth","http://www.facebook.com/brightside-boutique-1024721254388505","http://www.twitter.com/withbrightside","Private","B2B","Yes","December 09, 2025","140000","33000","Series C","March 26, 2024","S32;Redwood Pacific;Kennedy Lewis Investment Management;Time BioVentures","S32;Redwood Pacific;Kennedy Lewis Investment Management;Time BioVentures;Triventures;ACME Ventures;Kennedy Lewis Investment Management;Time BioVentures;Redwood Pacific;S32;Triventures;Trousdale Ventures;Bullpen Capital;Acme Capital;Mousse Partners","5214f Diamond Heights Blvd Pmb 3422","San Francisco","California","94131","United States","5214f Diamond Heights Blvd Pmb 3422, San Francisco, California, 94131, United States","1","","","","","","","instantexportexcel1789639591758"
"355337503","AppZen","www.appzen.com","397","Employees.250to499","7372","7374","73;737;7372;7374","513210","518210","51;513;5132;51321;513210;518;5182;51821;518210;54;541;5415;54151;541511;541512","Software","Financial Software","Software","Financial Software","software","software.finance","723000","https://app.zoominfo.com/#/apps/profile/company/355337503","http://www.linkedin.com/company/appzen","http://www.facebook.com/appzeninc","http://www.x.com/appzen","Private","B2B","Yes","September 23, 2025","102513","0","Series D","September 22, 2025","Riverwood Capital;Bloomberg Beta;Redpoint Global;Lightspeed Venture Partners;Coatue","Resolute Ventures;Redpoint Ventures;Riverwood Capital;Bloomberg Beta;Redpoint Global;Lightspeed Venture Partners;Coatue;Lightspeed Venture Partners;Redpoint Ventures;Resolute Ventures;Bloomberg;FundersClub;Silicon Valley Bank;Mastercard;Resolute Ventures;Hard Yaka;Management","6201 America Center Dr Ste 300","San Jose","California","95002","United States","6201 America Center Dr Ste 300, San Jose, California, 95002, United States","2","","","","","","","instantexportexcel1789639591758"
"373999419","Tekmetric","www.tekmetric.com","321","Employees.250to499","7371","7372","73;737;7371;7372;7374;7379","541511","541519","54;541;5415;54151;541511;541519","Software","Enterprise Resource Planning (ERP) Software","Software","Enterprise Resource Planning (ERP) Software;Customer Relationship Management (CRM) Software","software","software.erp","10084","https://app.zoominfo.com/#/apps/profile/company/373999419","http://www.linkedin.com/company/tekmetric","http://www.facebook.com/tekmetric","http://www.twitter.com/tekmetric","Private","B2B","Yes","June 01, 2026","500","0","Private Equity","March 16, 2022","Susquehanna Growth Equity","Susquehanna Growth Equity","730 Town and Country Blvd Ste 300","Houston","Texas","77024","United States","730 Town and Country Blvd Ste 300, Houston, Texas, 77024, United States","1","","","","","","","instantexportexcel1789639591758"
"351120045","Appspace","www.appspace.com","400","Employees.250to499","7372","7374","73;737;7372;7374;7379","513210","518210","51;513;5132;51321;513210;518;5182;51821;518210","Software","Content & Collaboration Software","Software","Content & Collaboration Software","software","software.contentcol","211967","https://app.zoominfo.com/#/apps/profile/company/351120045","http://www.linkedin.com/company/appspace","http://www.facebook.com/appspace","http://www.twitter.com/appspace","Private","B2B","Yes","May 11, 2026","0","0","","","","","400 N Tampa St Ste 1725","Tampa","Florida","33602","United States","400 N Tampa St Ste 1725, Tampa, Florida, 33602, United States","4","","","","","","","instantexportexcel1789639591758"
"415340921","Sendoso","www.sendoso.com","423","Employees.250to499","7331","7371","73;733;7331;737;7371;7372","541511","54151","54;541;5415;54151;541511","Software","Customer Relationship Management (CRM) Software","Software;Business Services","Customer Relationship Management (CRM) Software;Advertising & Marketing","software","software.crm","469649","https://app.zoominfo.com/#/apps/profile/company/415340921","http://www.linkedin.com/company/sendoso","http://www.facebook.com/sendoso","http://www.twitter.com/sendosohq","Private","B2B","Yes","May 20, 2026","150700","100000","Series C","September 14, 2021","SoftBank Group Corp;Struck Capital;Oak HC/FT;Stage 2 Capital","SoftBank Group Corp;Struck Capital;Oak HC/FT;Stage 2 Capital;Oak HC/FT;Prologis;Felicis Ventures;Craft Ventures;Signia Venture Partners;Struck Capital;Stage 2 Capital;Storm Ventures;Hack VC;Craft Ventures;Struck Capital;Signia Partners;Storm Ventures","655 Montgomery St Ste 1500","San Francisco","California","94111","United States","655 Montgomery St Ste 1500, San Francisco, California, 94111, United States","2","","","","","","","instantexportexcel1789639591758"
"355050990","Logile","www.logile.com","216","Employees.100to249","7371","7372","73;737;7371;7372;7373;7379","513210","518210","51;513;5132;51321;513210;518;5182;51821;518210;54;541;5415;54151;541511","Software","Supply Chain Management (SCM) Software","Software","Supply Chain Management (SCM) Software;Human Resources Software","software","software.scm","354035","https://app.zoominfo.com/#/apps/profile/company/355050990","http://www.linkedin.com/company/logile","http://www.facebook.com/logileinc","http://www.twitter.com/logileinc","Private","B2B","Yes","April 18, 2024","1000","0","Series A","January 31, 2023","Sixth Street Growth","PPP;Sixth Street Growth","2600 E Southlake Blvd Ste 120","Southlake","Texas","76092","United States","2600 E Southlake Blvd Ste 120, Southlake, Texas, 76092, United States","1","","","","","","","instantexportexcel1789639591758"
"465721774","MaintainX","www.getmaintainx.com","448","Employees.250to499","7371","7372","73;737;7371;7372;7379","513210","518210","51;513;5132;51321;513210;518;5182;51821;518210","Software","Supply Chain Management (SCM) Software","Software","Supply Chain Management (SCM) Software;Mobile App Development","software","software.scm","70158","https://app.zoominfo.com/#/apps/profile/company/465721774","http://www.linkedin.com/company/getmaintainx","","","Private","B2B","Yes","December 09, 2025","399750","149750","Stock/Share Issuance","July 10, 2025","","Bessemer Venture Partners;Fifth Down Capital;August Capital;Founders Circle Capital;Sozo Ventures;Bain Capital Ventures;D. E. SHAW;Amity Ventures;August Capital;Bessemer Venture Partners;Ridge Ventures;OldSlip Group;Vulcan Capital Management;Amity Ventures;Amity Ventures;Bain Capital Ventures;Bessemer Venture Partners","185 Clara St","San Francisco","California","94107","United States","185 Clara St, San Francisco, California, 94107, United States","1","","","","","","","instantexportexcel1789639591758"
"346139170","Partnerize","www.partnerize.com","359","Employees.250to499","7371","7372","73;737;7371;7372;7374;7379","513210","518210","51;513;5132;51321;513210;518;5182;51821;518210","Software","Business Intelligence (BI) Software","Software","Business Intelligence (BI) Software;Customer Relationship Management (CRM) Software","software","software.bi","146981","https://app.zoominfo.com/#/apps/profile/company/346139170","http://www.linkedin.com/company/partnerize","http://www.facebook.com/partnerize","http://www.x.com/partnerize","Private","B2B","Yes","April 16, 2026","89500","50000","Other Financing Round","January 08, 2020","Accel-KKR;Silicon Valley Bank","DN Capital;Mithril Capital Management;Greycroft Partners;Accel-KKR;Silicon Valley Bank;Silicon Valley Bank;Greycroft Partners;DN Capital;GP Bullhound;DN Capital;Mithril Capital Management LLC;Greycroft Growth fund;Greycroft Partners;DN Capital;DN Capital","200 Park Ave S Ste 1402","New York","New York","10003","United States","200 Park Ave S Ste 1402, New York, New York, 10003, United States","9","","","","","","","instantexportexcel1789639591758"
"414967704","Cymulate","www.cymulate.com","225","Employees.100to249","7372","7379","73;737;7372;7379","513210","518210","51;513;5132;51321;513210;518;5182;51821;518210","Software","Security Software","Software","Security Software","software","software.security","1826085","https://app.zoominfo.com/#/apps/profile/company/414967704","http://www.linkedin.com/company/cymulate","http://www.facebook.com/cymulate","http://www.twitter.com/cymulateltd","Private","B2B","Yes","May 22, 2023","137500","70000","Series D","September 06, 2022","Dell Technologies Capital;Vertex Ventures;One Peak Partners;Susquehanna Growth Equity","Dell Technologies;Vertex Ventures Israel;Vertex Growth Fund;Susquehanna Growth Equity;Vertex Growth Fund;Dell Technologies Capital;Susquehanna Growth Equity;Vertex Ventures;One Peak Partners;Dell Technologies Capital;Vertex Ventures;One Peak Partners;Susquehanna Growth Equity","44 W 37th St","New York","New York","10018","United States","44 W 37th St, New York, New York, 10018, United States","6","","","","","","","instantexportexcel1789639591758"
"456636953","Dutchie","www.dutchie.com","455","Employees.250to499","7371","7372","73;737;7371;7372;7379","513210","518210","51;513;5132;51321;513210;518;5182;51821;518210","Software","Financial Software","Software","Financial Software;Mobile App Development","software","software.finance","6091","https://app.zoominfo.com/#/apps/profile/company/456636953","http://www.linkedin.com/company/getdutchie","http://www.facebook.com/getdutchie","http://www.twitter.com/getdutchie","Private","B2B","Yes","July 08, 2024","603000","350000","Series D","October 14, 2021","Thrive Capital;DFJ Growth;Gron Ventures;Dragoneer;Tiger Global;D1 Capital Partners","Thrive Capital;DFJ Growth;Gron Ventures;Dragoneer;Tiger Global;D1 Capital Partners;Thirty Five Ventures;Thrive Capital;Gron Ventures;Casa Verde Capital;Draper Associates;Dragoneer Investment Group;Tiger Global Ltd;Thrive Capital;Casa Verde Capital;Sinai Ventures;Gron Ventures;Jon Oringer;Casa Verde Capital;Thirty Five Ventures;Casa Verde Capital","2728 NW Potts Ct Ste 100","Bend","Oregon","97703","United States","2728 NW Potts Ct Ste 100, Bend, Oregon, 97703, United States","4","","","","","","","instantexportexcel1789639591758"
"348028559","Rescale","www.rescale.com","233","Employees.100to249","7371","737","73;737;7371","541511","54151","54;541;5415;54151;541511","Software","Engineering Software","Software","Engineering Software","software","software.eng","603588","https://app.zoominfo.com/#/apps/profile/company/348028559","http://www.linkedin.com/company/rescale","http://www.facebook.com/rescaleinc","http://www.x.com/rescaleinc","Private","B2B","Yes","September 03, 2026","274400","0","Grant","July 22, 2026","","Keen Venture Partners;Initialized Capital;SineWave Ventures;Data Collective;PPP;NVIDIA;Applied Materials;Jump Capital;Two Roads Group;Data Collective;ITOCHU Technology Ventures;M12;Wei Guo;TransLink Capital;UpHonest Capital;Jeff Bezos;NVIDIA;Samsung Electronics America;Peter Thiel;Microsoft;Paul Graham;Richard Branson;Nautilus Venture Partners;Sam Altman;Hitachi Ventures;Republic Labs","33 New Montgomery St Ste 950","San Francisco","California","94105","United States","33 New Montgomery St Ste 950, San Francisco, California, 94105, United States","2","","","","","","","instantexportexcel1789639591758"
"13730244","Customized Energy Solutions","www.ces-ltd.com","371","Employees.250to499","7371","7372","73;737;7371;7372;7374;7379","513210","518210","51;513;5132;51321;513210;518;5182;51821;518210;54;541;5416;54169;541690","Software","Financial Software","Software;Business Services","Financial Software;Custom Software & IT Services","software","software.finance","2544879","https://app.zoominfo.com/#/apps/profile/company/13730244","http://www.linkedin.com/company/customized-energy-solutions","http://www.facebook.com/customizedenergysolutions","http://www.twitter.com/customizedes","Private","B2B","Yes","June 17, 2022","2000","2000","Debt","April 11, 2020","PPP","PPP","1528 Walnut St Fl 22","Philadelphia","Pennsylvania","19102","United States","1528 Walnut St Fl 22, Philadelphia, Pennsylvania, 19102, United States","4","","","","","","","instantexportexcel1789639591758"
"354744892","Smartasset Advisors","www.smartasset.com","253","Employees.250to499","6282","7372","62;628;6282;73;737;7372;7374;738;7389","519290","51929","51;519;5192;51929;519290","Media & Internet","Data Collection & Internet Portals","Media & Internet","Data Collection & Internet Portals","media","media.data","5491","https://app.zoominfo.com/#/apps/profile/company/354744892","http://www.linkedin.com/company/smartasset-com","http://www.facebook.com/smartasset","http://www.twitter.com/smartasset","Private","B2B","Yes","September 26, 2025","158288","110000","Series D","June 24, 2021","Javelin Venture Partners;TTV Capital;Contour Venture Partners","Javelin Venture Partners;TTV Capital;Contour Venture Partners;Javelin Venture Partners;SV Angel;Javelin Venture Partners;Transamerica Ventures;Contour Ventures;IA Capital Group;Fitz Gate Ventures;New York Life;TTV Capital;TTV Capital;Fabrice Grinda;IA Capital;Citi Ventures;Contour Venture Partners;Focus Financial Partners;Javelin Venture Partners","122 E 42nd St Rm 4300","New York","New York","10168","United States","122 E 42nd St Rm 4300, New York, New York, 10168, United States","1","","","","","","","instantexportexcel1789639591758"
"23337197","ChainSys","www.chainsys.com","500","Employees.500to999","7371","7372","73;737;7371;7372;7379","513210","541511","51;513;5132;51321;513210;54;541;5415;54151;541511;541512","Software","Database & File Management Software","Software;Business Services","Database & File Management Software;Custom Software & IT Services","software","software.db","10985192","https://app.zoominfo.com/#/apps/profile/company/23337197","http://www.linkedin.com/company/chain-sys","http://www.facebook.com/chainsyscorp","http://www.twitter.com/chainsys","Private","B2B","Yes","May 13, 2026","0","0","","","","","325 S Clinton St Ste 205","Grand Ledge","Michigan","48837","United States","325 S Clinton St Ste 205, Grand Ledge, Michigan, 48837, United States","3","","","","","","","instantexportexcel1789639591758"
"355635424","CallRail","www.callrail.com","270","Employees.250to499","7372","7374","73;737;7372;7374","513210","518210","51;513;5132;51321;513210;518;5182;51821;518210;54;541;5415;54151;541511","Software","Business Intelligence (BI) Software","Software;Business Services","Business Intelligence (BI) Software;Call Centers & Business Centers","software","software.bi","45777","https://app.zoominfo.com/#/apps/profile/company/355635424","http://www.linkedin.com/company/callrail","http://www.facebook.com/callrail","http://www.twitter.com/callrail","Private","B2B","Yes","April 01, 2026","162734","56000","Other Financing Round","December 10, 2020","Sageview Capital;Leaders Fund","Sageview Capital;Leaders Fund;Sageview Capital;Leaders Fund;Leaders Fund;Sageview Capital;Canal Partners, LLC;BLH Venture Partners, LLC","100 Peachtree St NW Ste 2700","Atlanta","Georgia","30303","United States","100 Peachtree St NW Ste 2700, Atlanta, Georgia, 30303, United States","1","","","","","","","instantexportexcel1789639591758"
"1297273","Advanced Data Systems","www.adsc.com","300","Employees.250to499","7371","7372","73;737;7371;7372;7374;7379","513210","51321","51;513;5132;51321;513210","Software","Healthcare Software","Software","Healthcare Software","software","software.health","3253158","https://app.zoominfo.com/#/apps/profile/company/1297273","http://www.linkedin.com/company/advanced-data-systems","http://www.facebook.com/advanceddata","","Private","B2B","Yes","January 31, 2024","1000","1000","Debt","April 27, 2020","PPP","PPP","15 Prospect St","Paramus","New Jersey","07652","United States","15 Prospect St, Paramus, New Jersey, 07652, United States","1","","","","","","","instantexportexcel1789639591758"
"442312890","Turvo","www.turvo.com","270","Employees.250to499","7371","7372","73;737;7371;7372;7374;7379","513210","518210","51;513;5132;51321;513210;518;5182;51821;518210","Software","Supply Chain Management (SCM) Software","Software","Supply Chain Management (SCM) Software;Mobile App Development","software","software.scm","225508","https://app.zoominfo.com/#/apps/profile/company/442312890","http://www.linkedin.com/company/turvoinc","http://www.facebook.com/turvoinc","http://www.twitter.com/turvo","Private","B2B","Yes","January 26, 2026","85000","60000","Series B","November 08, 2018","G2 Venture Partners;Mubadala Ventures;Siemens Venture Capital","Upside Partnership;Slow Ventures;Felicis Ventures;Activant Capital Group;G2 Venture Partners;Mubadala Ventures;Siemens Venture Capital","200 S Mathilda Ave","Sunnyvale","California","94086","United States","200 S Mathilda Ave, Sunnyvale, California, 94086, United States","","","","","","","","instantexportexcel1789639591758"
"7230360","aPriori","www.apriori.com","305","Employees.250to499","7371","7372","73;737;7371;7372;7379","513210","51321","51;513;5132;51321;513210","Software","Engineering Software","Software","Engineering Software","software","software.eng","1075638","https://app.zoominfo.com/#/apps/profile/company/7230360","http://www.linkedin.com/company/apriori","","http://www.twitter.com/apriori_inc","Private","B2B","Yes","October 25, 2023","104248","0","Other Financing Round","October 24, 2023","Vista Equity Partners","Bain Capital Ventures;Sigma Partners;Gutbrain Ventures;Sigma Partners;Sigma Prime Ventures;Gutbrain Ventures;PBJ Capital;Sigma Prime Ventures;NewSpring Capital;Oyster Angel Fund;Autodesk;Sigma Partners;PBJ Capital;Omega Venture Partners;Vista Equity Partners;Sigma Partners;Sigma Partners;Sigma Partners","300 Baker Ave Ste 370","Concord","Massachusetts","01742","United States","300 Baker Ave Ste 370, Concord, Massachusetts, 01742, United States","1","","","","","","","instantexportexcel1789639591758"
"40976990","ViON","www.vion.com","280","Employees.250to499","7371","7372","73;737;7371;7372;7373;7379","518210","541512","51;518;5182;51821;518210;54;541;5415;54151;541512;541513","Business Services","Custom Software & IT Services","Business Services;Software","Custom Software & IT Services;Storage & System Management Software","bizservice","bizservice.techconsulting","7409707","https://app.zoominfo.com/#/apps/profile/company/40976990","http://www.linkedin.com/company/390199","http://www.facebook.com/vioncorporation","http://www.twitter.com/vioncorp","Private","B2B","Yes","June 21, 2024","20000","20000","Series B","December 07, 2017","Waterwood Investment Management Limited;Samsung;Tsing Capital;ABB","Waterwood Investment Management Limited;Samsung;Tsing Capital;ABB;Fortune Capital","196 Van Buren St Ste 300","Herndon","Virginia","20170","United States","196 Van Buren St Ste 300, Herndon, Virginia, 20170, United States","1","","","","","","","instantexportexcel1789639591758"
"371612868","Lever","www.lever.co","212","Employees.100to249","7371","7372","73;737;7371;7372;7379","513210","541511","51;513;5132;51321;513210;54;541;5415;54151;541511;541519","Software","Human Resources Software","Software","Human Resources Software","software","software.hr","4643","https://app.zoominfo.com/#/apps/profile/company/371612868","http://www.linkedin.com/company/lever-","http://www.facebook.com/leverapp","","Private","B2B","Yes","June 21, 2024","113899","50000","Series D","November 04, 2021","Apax Digital Fund","Matrix Partners;Adams Street Partners;BA Venture Partners;Index Ventures;BA Venture Partners;Matrix Partners;Correlation Ventures;Y Combinator;SV Angel;Apax Digital Fund;Benjamin Ling;Y Combinator;Redpoint Ventures;Y Combinator;Index Ventures;SV Angel;Matrix Partners;PPP","1125 Mission St","San Francisco","California","94103","United States","1125 Mission St, San Francisco, California, 94103, United States","","","","","","","","instantexportexcel1789639591758"
"353617837","Spreedly","www.spreedly.com","200","Employees.100to249","7372","7374","73;737;7372;7374","513210","518210","51;513;5132;51321;513210;518;5182;51821;518210","Software","Financial Software","Software","Financial Software","software","software.finance","986202","https://app.zoominfo.com/#/apps/profile/company/353617837","http://www.linkedin.com/company/spreedly","http://www.facebook.com/spreedly","http://www.x.com/spreedly","Private","B2B","Yes","May 12, 2026","79199","75000","Private Equity","November 13, 2019","Spectrum Equity","E-Merge;Harold Mechelynck;Spectrum Equity;E-Merge","300 Morris St Ste 400","Durham","North Carolina","27701","United States","300 Morris St Ste 400, Durham, North Carolina, 27701, United States","1","","","","","","","instantexportexcel1789639591758"
"350773745","Rocketlane","www.rocketlane.com","268","Employees.250to499","7371","7372","73;737;7371;7372;7379","513210","518210","51;513;5132;51321;513210;518;5182;51821;518210;54;541;5415;54151;541511","Software","Content & Collaboration Software","Software","Content & Collaboration Software;Customer Relationship Management (CRM) Software","software","software.contentcol","471327","https://app.zoominfo.com/#/apps/profile/company/350773745","http://www.linkedin.com/company/rocketlane","http://www.facebook.com/rocketlanehq","http://www.x.com/rocketlanehq","Private","B2B","Yes","March 26, 2026","105000","0","Unspecified","July 06, 2026","Atlassian","8VC;Matrix Partners India;Nexus Venture Partners;Atlassian;Gokul Rajaram;8VC;Matrix Partners India;Nexus Venture Partners;Insight Partners;Shreesha Ramdas;Jonathan Swanson;Matrix Partners India;Nexus Venture Partners","3524 Silverside Rd Ste 35B","Wilmington","Delaware","19810","United States","3524 Silverside Rd Ste 35B, Wilmington, Delaware, 19810, United States","1","","","","","","","instantexportexcel1789639591758"
"54086536","Hawk Ridge Systems","www.hawkridgesys.com","300","Employees.250to499","5045","7371","50;504;5045;73;737;7371;7372;7373;7379","423430","541512","42;423;4234;42343;423430;54;541;5415;54151;541512;541519;61;611;6114;61142;611420","Retail","Consumer Electronics & Computers Retail","Retail;Education;Manufacturing;Software","Consumer Electronics & Computers Retail;Engineering Software;Industrial Machinery & Equipment;Training","retail","retail.computer","522485","https://app.zoominfo.com/#/apps/profile/company/54086536","http://www.linkedin.com/company/793336","http://www.facebook.com/hawkridgesystems","http://www.twitter.com/hawk_ridge_sys","Private","B2B","Yes","June 27, 2024","2000","2000","Debt","April 12, 2020","PPP","PPP","575 Clyde Ave Ste 420","Mountain View","California","94043","United States","575 Clyde Ave Ste 420, Mountain View, California, 94043, United States","15","","","","","","","instantexportexcel1789639591758"
"343534626","Place","www.place.com","300","Employees.250to499","7371","7372","73;737;7371;7372;7374;7379","541511","541512","54;541;5415;54151;541511;541512;5416;54161;541613","Software","Enterprise Resource Planning (ERP) Software","Software;Business Services","Enterprise Resource Planning (ERP) Software;Custom Software & IT Services;Management Consulting","software","software.erp","1076665","https://app.zoominfo.com/#/apps/profile/company/343534626","http://www.linkedin.com/company/placeinc","","http://www.twitter.com/poweredbyplace","Private","B2B","Yes","February 06, 2024","100000","100000","Series A","November 17, 2021","Goldman Sachs Asset Management;3L Capital","Goldman Sachs Asset Management;3L Capital","2211 Rimland Dr Ste 124","Bellingham","Washington","98226","United States","2211 Rimland Dr Ste 124, Bellingham, Washington, 98226, United States","1","","","","","","","instantexportexcel1789639591758"
"562973453","Pentera","www.pentera.io","492","Employees.250to499","7371","7372","73;737;7371;7372;7379","518210","51821","51;518;5182;51821;518210","Software","Security Software","Software","Security Software","software","software.security","607231","https://app.zoominfo.com/#/apps/profile/company/562973453","http://www.linkedin.com/company/penterasecurity","http://www.facebook.com/penterasec","http://www.x.com/penterasec","Private","B2B","Yes","March 20, 2026","249500","60000","Series D","March 12, 2025","Farallon;Evolution Equity Partners","Evolution Equity Partners;K1 Investment Management;Insight Partners;The Blackstone Group;Awz Ventures;Awz Ventures;Awz Ventures;Blackstone;Awz Ventures;Insight Partners;The Blackstone Group;Farallon;Evolution Equity Partners","200 Summit Dr Fl 3","Burlington","Massachusetts","01803","United States","200 Summit Dr Fl 3, Burlington, Massachusetts, 01803, United States","1","","","","","","","instantexportexcel1789639591758"
"72319468","T2 Systems","www.t2systems.com","300","Employees.250to499","7371","7372","73;737;7371;7372;7374;7379","513210","51321","51;513;5132;51321;513210","Software","Financial Software","Software","Financial Software","software","software.finance","1079154","https://app.zoominfo.com/#/apps/profile/company/72319468","http://www.linkedin.com/company/38176","http://www.facebook.com/t2systems","http://www.twitter.com/t2systemsinc","Private","B2B","Yes","January 07, 2025","31000","28000","Private Equity","September 26, 2011","Pamlico Capital","Petra Capital Partners;Pamlico Capital","8900 Keystone Xing Ste 700","Indianapolis","Indiana","46240","United States","8900 Keystone Xing Ste 700, Indianapolis, Indiana, 46240, United States","2","","","","","","","instantexportexcel1789639591758"
"469162567","AiDash","www.aidash.com","408","Employees.250to499","7372","7379","73;737;7372;7379","513210","541519","51;513;5132;51321;513210;54;541;5415;54151;541519","Software","Engineering Software","Software","Engineering Software","software","software.eng","2131060","https://app.zoominfo.com/#/apps/profile/company/469162567","http://www.linkedin.com/company/aidash","http://www.facebook.com/aidashinc","http://www.x.com/aidashinc","Private","B2B","Yes","August 06, 2026","151500","58500","Series C","April 30, 2024","Lightrock;SE Ventures","Benhamou Global Ventures;National Grid Partners;G2 Venture Partners;Benhamou Global Ventures;National Grid Partners;Shell;SE Ventures;Edison International;Lightrock;National Grid Partners;Schneider Electric;Lightrock;SE Ventures","575 High St Ste 200","Palo Alto","California","94301","United States","575 High St Ste 200, Palo Alto, California, 94301, United States","6","","","","","","","instantexportexcel1789639591758"
"454702104","CoinFlip","coinflip.tech","200","Employees.100to249","6211","6221","62;621;6211;622;6221;73;737;7372","523160","523910","52;523;5231;52316;523160;5239;52391;523910","Finance","Lending & Brokerage","Finance","Lending & Brokerage;Venture Capital & Private Equity;Credit Cards & Transaction Processing","finance","finance.brokerage","289455","https://app.zoominfo.com/#/apps/profile/company/454702104","http://www.linkedin.com/company/coinflipusa","http://www.facebook.com/coinflipatm","http://www.twitter.com/coinflipatm","Private","B2B","Yes","October 30, 2025","150","150","Debt","April 05, 2020","PPP","PPP","433 W Van Buren St Ste 1050N","Chicago","Illinois","60607","United States","433 W Van Buren St Ste 1050N, Chicago, Illinois, 60607, United States","1","","","","","","","instantexportexcel1789639591758"
"5046357","Blue Planet","www.blueplanet.com","400","Employees.250to499","7371","7372","73;737;7371;7372;7379","541519","54151","54;541;5415;54151;541519","Business Services","Custom Software & IT Services","Business Services;Software","Custom Software & IT Services;Networking Software","bizservice","bizservice.techconsulting","511075","https://app.zoominfo.com/#/apps/profile/company/5046357","http://www.linkedin.com/company/blue-planet-heating-ltd","http://www.facebook.com/blueplanetinc","http://www.twitter.com/cienablueplanet","Private","B2B","Yes","February 11, 2026","0","0","","","","","7035 Ridge Rd","Hanover","Maryland","21076","United States","7035 Ridge Rd, Hanover, Maryland, 21076, United States","1","","","","","","","instantexportexcel1789639591758"
"408689294","Honeycomb.io","www.honeycomb.io","324","Employees.250to499","7371","7372","73;737;7371;7372;7374;7379","513210","518210","51;513;5132;51321;513210;518;5182;51821;518210;54;541;5415;54151;541511;541512;541513","Software","Storage & System Management Software","Software","Storage & System Management Software;Business Intelligence (BI) Software","software","software.storage","168113","https://app.zoominfo.com/#/apps/profile/company/408689294","http://www.linkedin.com/company/honeycomb.io","http://www.facebook.com/honeycombio","http://www.twitter.com/honeycombio","Private","B2B","Yes","January 06, 2026","144900","50000","Series D","April 06, 2023","Scale Venture Partners;Insight Partners","Headline;Next World Capital;Insight Partners;Scale Venture Partners;Storm Ventures;Industry Ventures;Storm Ventures;Data Collective;Accel Partners;Merian Ventures.;e.ventures;Next World Capital;Storm Ventures;Industry Ventures;Next World Capital;Storm Ventures Group;Merian Ventures;BA Venture Partners;e.ventures Growth;Scale Venture Partners;Insight Partners;eVentures;Merian Ventures;Next World Capital;Storm Ventures;BA Venture Partners","944 Market St Fl 6","San Francisco","California","94102","United States","944 Market St Fl 6, San Francisco, California, 94102, United States","1","","","","","","","instantexportexcel1789639591758"
"73467931","Expert Institute","www.expertinstitute.com","392","Employees.250to499","7373","7374","73;737;7373;7374;7379;738;7389","518210","51821","51;518;5182;51821;518210","Software","Legal Software","Software","Legal Software","software","software.legal","1101571","https://app.zoominfo.com/#/apps/profile/company/73467931","http://www.linkedin.com/company/expert-institute","http://www.facebook.com/theexpertinstitute","http://www.x.com/expertinst","Private","B2B","Yes","April 06, 2026","0","0","Private Equity","January 22, 2018","Spectrum Equity","Spectrum Equity","64 Beaver St PMB 311","New York","New York","10004","United States","64 Beaver St PMB 311, New York, New York, 10004, United States","3","","","","","","","instantexportexcel1789639591758"
"353573352","Netchex","www.netchex.com","250","Employees.250to499","7372","7374","73;737;7372;7374","513210","518210","51;513;5132;51321;513210;518;5182;51821;518210","Software","Human Resources Software","Software","Human Resources Software","software","software.hr","219176","https://app.zoominfo.com/#/apps/profile/company/353573352","http://www.linkedin.com/company/netchex","http://www.facebook.com/netchex","http://www.twitter.com/netchex","Private","B2B","Yes","January 16, 2025","2000","2000","Debt","May 03, 2020","PPP","Primus Capital;First Analysis;PPP","1155 N Highway 190","Covington","Louisiana","70433","United States","1155 N Highway 190, Covington, Louisiana, 70433, United States","3","","","","","","","instantexportexcel1789639591758"
"69046086","Lakeside","www.lakesidesoftware.com","200","Employees.100to249","7371","7372","73;737;7371;7372;7379","513210","541512","51;513;5132;51321;513210;54;541;5415;54151;541512;541513;541519","Software","Storage & System Management Software","Software","Storage & System Management Software","software","software.storage","1317404","https://app.zoominfo.com/#/apps/profile/company/69046086","http://www.linkedin.com/company/lakeside-software","http://www.facebook.com/lakesidesoftware","http://www.twitter.com/lakesidesoft","Private","B2B","Yes","June 12, 2024","0","0","Private Equity","February 11, 2020","Insight Partners","Insight Partners","2 Oliver St Ste 700","Boston","Massachusetts","02109","United States","2 Oliver St Ste 700, Boston, Massachusetts, 02109, United States","6","","","","","","","instantexportexcel1789639591758"
"425716997","DataRails","www.datarails.com","400","Employees.250to499","7372","7374","73;737;7372;7374","513210","518210","51;513;5132;51321;513210;518;5182;51821;518210","Software","Financial Software","Software","Financial Software;Business Intelligence (BI) Software","software","software.finance","375171","https://app.zoominfo.com/#/apps/profile/company/425716997","http://www.linkedin.com/company/datarails","http://www.facebook.com/datarails","http://www.x.com/datarails","Private","B2B","Yes","January 22, 2026","163500","70000","Series C","January 20, 2026","Qumra Capital;Claltech;Vertex Growth Fund;Vintage Investment Partners;One Peak Partners;Zeev Ventures;Innovation Endeavors","Qumra Capital;Claltech;Vertex Growth Fund;Vintage Investment Partners;One Peak Partners;Zeev Ventures;Innovation Endeavors;Vertex Ventures;Claltech;La Maison Partners;Qumra Capital;Zeev Ventures;Vintage Investment Partners;Vertex Ventures;Innovation Endeavors;Zeev Ventures;Zeev Ventures Fund;Vertex Ventures Israel;Innovation Endeavors","25 W 39th St","New York","New York","10018","United States","25 W 39th St, New York, New York, 10018, United States","1","","","","","","","instantexportexcel1789639591758"
"371552178","CREXi","www.crexi.com","300","Employees.250to499","6531","7372","65;653;6531;73;737;7372;7379","531210","53121","53;531;5312;53121;531210","Real Estate","","Real Estate;Software","Mobile App Development","realestate","","10974","https://app.zoominfo.com/#/apps/profile/company/371552178","http://www.linkedin.com/company/crexi","http://www.facebook.com/crexinc","http://www.twitter.com/crexinc","Private","B2B","Yes","March 16, 2020","44300","29000","Unspecified","January 24, 2020","Industry Ventures;Prudence Holdings Inc;Jackson Square Ventures;Lerer Hippeau Ventures;Mitsubishi Estate Co., Ltd.","Industry Ventures;Prudence Holdings Inc;Jackson Square Ventures;Lerer Hippeau Ventures;Mitsubishi Estate Co., Ltd.;Freestyle Capital;Leon Capital Group;Karlin Ventures;Lerer Hippeau Ventures;Founder Collective;TenOneTen Ventures","13360 Beach Ave","Marina del Rey","California","90292","United States","13360 Beach Ave, Marina del Rey, California, 90292, United States","2","","","","","","","instantexportexcel1789639591758"
"18645253","Mitsubishi Electric Iconics Digital Solutions","www.iconics.com","200","Employees.100to249","7371","7372","73;737;7371;7372;7373","513210","518210","51;513;5132;51321;513210;518;5182;51821;518210;54;541;5415;54151;541511;541512","Software","Engineering Software","Software","Engineering Software;Business Intelligence (BI) Software","software","software.eng","1990316","https://app.zoominfo.com/#/apps/profile/company/18645253","http://www.linkedin.com/company/iconics","","http://www.twitter.com/iconics","Private","B2B","Yes","February 23, 2026","0","0","","","","","2 Hampshire St","Foxborough","Massachusetts","02035","United States","2 Hampshire St, Foxborough, Massachusetts, 02035, United States","5","","","","","","","instantexportexcel1789639591758"
"166871680","M3","www.m3as.com","200","Employees.100to249","7371","7372","73;737;7371;7372;7374;7379","513210","518210","51;513;5132;51321;513210;518;5182;51821;518210","Software","Financial Software","Software","Financial Software","software","software.finance","286255","https://app.zoominfo.com/#/apps/profile/company/166871680","http://www.linkedin.com/company/m3-accounting","http://www.facebook.com/m3accounting","http://www.twitter.com/m3accounting","Private","B2B","Yes","May 29, 2024","2000","2000","Debt","April 08, 2020","PPP","PPP","1715 N Brown Rd # A Ste 200","Lawrenceville","Georgia","30043","United States","1715 N Brown Rd # A Ste 200, Lawrenceville, Georgia, 30043, United States","1","","","","","","","instantexportexcel1789639591758"
"462531207","Celero Commerce","www.celerocommerce.com","260","Employees.250to499","6099","7372","6099;61;615;73;737;7372;7374","518210","522320","51;518;5182;51821;518210;52;522;5223;52232;522320;54;541;5415;54151;541511","Finance","Credit Cards & Transaction Processing","Finance;Software","Credit Cards & Transaction Processing;Financial Software","finance","finance.creditcards","4563330","https://app.zoominfo.com/#/apps/profile/company/462531207","http://www.linkedin.com/company/celerocommerce","http://www.facebook.com/celerocomm","http://www.twitter.com/celerocommerce","Private","B2B","Yes","September 13, 2023","0","0","","","","","100 Westwood Pl Ste 200","Brentwood","Tennessee","37027","United States","100 Westwood Pl Ste 200, Brentwood, Tennessee, 37027, United States","2","","","","","","","instantexportexcel1789639591758"
"564820327","CertifyOS","www.certifyos.com","345","Employees.250to499","7372","7374","73;737;7372;7374;7379","513210","518210","51;513;5132;51321;513210;518;5182;51821;518210;54;541;5415;54151;541511;541512","Software","Healthcare Software","Software","Healthcare Software","software","software.health","6765362","https://app.zoominfo.com/#/apps/profile/company/564820327","http://www.linkedin.com/company/certifyos","","","Private","B2B","Yes","August 19, 2026","59050","40000","Series B","June 26, 2025","Sempervirens Fund;Transformation Capital;Upfront Ventures;General Catalyst","Goldline Ventures;Upfront Ventures;Arkitekt Ventures;Sempervirens Fund;Transformation Capital;Upfront Ventures;General Catalyst;Max Ventures;General Catalyst;Arkitekt Ventures;Upfront Ventures","780 Plainview Rd","Plainview","New York","11803","United States","780 Plainview Rd, Plainview, New York, 11803, United States","1","","","","","","","instantexportexcel1789639591758"
"481972092","Planful","www.planful.com","400","Employees.250to499","7372","7374","73;737;7372;7374","513210","518210","51;513;5132;51321;513210;518;5182;51821;518210","Software","Financial Software","Software","Financial Software;Business Intelligence (BI) Software","software","software.finance","211717","https://app.zoominfo.com/#/apps/profile/company/481972092","http://www.linkedin.com/company/planful-inc","http://www.facebook.com/planfulinc","http://www.twitter.com/planful","Private","B2B","Yes","August 22, 2024","0","0","Unspecified","June 25, 2020","Vector Capital Corporation","Vector Capital Corporation","150 Spear St Ste 1850","San Francisco","California","94105","United States","150 Spear St Ste 1850, San Francisco, California, 94105, United States","3","","","","","","","instantexportexcel1789639591758"
"451437455","HomeTown Ticketing","www.hometownticketing.com","200","Employees.100to249","7372","7374","73;737;7372;7374","513210","51321","51;513;5132;51321;513210","Software","Financial Software","Software;Media & Internet","Financial Software;Ticket Sales","software","software.finance","103554","https://app.zoominfo.com/#/apps/profile/company/451437455","http://www.linkedin.com/company/hometownticketing","http://www.facebook.com/hometownticketing","http://www.twitter.com/hometowntix","Private","B2B","Yes","March 12, 2024","75150","75000","Private Equity","April 19, 2022","Nexa Equity","PPP;Nexa Equity","1328 Dublin Rd","Columbus","Ohio","43215","United States","1328 Dublin Rd, Columbus, Ohio, 43215, United States","1","","","","","","","instantexportexcel1789639591758"
"370409561","Castor","www.castoredc.com","328","Employees.250to499","7372","7374","73;737;7372;7374;87;873;8731","513210","518210","51;513;5132;51321;513210;518;5182;51821;518210;54;541;5415;54151;541511","Software","Healthcare Software","Software","Healthcare Software","software","software.health","45832","https://app.zoominfo.com/#/apps/profile/company/370409561","http://www.linkedin.com/company/castoredc","","","Private","B2B","Yes","September 07, 2026","58233","45000","Series B","July 14, 2021","Two Sigma Ventures;Eight Roads;INKEF Capital;F-Prime Capital Partners","Two Sigma Ventures;Eight Roads;INKEF Capital;F-Prime Capital Partners;Hambrecht Ducera Growth Ventures;Two Sigma Ventures;INKEF Capital","2093 Philadelphia Pike PMB 4618","Claymont","Delaware","19703","United States","2093 Philadelphia Pike PMB 4618, Claymont, Delaware, 19703, United States","2","","","","","","","instantexportexcel1789639591758"
"436508245","Rectangle Health","www.rectanglehealth.com","290","Employees.250to499","7372","7374","73;737;7372;7374","513210","518210","51;513;5132;51321;513210;518;5182;51821;518210;54;541;5415;54151;541511;541512","Software","Healthcare Software","Software","Healthcare Software","software","software.health","94466","https://app.zoominfo.com/#/apps/profile/company/436508245","http://www.linkedin.com/company/rectanglehealth","http://www.facebook.com/rectanglehealth","http://www.twitter.com/retrievermed","Private","B2B","Yes","June 19, 2024","0","0","Series A","November 01, 2021","GI Partners","GI Partners;TA Associates","115 E Stevens Ave","Valhalla","New York","10595","United States","115 E Stevens Ave, Valhalla, New York, 10595, United States","1","","","","","","","instantexportexcel1789639591758"
"359121123","Guesty","www.guesty.com","200","Employees.100to249","7371","7379","73;737;7371;7379","541511","541519","54;541;5415;54151;541511;541519","Software","Enterprise Resource Planning (ERP) Software","Software","Enterprise Resource Planning (ERP) Software;Mobile App Development","software","software.erp","51497","https://app.zoominfo.com/#/apps/profile/company/359121123","http://www.linkedin.com/company/guesty","http://www.facebook.com/guestycom","http://www.twitter.com/guesty","Private","B2B","Yes","March 14, 2024","409250","130000","Series F","April 10, 2024","Inovia;MSD;KKR;Apax;Sixth Street","Buran Venture Capital;AltaIR Capital;Magma Venture Partners;Inovia;MSD;KKR;Apax;Sixth Street;Viola Growth;Viola Group;Sixth Street Growth;Flashpoint;MSD Partners;Apax Digital Funds;TLV Partners;Kingfisher Investment Advisors;Vertex Ventures;AMI Opportunities Fund;Apax Digital Fund;La Maison Partners;Flashpoint;Viola Growth;Y Combinator;Magma Venture Partners","340 S Lemon Ave","Walnut","California","91789","United States","340 S Lemon Ave, Walnut, California, 91789, United States","1","","","","","","","instantexportexcel1789639591758"
"447344790","K Health","www.khealth.com","260","Employees.250to499","7372","8011","73;737;7372;80;801;8011;809;8099","621111","621112","62;621;6211;62111;621111;621112","Software","Healthcare Software","Software;Healthcare Services","Healthcare Software;Mental Health & Rehabilitation Facilities","software","software.health","58355","https://app.zoominfo.com/#/apps/profile/company/447344790","http://www.linkedin.com/company/khealthinc","http://www.facebook.com/khealthinc","http://www.twitter.com/khealth","Private","B2B","Yes","July 02, 2024","427450","58950","Stock/Share Issuance","August 19, 2026","","Marcy Venture Partners;Boxgroup Ventures;PICO Venture Partners;Bessemer Ventures;Boxgroup Ventures;Comcast Ventures;Primary Ventures Partners;Mangrove Capital Partners;Max Ventures;Lerer Hippeau Ventures;Boxgroup Ventures;Comcast Ventures;Mangrove Capital Partners;14W;Max Ventures;Lerer Hippeau Ventures;Anthem;Primary Ventures;14W;Lerer Hippeau;Mangrove Capital Partners;Claure Group;Valor Equity Partners;Mangrove Capital Partners;14W Ventures;LTS Ventures;Atreides Ventures;Marcy Venture Partners;Primary Ventures;Box Group;Valor Equity Partners;Pico Partners;Max Ventures;GGV Capital;Valor Equity Partners;Primary Ventures;14W;Mangrove Capital Partners;Lerer Hippeau;Anthem;Marcy Venture Partners","387 Park Ave S","New York","New York","10016","United States","387 Park Ave S, New York, New York, 10016, United States","1","","","","","","","instantexportexcel1789639591758"
"19202118","Information Builders","www.ibi.com","200","Employees.100to249","7372","7374","73;737;7372;7374;7379","513210","518210","51;513;5132;51321;513210;518;5182;51821;518210;54;541;5415;54151;541511;541512;541513;541519","Software","Business Intelligence (BI) Software","Software","Business Intelligence (BI) Software;Database & File Management Software","software","software.bi","7884257","https://app.zoominfo.com/#/apps/profile/company/19202118","http://www.linkedin.com/company/information-builders","","http://www.twitter.com/infobldrs","Private","B2B","Yes","April 09, 2024","0","0","Unspecified","May 08, 2017","Bregal Sagemount","Bregal Sagemount","851 W Cypress Creek Rd","Fort Lauderdale","Florida","33309","United States","851 W Cypress Creek Rd, Fort Lauderdale, Florida, 33309, United States","18","","","","","","","instantexportexcel1789639591758"
"371637022","Qu POS","www.qubeyond.com","210","Employees.100to249","7371","7372","73;737;7371;7372;7374;7379","541519","54151","54;541;5415;54151;541519","Software","Financial Software","Software","Financial Software","software","software.finance","225857","https://app.zoominfo.com/#/apps/profile/company/371637022","http://www.linkedin.com/company/qupos","http://www.facebook.com/qubeyondpos","http://www.twitter.com/qubeyond","Private","B2B","Yes","March 24, 2026","12900","10000","Series B","February 12, 2019","","Ullas Naik;Bobby Yazdani;Streamlined Ventures;Signatures Capital","1100 Wilson Blvd","Arlington","Virginia","22209","United States","1100 Wilson Blvd, Arlington, Virginia, 22209, United States","2","","","","","","","instantexportexcel1789639591758"
"369354597","Built","www.getbuilt.com","396","Employees.250to499","7371","7372","73;737;7371;7372;7374;7379","513210","518210","51;513;5132;51321;513210;518;5182;51821;518210;54;541;5415;54151;541511;541512","Software","Financial Software","Software","Financial Software;Content & Collaboration Software","software","software.finance","185853","https://app.zoominfo.com/#/apps/profile/company/369354597","http://www.linkedin.com/company/built-technologies-inc-","http://www.facebook.com/builttechnologies","","Private","B2B","Yes","November 13, 2024","266624","0","Other Financing Round","April 13, 2023","Citi","Nine Four Ventures;Nyca Partners;Index Ventures;Canapi Ventures;Regions;Goldman Sachs Investment Partners;Highsage Ventures;9Yards Capital;XYZ Venture Capital;Technology Crossover Ventures;Brookfield Technology Partners;PPP;Citi;Index Ventures LLP;Nine Four Ventures;Addition;Canapi Inc.;The Goldman Sachs Group, Inc.;Fifth Wall;Nyca Partners;Index Ventures;NYCA","635 Grassmere Park","Nashville","Tennessee","37211","United States","635 Grassmere Park, Nashville, Tennessee, 37211, United States","2","","","","","","","instantexportexcel1789639591758"
"38784766","Fishbowl","www.fishbowlinventory.com","241","Employees.100to249","7371","7372","73;737;7371;7372;7379","541511","541519","54;541;5415;54151;541511;541519","Software","Enterprise Resource Planning (ERP) Software","Software","Enterprise Resource Planning (ERP) Software;Supply Chain Management (SCM) Software","software","software.erp","971736","https://app.zoominfo.com/#/apps/profile/company/38784766","http://www.linkedin.com/company/fishbowl","http://www.facebook.com/fishbowlmarketing","http://www.twitter.com/fishbowl","Private","B2B","Yes","August 05, 2026","2000","2000","Debt","April 12, 2020","PPP","PPP","580 Technology Ave Bldg C Ste C1100","Orem","Utah","84097","United States","580 Technology Ave Bldg C Ste C1100, Orem, Utah, 84097, United States","1","","","","","","","instantexportexcel1789639591758"
"16285901","GoEngineer","www.goengineer.com","468","Employees.250to499","7371","737","73;737;7371","541511","54151","54;541;5415;54151;541511","Software","Engineering Software","Software;Business Services","Engineering Software;Custom Software & IT Services","software","software.eng","324606","https://app.zoominfo.com/#/apps/profile/company/16285901","http://www.linkedin.com/company/goengineer","http://www.facebook.com/goengineer","http://www.twitter.com/goengineer","Private","B2B","Yes","February 14, 2025","2000","0","Private Equity","January 13, 2022","Court Square Capital Partners","PPP;Court Square Capital Partners","1787 E Fort Union Blvd Ste 100","Salt Lake City","Utah","84121","United States","1787 E Fort Union Blvd Ste 100, Salt Lake City, Utah, 84121, United States","58","","","","","","","instantexportexcel1789639591758"
"94421309","Raptor Technologies","www.raptortech.com","210","Employees.100to249","7371","737","73;737;7371","541511","541519","54;541;5415;54151;541511;541519","Software","Security Software","Software","Security Software","software","software.security","222890","https://app.zoominfo.com/#/apps/profile/company/94421309","http://www.linkedin.com/company/raptor-technologies-inc-","http://www.facebook.com/raptorsystems","http://www.twitter.com/raptor_systems","Private","B2B","Yes","June 24, 2024","0","0","","","","","631 W 22nd St","Houston","Texas","77008","United States","631 W 22nd St, Houston, Texas, 77008, United States","2","","","","","","","instantexportexcel1789639591758"
"108069526","Stellar Information Technology Pvt","www.stellarinfo.com","400","Employees.250to499","7372","7374","73;737;7372;7374;7379","513210","541519","51;513;5132;51321;513210;54;541;5415;54151;541519","Software","Storage & System Management Software","Software;Business Services","Storage & System Management Software;Custom Software & IT Services","software","software.storage","56959","https://app.zoominfo.com/#/apps/profile/company/108069526","http://www.linkedin.com/company/stellardatarecovery","http://www.facebook.com/stellardata","http://www.twitter.com/stellarinfo","Private","B2B","Yes","June 13, 2024","0","0","","","","","10301 Northwest Fwy Ste 314","Houston","Texas","77092","United States","10301 Northwest Fwy Ste 314, Houston, Texas, 77092, United States","2","","","","","","","instantexportexcel1789639591758"
"471073351","Wrapbook","www.wrapbook.com","350","Employees.250to499","7371","7372","73;737;7371;7372;7373;7374;7379;87;872;8721","541214","54121","54;541;5412;54121;541214","Software","Financial Software","Software","Financial Software;Business Intelligence (BI) Software;Enterprise Resource Planning (ERP) Software","software","software.finance","115937","https://app.zoominfo.com/#/apps/profile/company/471073351","http://www.linkedin.com/company/wrapbook","http://www.facebook.com/wrapbook","http://www.x.com/wrapbook","Private","B2B","Yes","August 31, 2026","170600","20000","Private Equity","October 21, 2024","Bessemer Venture Partners","Andreessen Horowitz;Tiger Global Management;Uncork Capital;Equal Ventures;Bessemer Venture Partners;Uncork Capital;Andreessen Horowitz;Equal Ventures;Bessemer Venture Partners","228 Park Ave S PMB 36206","New York","New York","10003","United States","228 Park Ave S PMB 36206, New York, New York, 10003, United States","1","","","","","","","instantexportexcel1789639591758"
"32967861","Enservio","www.enservio.com","316","Employees.250to499","6411","7371","64;641;6411;73;737;7371;7372;7374","541511","541512","54;541;5415;54151;541511;541512","Software","Financial Software","Software;Business Services","Financial Software;Custom Software & IT Services","software","software.finance","6781914","https://app.zoominfo.com/#/apps/profile/company/32967861","http://www.linkedin.com/company/enservio","http://www.facebook.com/enservio","http://www.twitter.com/enservio","Private","B2B","Yes","February 10, 2026","22906","6806","Private Equity","June 29, 2009","","Bain Capital Ventures;Matrix Partners","117 Kendrick St Ste 250","Needham","Massachusetts","02494","United States","117 Kendrick St Ste 250, Needham, Massachusetts, 02494, United States","3","","","","","","","instantexportexcel1789639591758"
"6636018","Canto","www.canto.com","279","Employees.250to499","7371","737","73;737;7371","541511","541519","54;541;5415;54151;541511;541519","Software","Content & Collaboration Software","Software","Content & Collaboration Software","software","software.contentcol","68913","https://app.zoominfo.com/#/apps/profile/company/6636018","http://www.linkedin.com/company/canto","http://www.facebook.com/cantodam","http://www.twitter.com/canto","Private","B2B","Yes","February 06, 2025","350","0","Private Equity","March 09, 2021","JMI Equity","JMI Equity;PPP","3343 Peachtree Rd NE Ste 145-2447","Atlanta","Georgia","30326","United States","3343 Peachtree Rd NE Ste 145-2447, Atlanta, Georgia, 30326, United States","5","","","","","","","instantexportexcel1789639591758"
"99436217","Springbrook Software","www.springbrooksoftware.com","300","Employees.250to499","7379","737","73;737;7379","541511","541519","54;541;5415;54151;541511;541519","Software","Enterprise Resource Planning (ERP) Software","Software","Enterprise Resource Planning (ERP) Software;Financial Software","software","software.erp","1621292","https://app.zoominfo.com/#/apps/profile/company/99436217","http://www.linkedin.com/company/springbrook-software","","http://www.twitter.com/sprbrk","Private","B2B","Yes","July 12, 2024","0","0","","","","","108 S 700 E","American Fork","Utah","84003","United States","108 S 700 E, American Fork, Utah, 84003, United States","3","","","","","","","instantexportexcel1789639591758"
"370361277","Brightwheel","www.mybrightwheel.com","400","Employees.250to499","7372","7374","73;737;7372;7374","513210","518210","51;513;5132;51321;513210;518;5182;51821;518210","Software","Enterprise Resource Planning (ERP) Software","Software","Enterprise Resource Planning (ERP) Software;Mobile App Development","software","software.erp","19330","https://app.zoominfo.com/#/apps/profile/company/370361277","http://www.linkedin.com/company/brightwheel","http://www.facebook.com/mybrightwheel","http://www.twitter.com/brightwheel","Private","B2B","Yes","July 01, 2024","88800","55000","Series C","February 03, 2021","Bessemer Venture Partners;Next Play Capital;Eniac Ventures;Emerson Collective;GGV Capital;Julia and Kevin Hartz;Daniel Shapero","Eniac Ventures;GGV Capital;Golden Venture Partners;The Chan Zuckerberg Initiative;Bessemer Venture Partners;Lowercase Capital;Omidyar Network;GGV Capital;The Chan Zuckerberg Initiative;Mark Cuban Companies;Eniac Ventures;Lowercase Capital;ICONIQ;Golden Venture Partners;RRE Ventures;Bessemer Venture Partners;Next Play Capital;Eniac Ventures;Emerson Collective;GGV Capital;Julia and Kevin Hartz;Daniel Shapero;NewSchools Venture Fund;Tom Williams;Eniac Ventures;Golden Venture Partners","548 Market St PMB 95237","San Francisco","California","94104","United States","548 Market St PMB 95237, San Francisco, California, 94104, United States","1","","","","","","","instantexportexcel1789639591758"
"405767719","Affinity","www.affinity.co","253","Employees.250to499","7372","7374","73;737;7372;7374;7379","513210","518210","51;513;5132;51321;513210;518;5182;51821;518210","Software","Customer Relationship Management (CRM) Software","Software","Customer Relationship Management (CRM) Software","software","software.crm","129462","https://app.zoominfo.com/#/apps/profile/company/405767719","http://www.linkedin.com/company/project-affinity","http://www.facebook.com/affinityhq","http://www.twitter.com/affinity","Private","B2B","Yes","June 24, 2024","120000","80000","Series C","September 09, 2021","Menlo Ventures;Sprints Capital Management;Advance Venture Partners","Advance Ventures;Sway Ventures;Menlo Ventures;Sprints Capital Management;Advance Venture Partners;Great Oaks Venture Capital;Pear Ventures;Sway Ventures;Western Technology Investment;8VC","170 Columbus Ave Fl 3","San Francisco","California","94133","United States","170 Columbus Ave Fl 3, San Francisco, California, 94133, United States","1","","","","","","","instantexportexcel1789639591758"
"356324217","XSOLIS","www.xsolis.com","350","Employees.250to499","7371","7372","73;737;7371;7372;7374;7379","513210","518210","51;513;5132;51321;513210;518;5182;51821;518210;54;541;5415;54151;541511;541512","Software","Healthcare Software","Software","Healthcare Software;Business Intelligence (BI) Software","software","software.health","533446","https://app.zoominfo.com/#/apps/profile/company/356324217","http://www.linkedin.com/company/xsolis","http://www.facebook.com/xsolishealth","http://www.twitter.com/medarchon","Private","B2B","Yes","July 02, 2024","77000","75000","Private Equity","June 30, 2021","Brighton Park Capital","PPP;Brighton Park Capital","655 Grassmere Park","Nashville","Tennessee","37211","United States","655 Grassmere Park, Nashville, Tennessee, 37211, United States","2","","","","","","","instantexportexcel1789639591758"
"407259845","Aera","www.aeratechnology.com","460","Employees.250to499","7374","737","73;737;7374","513210","518210","51;513;5132;51321;513210;518;5182;51821;518210;54;541;5415;54151;541511;541512","Software","Enterprise Resource Planning (ERP) Software","Software","Enterprise Resource Planning (ERP) Software;Business Intelligence (BI) Software;Engineering Software;Supply Chain Management (SCM) Software","software","software.erp","2218257","https://app.zoominfo.com/#/apps/profile/company/407259845","http://www.linkedin.com/company/aera-technology","http://www.facebook.com/aeratech","http://www.x.com/aera_technology","Private","B2B","Yes","May 21, 2026","134000","0","Unspecified","May 19, 2026","Accenture","Georgian;Draper Associates;NewView Capital;New Enterprise Associates;Accenture","707 California St","Mountain View","California","94041","United States","707 California St, Mountain View, California, 94041, United States","4","","","","","","","instantexportexcel1789639591758"
"355777523","Kahua","www.kahua.com","343","Employees.250to499","7371","7372","73;737;7371;7372;7373","513210","518210","51;513;5132;51321;513210;518;5182;51821;518210","Software","Enterprise Resource Planning (ERP) Software","Software","Enterprise Resource Planning (ERP) Software","software","software.erp","2295181","https://app.zoominfo.com/#/apps/profile/company/355777523","http://www.linkedin.com/company/kahua","http://www.facebook.com/kahua-127222667860449","http://www.twitter.com/kahuainc","Private","B2B","Yes","June 03, 2024","24999","1000","Debt","April 27, 2020","PPP","PPP","10000 Avalon Blvd Ste 600","Alpharetta","Georgia","30009","United States","10000 Avalon Blvd Ste 600, Alpharetta, Georgia, 30009, United States","1","","","","","","","instantexportexcel1789639591758"
"481724431","Temporal Technologies","www.temporal.io","500","Employees.500to999","7372","7379","73;737;7372;7379","513210","541519","51;513;5132;51321;513210;54;541;5415;54151;541519","Software","Engineering Software","Software","Engineering Software","software","software.eng","205262","https://app.zoominfo.com/#/apps/profile/company/481724431","http://www.linkedin.com/company/temporal-technologies","","http://www.x.com/temporalio","Private","B2B","Yes","June 01, 2026","642750","300000","Series D","February 17, 2026","Sapphire Ventures;Index Ventures;Andreessen Horowitz;Lightspeed Venture Partners;Sequoia Capital","Sapphire Ventures;Index Ventures;Andreessen Horowitz;Lightspeed Venture Partners;Sequoia Capital;Tiger Global;Index Ventures;Sequoia Capital;Sequoia Capital;Amplify Partners;Index Ventures;Index Ventures;Amplify Partners;Sequoia Capital;Madrona Venture Group LLC;Sequoia Capital Operations LLC;Addition Ventures;Amplify Partners L.P","2337 148th Ave NE # 1335","Bellevue","Washington","98007","United States","2337 148th Ave NE # 1335, Bellevue, Washington, 98007, United States","1","","","","","","","instantexportexcel1789639591758"
"78431374","MCG Health","www.mcg.com","250","Employees.250to499","7372","7374","73;737;7372;7374;7379","513210","541519","51;513;5132;51321;513210;54;541;5415;54151;541519","Software","Healthcare Software","Software","Healthcare Software","software","software.health","1101383","https://app.zoominfo.com/#/apps/profile/company/78431374","http://www.linkedin.com/company/mcg-part-of-the-hearst-health-network","http://www.facebook.com/mcgcareguidelines","http://www.twitter.com/mcg_health","Private","B2B","Yes","May 02, 2024","0","0","","","","","701 5th Ave Ste 4900","Seattle","Washington","98104","United States","701 5th Ave Ste 4900, Seattle, Washington, 98104, United States","2","","","","","","","instantexportexcel1789639591758"
"395994382","Canopy","www.getcanopy.com","200","Employees.100to249","7372","7374","73;737;7372;7374;7379","513210","518210","51;513;5132;51321;513210;518;5182;51821;518210","Software","Financial Software","Software","Financial Software","software","software.finance","668216","https://app.zoominfo.com/#/apps/profile/company/395994382","http://www.linkedin.com/company/canopy-inc","http://www.facebook.com/canopysuite","http://www.x.com/canopysuite","Private","B2B","Yes","April 24, 2025","195999","70000","Series C","April 23, 2025","Ten Coves Capital;Pelion Venture Partners;Viking Global Investors;Ankona Capital;Tenaya Capital","Ten Coves Capital;Pelion Venture Partners;Viking Global Investors;Ankona Capital;Tenaya Capital;Pelion Venture Partners;NewView Capital;Tenaya Capital;NewView Capital;Pelion Venture Partners;Deep Fork Capital;Epic Ventures;Pelion Venture Partners;New Enterprise Associates;Pelion Venture Partners;Ten Coves Capital;Ankona Capital;Tenaya Capital;Deep Fork Capital;New Enterprise Associates;EPIC Ventures;PPP;Ankona Capital;Tenaya Capital;Pelion Venture Partners;NewView Capital;Epic Ventures;New Enterprise Associates;Deep Fork Capital","10355 S Jordan Gtwy Ste 500","South Jordan","Utah","84095","United States","10355 S Jordan Gtwy Ste 500, South Jordan, Utah, 84095, United States","1","","","","","","","instantexportexcel1789639591758"
"355153299","DispatchTrack","www.dispatchtrack.com","200","Employees.100to249","7372","7374","73;737;7372;7374;7379","513210","518210","51;513;5132;51321;513210;518;5182;51821;518210","Software","Supply Chain Management (SCM) Software","Software","Supply Chain Management (SCM) Software;Mobile App Development","software","software.scm","19380","https://app.zoominfo.com/#/apps/profile/company/355153299","http://www.linkedin.com/company/dispatchtrack","http://www.facebook.com/dispatchtrack","http://www.twitter.com/dispatchtrack","Private","B2B","Yes","May 10, 2024","144000","144000","Other Financing Round","May 12, 2020","Spectrum Equity","Spectrum Equity","300 Orchard City Dr Ste 132","Campbell","California","95008","United States","300 Orchard City Dr Ste 132, Campbell, California, 95008, United States","4","","","","","","","instantexportexcel1789639591758"
"37471809","MIM Software","www.mimsoftware.com","350","Employees.250to499","7379","737","73;737;7379","541511","541519","54;541;5415;54151;541511;541519","Software","Healthcare Software","Software","Healthcare Software","software","software.health","818608","https://app.zoominfo.com/#/apps/profile/company/37471809","http://www.linkedin.com/company/mim-software-brussels","http://www.facebook.com/mimsoftwareinc","http://www.twitter.com/mimsoftware","Private","B2B","Yes","September 29, 2025","2000","2000","Debt","April 15, 2020","PPP","PPP","25800 Science Park Dr Ste 180","Cleveland","Ohio","44122","United States","25800 Science Park Dr Ste 180, Cleveland, Ohio, 44122, United States","1","","","","","","","instantexportexcel1789639591758"
"351983793","Softdocs","www.softdocs.com","200","Employees.100to249","7371","7372","73;737;7371;7372;7379","541511","541519","54;541;5415;54151;541511;541519","Software","Content & Collaboration Software","Software","Content & Collaboration Software","software","software.contentcol","754131","https://app.zoominfo.com/#/apps/profile/company/351983793","http://www.linkedin.com/company/softdocs","http://www.facebook.com/softdocs","http://www.twitter.com/softdocs","Private","B2B","Yes","June 06, 2024","1000","0","Private Equity","January 21, 2021","Ridgemont Equity Partners","Ridgemont Equity Partners;PPP","807 Bluff Rd","Columbia","South Carolina","29201","United States","807 Bluff Rd, Columbia, South Carolina, 29201, United States","1","","","","","","","instantexportexcel1789639591758"
"347399680","LeanTaaS","www.leantaas.com","376","Employees.250to499","7372","7374","73;737;7372;7374;7379","513210","518210","51;513;5132;51321;513210;518;5182;51821;518210","Software","Healthcare Software","Software","Healthcare Software","software","software.health","3347682","https://app.zoominfo.com/#/apps/profile/company/347399680","http://www.linkedin.com/company/leantaas","http://www.facebook.com/leantaas","http://www.twitter.com/leantaas","Private","B2B","Yes","June 13, 2024","199335","0","Debt","November 02, 2022","Ares Capital","Goldman Sachs;Insight Partners;Sedgwick;Ares Capital;Insight Venture Partners;Goldman Sachs Merchant Banking Division;Bain Capital","471 El Camino Real Ste 230","Santa Clara","California","95050","United States","471 El Camino Real Ste 230, Santa Clara, California, 95050, United States","1","","","","","","","instantexportexcel1789639591758"
"547221171","Ever.Ag","www.ever.ag","500","Employees.500to999","7371","7372","73;737;7371;7372;7374;7379","541511","541512","54;541;5415;54151;541511;541512","Software","Supply Chain Management (SCM) Software","Software","Supply Chain Management (SCM) Software","software","software.scm","550482","https://app.zoominfo.com/#/apps/profile/company/547221171","http://www.linkedin.com/company/everag","","","Private","B2B","Yes","June 27, 2024","0","0","Debt","January 19, 2023","MidCap Financial","MidCap Financial","4400 State Highway 121 Ste 520","Lewisville","Texas","75056","United States","4400 State Highway 121 Ste 520, Lewisville, Texas, 75056, United States","2","","","","","","","instantexportexcel1789639591758"
"369116652","Simpplr","www.simpplr.com","400","Employees.250to499","7372","7374","73;737;7372;7374;7379","513210","518210","51;513;5132;51321;513210;518;5182;51821;518210;54;541;5415;54151;541511;541512","Software","Content & Collaboration Software","Software","Content & Collaboration Software;Human Resources Software","software","software.contentcol","1116086","https://app.zoominfo.com/#/apps/profile/company/369116652","http://www.linkedin.com/company/simpplr","http://www.facebook.com/simpplr","http://www.twitter.com/simpplr","Private","B2B","Yes","July 09, 2024","118000","70000","Series D","May 02, 2023","Sapphire Ventures;Norwest Venture Partners;Tola Capital","Sapphire Ventures;Norwest Venture Partners;Tola Capital;Norwest Venture Partners;Salesforce;George Still Ventures;Norwest Venture Partners;Tola Capital;Salesforce Ventures;Norwest Venture Partners","3 Twin Dolphin Dr Ste 160","Redwood City","California","94065","United States","3 Twin Dolphin Dr Ste 160, Redwood City, California, 94065, United States","3","","","","","","","instantexportexcel1789639591758"
"348571155","Summit Broadband","www.summit-broadband.com","343","Employees.250to499","4813","4841","48;481;4813;484;4841","517111","51711","51;517;5171;51711;517111","Telecommunications","Internet Service Providers, Website Hosting & Internet-related Services","Telecommunications","Internet Service Providers, Website Hosting & Internet-related Services;Cable & Satellite;Telephony & Wireless","telecom","telecom.internet","384330","https://app.zoominfo.com/#/apps/profile/company/348571155","http://www.linkedin.com/company/summit-broadband","http://www.facebook.com/summit-broadband-2309145649349231","http://www.twitter.com/summitbroadband","Private","B2B","Yes","May 20, 2024","0","0","Private Equity","January 22, 2020","Grain Management","Grain Management","4558 35th St Ste 100","Orlando","Florida","32811","United States","4558 35th St Ste 100, Orlando, Florida, 32811, United States","3","","","","","","","instantexportexcel1789639591758"
"368480470","Genomenon","www.genomenon.com","200","Employees.100to249","8731","873","87;873;8731","541511","541714","54;541;5415;54151;541511;5417;54171;541714","Business Services","Research & Development","Business Services;Software","Research & Development;Healthcare Software","bizservice","bizservice.r&d","1420510","https://app.zoominfo.com/#/apps/profile/company/368480470","http://www.linkedin.com/company/genomenon","http://www.facebook.com/genomenon","http://www.twitter.com/genomenon","Private","B2B","Yes","June 24, 2024","33276","6026","Stock/Share Issuance","July 30, 2026","","Red Cedar Ventures;Michigan Rise;BroadOak Capital Partners;Riverine Ventures;Spring Mountain Capital;Beringea;PPP","3135 S State St Ste 350","Ann Arbor","Michigan","48108","United States","3135 S State St Ste 350, Ann Arbor, Michigan, 48108, United States","2","","","","","","","instantexportexcel1789639591758"
"347809850","Medrio","www.medrio.com","206","Employees.100to249","7371","7372","73;737;7371;7372;7374;7379","513210","518210","51;513;5132;51321;513210;518;5182;51821;518210","Software","Healthcare Software","Software","Healthcare Software","software","software.health","409892","https://app.zoominfo.com/#/apps/profile/company/347809850","http://www.linkedin.com/company/medrio","http://www.facebook.com/medrioeclinical","http://www.twitter.com/medrio","Private","B2B","Yes","June 11, 2024","34026","2000","Debt","April 27, 2020","PPP","PPP;Questa Capital Management","345 California St Ste 600","San Francisco","California","94104","United States","345 California St Ste 600, San Francisco, California, 94104, United States","1","","","","","","","instantexportexcel1789639591758"
"75646852","Inductive Automation","www.inductiveautomation.com","424","Employees.250to499","7379","737","73;737;7379","541511","541519","54;541;5415;54151;541511;541519","Software","Engineering Software","Software","Engineering Software","software","software.eng","113600","https://app.zoominfo.com/#/apps/profile/company/75646852","http://www.linkedin.com/company/inductive-automation","http://www.facebook.com/inductiveautomation","http://www.twitter.com/inductiveauto","Private","B2B","Yes","June 02, 2025","0","0","","","","","90 Blue Ravine Rd","Folsom","California","95630","United States","90 Blue Ravine Rd, Folsom, California, 95630, United States","2","","","","","","","instantexportexcel1789639591758"
"395770379","ReCharge","www.getrecharge.com","500","Employees.500to999","7372","7374","73;737;7372;7374;7379","513210","518210","51;513;5132;51321;513210;518;5182;51821;518210","Software","Financial Software","Software","Financial Software","software","software.finance","","https://app.zoominfo.com/#/apps/profile/company/395770379","http://www.linkedin.com/company/getrecharge","http://www.facebook.com/rechargepayments","http://www.twitter.com/rechargepayment","Private","B2B","Yes","May 30, 2023","277000","227000","Series B","May 06, 2021","Summit Partners;ICONIQ Growth;Bain Capital","Summit Partners;ICONIQ Growth;Bain Capital;Summit Partners","1507 20th St","Santa Monica","California","90404","United States","1507 20th St, Santa Monica, California, 90404, United States","1","","","","","","","instantexportexcel1789639591758"
"483185279","Red Cat","redcat.red","244","Employees.100to249","7372","7374","73;737;7372;7374;7379","513210","518210","51;513;5132;51321;513210;518;5182;51821;518210","Software","Storage & System Management Software","Software","Storage & System Management Software;Database & File Management Software","software","software.storage","1557639","https://app.zoominfo.com/#/apps/profile/company/483185279","http://www.linkedin.com/company/red-cat","http://www.facebook.com/redcatpropware","http://www.twitter.com/redcatpropware","Public","B2B","Yes","May 22, 2026","137150","46750","Stock/Share Issuance","June 20, 2025","","The Lind Partners","15 Ave Munoz Rivera Ste 2200","San Juan","Puerto Rico","00901","United States","15 Ave Munoz Rivera Ste 2200, San Juan, Puerto Rico, 00901, United States","1","","","","","","","instantexportexcel1789639591758"
"371828882","Quorum","www.quorum.us","494","Employees.250to499","7372","7374","73;737;7372;7374;7379","518210","51821","51;518;5182;51821;518210","Software","Business Intelligence (BI) Software","Software","Business Intelligence (BI) Software;Legal Software","software","software.bi","191172","https://app.zoominfo.com/#/apps/profile/company/371828882","http://www.linkedin.com/company/quorum-analytics-inc-","http://www.facebook.com/quorumanalytics","http://www.x.com/quorumanalytics","Private","B2B","Yes","July 31, 2026","1000","0","Other Financing Round","July 19, 2026","Enlightenment Capital","PPP;Serent Capital;Enlightenment Capital","1001 G St NW","Washington","District of Columbia","20001","United States","1001 G St NW, Washington, District of Columbia, 20001, United States","2","","","","","","","instantexportexcel1789639591758"
"371673449","Redox","www.redoxengine.com","245","Employees.100to249","7389","738","73;738;7389","513210","518210","51;513;5132;51321;513210;518;5182;51821;518210;54;541;5415;54151;541511;541512","Software","Healthcare Software","Software","Healthcare Software","software","software.health","1074000","https://app.zoominfo.com/#/apps/profile/company/371673449","http://www.linkedin.com/company/redoxengine","http://www.facebook.com/redoxengine","http://www.twitter.com/redox","Private","B2B","Yes","May 07, 2024","0","0","","","","","25 W Main St Ste 500","Madison","Wisconsin","53703","United States","25 W Main St Ste 500, Madison, Wisconsin, 53703, United States","3","","","","","","","instantexportexcel1789639591758"
"353932347","TeamSnap","www.teamsnap.com","200","Employees.100to249","7372","7379","73;737;7372;7379","513210","518210","51;513;5132;51321;513210;518;5182;51821;518210","Software","Content & Collaboration Software","Software","Content & Collaboration Software;Mobile App Development","software","software.contentcol","12703","https://app.zoominfo.com/#/apps/profile/company/353932347","http://www.linkedin.com/company/teamsnap","http://www.facebook.com/teamsnap","http://www.twitter.com/teamsnap","Private","B2B","Yes","July 01, 2024","67487","10000","Other Financing Round","June 15, 2020","Undisclosed","Undisclosed;Crawley Ventures;Northgate Capital;Colorado Impact Fund;Foundry Group;Torstar;Foundry Group;EonBusiness;Trinity Ventures;Toba Capital;Trinity Ventures;EonBusiness;Torstar;PPP;Foundry Group;Fairfax Financial Holdings Limited;Foundry Group;Bolt Ventures","2040 14th St Fl 1","Boulder","Colorado","80302","United States","2040 14th St Fl 1, Boulder, Colorado, 80302, United States","1","","","","","","","instantexportexcel1789639591758"
"471096511","BuildOps","www.buildops.com","375","Employees.250to499","7371","7372","73;737;7371;7372;7379","513210","518210","51;513;5132;51321;513210;518;5182;51821;518210","Software","Enterprise Resource Planning (ERP) Software","Software","Enterprise Resource Planning (ERP) Software","software","software.erp","189689","https://app.zoominfo.com/#/apps/profile/company/471096511","http://www.linkedin.com/company/buildops","http://www.facebook.com/gobuildops","http://www.twitter.com/gobuildops","Private","B2B","Yes","March 27, 2025","225800","127000","Series C","March 24, 2025","Titanium Venture Capital;Meritech Capital;StepStone Group;Next47;Bond Capital;Seament Shoreline Systems;Fika Ventures","Fika Ventures;01a;Fika Ventures;L2 Ventures;IGSB;TenOneTen;World Founders Capital;1984 Ventures;Metta World Peace;MetaProp VC;Wolfson Group;Oberndorf Enterprises;GroundUp;CrossCut Ventures;Siemens Venture Capital;Titanium Venture Capital;Meritech Capital;StepStone Group;Next47;Bond Capital;Seament Shoreline Systems;Fika Ventures","2118 Wilshire Blvd Pmb 975","Santa Monica","California","90404","United States","2118 Wilshire Blvd Pmb 975, Santa Monica, California, 90404, United States","1","","","","","","","instantexportexcel1789639591758"
"456734350","Validity","www.validity.com","360","Employees.250to499","7372","7374","73;737;7372;7374;7379","513210","518210","51;513;5132;51321;513210;518;5182;51821;518210;54;541;5415;54151;541511;541512","Software","Customer Relationship Management (CRM) Software","Software","Customer Relationship Management (CRM) Software","software","software.crm","201646","https://app.zoominfo.com/#/apps/profile/company/456734350","http://www.linkedin.com/company/validityinc","http://www.facebook.com/trustvalidity","http://www.x.com/trustvalidity","Private","B2B","Yes","January 27, 2026","0","0","Corporate Investment","May 01, 2018","Silversmith Capital Partners","Silversmith Capital Partners","200 Clarendon St Fl 22","Boston","Massachusetts","02116","United States","200 Clarendon St Fl 22, Boston, Massachusetts, 02116, United States","4","","","","","","","instantexportexcel1789639591758"
"5000005532","Kinective","www.kinective.io","272","Employees.250to499","7371","7372","73;737;7371;7372;7374;7379","513210","518210","51;513;5132;51321;513210;518;5182;51821;518210","Software","Financial Software","Software","Financial Software","software","software.finance","7036860","https://app.zoominfo.com/#/apps/profile/company/5000005532","http://www.linkedin.com/company/kinective","http://www.facebook.com/kinectivebanking","","Private","B2B","Yes","April 13, 2026","0","0","Private Equity","January 01, 2023","TA Associates","TA Associates","410 E Rivulon Blvd Ste 111","Gilbert","Arizona","85295","United States","410 E Rivulon Blvd Ste 111, Gilbert, Arizona, 85295, United States","1","","","","","","","instantexportexcel1789639591758"
"15239777","Conterra Networks","www.conterra.com","279","Employees.250to499","4813","481","48;481;4813","517111","51711","51;517;5171;51711;517111","Telecommunications","Telephony & Wireless","Telecommunications","Telephony & Wireless;Internet Service Providers, Website Hosting & Internet-related Services","telecom","telecom.telephone","4702390","https://app.zoominfo.com/#/apps/profile/company/15239777","http://www.linkedin.com/company/conterranetworks","http://www.facebook.com/conterranetworks","http://www.twitter.com/conterrainc","Private","B2B","Yes","May 22, 2024","0","0","","","","","5301 77 Center Dr","Charlotte","North Carolina","28217","United States","5301 77 Center Dr, Charlotte, North Carolina, 28217, United States","2","","","","","","","instantexportexcel1789639591758"
"69601433","InstaMed","www.instamed.com","229","Employees.100to249","7372","7374","73;737;7372;7374","513210","518210","51;513;5132;51321;513210;518;5182;51821;518210","Software","Financial Software","Software;Finance","Financial Software;Credit Cards & Transaction Processing","software","software.finance","29338","https://app.zoominfo.com/#/apps/profile/company/69601433","http://www.linkedin.com/company/instamed","","http://www.twitter.com/instamed","Private","B2B","Yes","November 01, 2024","117140","50000","Private Equity","September 25, 2016","Cowen and Company;Carrick Capital Partners","Undisclosed;Ben Franklin Technology Partners Companies;Cowen and Company;Carrick Capital Partners;NJTC Venture Fund;US Bank;Ben Franklin Technology Partners;NJTC Venture Fund;Osage University Partners;US Bank;Ashby Point Capital;NJTC Venture Fund;Osage Partners;NJTC Venture Fund","1880 John F Kennedy Blvd Fl 12","Philadelphia","Pennsylvania","19103","United States","1880 John F Kennedy Blvd Fl 12, Philadelphia, Pennsylvania, 19103, United States","1","","","","","","","instantexportexcel1789639591758"
"512188084","Alchemer","www.alchemer.com","242","Employees.100to249","7371","737","73;737;7371","513210","518210","51;513;5132;51321;513210;518;5182;51821;518210","Software","Customer Relationship Management (CRM) Software","Software","Customer Relationship Management (CRM) Software;Content & Collaboration Software","software","software.crm","3458","https://app.zoominfo.com/#/apps/profile/company/512188084","http://www.linkedin.com/company/alchemer","http://www.facebook.com/alchemerhq","http://www.x.com/alchemerhq","Private","B2B","Yes","April 21, 2026","0","0","Private Equity","May 18, 2022","KKR","KKR","168 Centennial Pkwy Ste 250","Louisville","Colorado","80027","United States","168 Centennial Pkwy Ste 250, Louisville, Colorado, 80027, United States","1","","","","","","","instantexportexcel1789639591758"
"405174231","Qualia","www.qualia.com","296","Employees.250to499","7311","7371","73;731;7311;737;7371;7374;7379","541511","541512","54;541;5415;54151;541511;541512","Business Services","Custom Software & IT Services","Business Services;Software","Custom Software & IT Services;Advertising & Marketing;Business Intelligence (BI) Software","bizservice","bizservice.techconsulting","31781","https://app.zoominfo.com/#/apps/profile/company/405174231","http://www.linkedin.com/company/7583613","http://www.facebook.com/qualiasoftware","http://www.twitter.com/qualiasoftware","Private","B2B","Yes","July 12, 2024","153000","65000","Series D","December 21, 2020","Menlo Ventures;The 8VC;Tiger Global Ltd","Menlo Ventures;The 8VC;Tiger Global Ltd;Menlo Ventures;Tiger Global;Bienville Capital;8VC;Menlo Ventures;The 8VC;Bienville Capital Management;Barry Sternlicht","50 Fremont St Fl 36","San Francisco","California","94105","United States","50 Fremont St Fl 36, San Francisco, California, 94105, United States","2","","","","","","","instantexportexcel1789639591758"
"7213320","Arena","www.arenasolutions.com","250","Employees.250to499","7372","7374","73;737;7372;7374","513210","518210","51;513;5132;51321;513210;518;5182;51821;518210","Software","Supply Chain Management (SCM) Software","Software","Supply Chain Management (SCM) Software","software","software.scm","494990","https://app.zoominfo.com/#/apps/profile/company/7213320","http://www.linkedin.com/company/arena-solutions","","http://www.twitter.com/arenasolutions","Private","B2B","Yes","October 20, 2023","24447","0","Private Equity","September 12, 2017","JMI Equity","DeLapa-Shaw Family Trust;Eric Larkin;Michael Topolovac;Otter Capital;JMI Equity;Runway Capital Partners;Otter Capital LLC;Otter Capital;IDEO;Arthur Rock;Otter Capital;Warren Hellman","121 Seaport Blvd","Boston","Massachusetts","02210","United States","121 Seaport Blvd, Boston, Massachusetts, 02210, United States","1","","","","","","","instantexportexcel1789639591758"
"372130529","Karbon","www.karbonhq.com","380","Employees.250to499","7371","7372","73;737;7371;7372;7373","513210","541511","51;513;5132;51321;513210;54;541;5415;54151;541511;541512","Business Services","Custom Software & IT Services","Business Services;Software","Custom Software & IT Services;Content & Collaboration Software","bizservice","bizservice.techconsulting","59311","https://app.zoominfo.com/#/apps/profile/company/372130529","http://www.linkedin.com/company/karbonhq","http://www.facebook.com/karbonhq","http://www.x.com/karbonhq","Private","B2B","Yes","August 10, 2026","66150","66000","Series B","February 11, 2022","Tidemark","Tidemark;PPP","548 Market St Pmb 45902","San Francisco","California","94104","United States","548 Market St Pmb 45902, San Francisco, California, 94104, United States","1","","","","","","","instantexportexcel1789639591758"
"38486276","ToolsGroup","www.toolsgroup.com","350","Employees.250to499","7372","7374","73;737;7372;7374;7379","513210","541511","51;513;5132;51321;513210;54;541;5415;54151;541511;541512","Software","Supply Chain Management (SCM) Software","Software","Supply Chain Management (SCM) Software","software","software.scm","1291490","https://app.zoominfo.com/#/apps/profile/company/38486276","http://www.linkedin.com/company/32403","http://www.facebook.com/toolsgroupuk","http://www.twitter.com/toolsgroup","Private","B2B","Yes","May 22, 2024","350","350","Debt","May 01, 2020","PPP","Accel-KKR;PPP","75 Federal St Ste 920","Boston","Massachusetts","02110","United States","75 Federal St Ste 920, Boston, Massachusetts, 02110, United States","4","","","","","","","instantexportexcel1789639591758"
"412485751","SpyCloud","www.spycloud.com","200","Employees.100to249","7371","737","73;737;7371","541511","541519","54;541;5415;54151;541511;541519","Software","Security Software","Software","Security Software","software","software.security","756994","https://app.zoominfo.com/#/apps/profile/company/412485751","http://www.linkedin.com/company/spycloud","http://www.facebook.com/spycloud","http://www.twitter.com/spycloudco","Private","B2B","Yes","August 24, 2023","171000","110000","Private Equity","August 23, 2023","Riverwood Capital","Silverton Partners;March Capital Partners;M12;Centana Growth Partners;March Capital Partners;Altos Ventures;Silverton Partners;M12;March Capital Partners;Altos Ventures;Silverton Partners;Riverwood Capital","2130 S Congress Ave","Austin","Texas","78704","United States","2130 S Congress Ave, Austin, Texas, 78704, United States","1","","","","","","","instantexportexcel1789639591758"
"346094418","15Five","www.15five.com","240","Employees.100to249","7371","737","73;737;7371","541511","541519","54;541;5415;54151;541511;541519","Software","Human Resources Software","Software","Human Resources Software","software","software.hr","103543","https://app.zoominfo.com/#/apps/profile/company/346094418","http://www.linkedin.com/company/15five","http://www.facebook.com/15five","http://www.twitter.com/15five","Private","B2B","Yes","June 05, 2024","94100","52000","Series C","December 07, 2022","New Ground Ventures;Quad Partners;Origin Ventures;Edison Partners;ServiceNow;Next47;Point Nine;Matrix Partners","Launch Fund;Origin Ventures;Chaifetz Group;New Ground Ventures;Matrix Partners;Richmond Global;500.com;Next47;Matrix Partners;Point Nine;Slow Ventures;New Ground Ventures;Quad Partners;Origin Ventures;Edison Partners;ServiceNow;Next47;Point Nine;Matrix Partners","3053 Fillmore St Pmb 279","San Francisco","California","94123","United States","3053 Fillmore St Pmb 279, San Francisco, California, 94123, United States","1","","","","","","","instantexportexcel1789639591758"
"345550705","Flashpoint","www.flashpoint.io","312","Employees.250to499","7372","7374","73;737;7372;7374;7379","513210","518210","51;513;5132;51321;513210;518;5182;51821;518210;54;541;5415;54151;541511","Software","Security Software","Software;Business Services","Security Software;Security Products & Services","software","software.security","588892","https://app.zoominfo.com/#/apps/profile/company/345550705","http://www.linkedin.com/company/flashpoint-intel","http://www.facebook.com/flashpointintel","http://www.twitter.com/flashpointintel","Private","B2B","Yes","June 04, 2024","111000","0","Private Equity","July 21, 2021","Audax Group","Audax Group;K2 Intelligence;Greycroft Partners;Jump Capital;TechOperators;Leaders Fund;Cisco Investments;Technology and Innovation Banking Group;Jump Capital;Georgian;Cisco Investments;TechOperators;Leaders Fund;K2 Intelligence;Greycroft Partners;Bloomberg;Cisco Investments;TechOperators, LLC;BMO","6218 Georgia Ave NW Apt 1","Washington","District of Columbia","20011","United States","6218 Georgia Ave NW Apt 1, Washington, District of Columbia, 20011, United States","2","","","","","","","instantexportexcel1789639591758"
"369811887","Netrio","www.netrio.com","300","Employees.250to499","4813","7374","48;481;4813;73;737;7374;7379","517111","517121","51;517;5171;51711;517111;51712;517121","Telecommunications","Telephony & Wireless","Telecommunications","Telephony & Wireless;Internet Service Providers, Website Hosting & Internet-related Services","telecom","telecom.telephone","12417102","https://app.zoominfo.com/#/apps/profile/company/369811887","http://www.linkedin.com/company/netrio","http://www.facebook.com/strategitllc","http://www.twitter.com/netrio_llc","Private","B2B","Yes","December 05, 2025","350","350","Debt","April 12, 2020","PPP","PPP","116 N Tennessee St Ste 200","Mc Kinney","Texas","75069","United States","116 N Tennessee St Ste 200, Mc Kinney, Texas, 75069, United States","5","","","","","","","instantexportexcel1789639591758"
"117539907","Teamworks","www.teamworks.com","485","Employees.250to499","7371","7372","73;737;7371;7372;7379","513210","51321","51;513;5132;51321;513210","Software","Content & Collaboration Software","Software","Content & Collaboration Software","software","software.contentcol","937748","https://app.zoominfo.com/#/apps/profile/company/117539907","http://www.linkedin.com/company/teamworksapp","http://www.facebook.com/teamworks","http://www.x.com/teamworks","Private","B2B","Yes","May 28, 2026","403050","6500","Stock/Share Issuance","July 25, 2025","","DUMAC;General Catalyst;Delta-v Capital LLC;Seaport Capital;Stadia Ventures;Afia Capital;General Catalyst;Afia Capital;Teamworthy Ventures;Delta-v Capital;General Catalyst;Seaport Capital;Dragoneer Investment Group;Dragoneer Investment Group","122 E Parrish St","Durham","North Carolina","27701","United States","122 E Parrish St, Durham, North Carolina, 27701, United States","1","","","","","","","instantexportexcel1789639591758"
"83788395","Obsidian","www.obsidiansecurity.com","200","Employees.100to249","7371","7373","73;737;7371;7373;7374","513210","518210","51;513;5132;51321;513210;518;5182;51821;518210","Software","Security Software","Software","Security Software","software","software.security","3137499","https://app.zoominfo.com/#/apps/profile/company/83788395","http://www.linkedin.com/company/obsidiansecurity","http://www.facebook.com/obsidiansec","http://www.x.com/obsidiansec","Private","B2B","Yes","August 11, 2026","204500","85000","Series D","August 03, 2026","Greylock Partners;Menlo Ventures;IVP;Wing Venture Capital;GV;Norwest;Crescent Cove Advisors","Greylock Partners;Menlo Ventures;IVP;Wing Venture Capital;GV;Norwest;Crescent Cove Advisors;Menlo Ventures;Norwest Venture Partners;IVP;Greylock Partners;Wing VC;GV;Greylock Partners","577 College Ave","Palo Alto","California","94306","United States","577 College Ave, Palo Alto, California, 94306, United States","2","","","","","","","instantexportexcel1789639591758"
"426925730","Cyble","www.cyble.com","250","Employees.250to499","7371","7372","73;737;7371;7372;7379","541511","541512","54;541;5415;54151;541511;541512;541513;541519","Software","Security Software","Software;Business Services","Security Software;Custom Software & IT Services;Management Consulting","software","software.security","1294430","https://app.zoominfo.com/#/apps/profile/company/426925730","http://www.linkedin.com/company/cyble-global","http://www.facebook.com/cybleglobal","http://www.twitter.com/cybleglobal","Private","B2B","Yes","April 15, 2024","38000","24000","Series B","July 31, 2023","Spider Capital;King River Capital;Blackbird Ventures","Spider Capital;January Capital Advisors;Spider Capital;King River Capital;Blackbird Ventures","11175 Cicero Dr Ste 100","Alpharetta","Georgia","30022","United States","11175 Cicero Dr Ste 100, Alpharetta, Georgia, 30022, United States","1","","","","","","","instantexportexcel1789639591758"
"435823497","Corelight","www.corelight.com","362","Employees.250to499","7371","7372","73;737;7371;7372;7374;7379","513210","541519","51;513;5132;51321;513210;54;541;5415;54151;541519","Software","Security Software","Software","Security Software","software","software.security","1406287","https://app.zoominfo.com/#/apps/profile/company/435823497","http://www.linkedin.com/company/corelight","http://www.facebook.com/corelightinc","http://www.twitter.com/corelight_inc","Private","B2B","Yes","May 16, 2024","309200","150000","Series E","April 30, 2024","Accel;Cisco Investments","Accel;Cisco Investments;Accel;Osage University Partners;Steve McCanne;General Catalyst;Accel;Insight Partners;Accel;Insight Partners;General Catalyst;Energy Impact Partners;Osage University Partners","548 Market St Pmb 77799","San Francisco","California","94104","United States","548 Market St Pmb 77799, San Francisco, California, 94104, United States","4","","","","","","","instantexportexcel1789639591758"
"371748461","Ushur","www.ushur.ai","206","Employees.100to249","7372","7374","73;737;7372;7374;7379","513210","518210","51;513;5132;51321;513210;518;5182;51821;518210;54;541;5415;54151;541511;541512","Software","Customer Relationship Management (CRM) Software","Software","Customer Relationship Management (CRM) Software","software","software.crm","","https://app.zoominfo.com/#/apps/profile/company/371748461","http://www.linkedin.com/company/ushur-me","","","Private","B2B","Yes","June 25, 2026","92000","50000","Series C","February 07, 2023","Aflac;8VC;Third Point","Aflac;8VC;Third Point;8VC;The 8VC;Iron Pillar;Third Point LLC;Aflac Ventures","3975 Freedom Cir Ste 870","Santa Clara","California","95054","United States","3975 Freedom Cir Ste 870, Santa Clara, California, 95054, United States","2","","","","","","","instantexportexcel1789639591758"
"100616899","TRG Screen","www.trgscreen.com","309","Employees.250to499","7372","7374","73;737;7372;7374;7379","513210","518210","51;513;5132;51321;513210;518;5182;51821;518210","Software","Business Intelligence (BI) Software","Software","Business Intelligence (BI) Software","software","software.bi","4043183","https://app.zoominfo.com/#/apps/profile/company/100616899","http://www.linkedin.com/company/trg-screen","http://www.facebook.com/trgscreen","http://www.x.com/trgscreen","Private","B2B","Yes","May 04, 2026","0","0","Private Equity","November 07, 2018","Pamlico Capital","Pamlico Capital;Polaris Partners","1 Penn Plz Fl 3","New York","New York","10119","United States","1 Penn Plz Fl 3, New York, New York, 10119, United States","4","","","","","","","instantexportexcel1789639591758"
"363277407","TriNetX","www.trinetx.com","290","Employees.250to499","7374","8731","73;737;7374;87;873;8731","518210","541511","51;518;5182;51821;518210;54;541;5415;54151;541511;5417;54171;541715","Software","Healthcare Software","Software;Business Services","Healthcare Software;Research & Development","software","software.health","194415","https://app.zoominfo.com/#/apps/profile/company/363277407","http://www.linkedin.com/company/trinetx","","http://www.twitter.com/trinetx","Private","B2B","Yes","April 21, 2024","53000","0","Private Equity","September 21, 2020","The Carlyle Group","Deerfield;Mitsui & Co;ITOCHU;MPM Capital;The Carlyle Group","100 Cambridgepark Dr Ste 501","Cambridge","Massachusetts","02140","United States","100 Cambridgepark Dr Ste 501, Cambridge, Massachusetts, 02140, United States","1","","","","","","","instantexportexcel1789639591758"
"359083052","Alert Media","www.alertmedia.com","493","Employees.250to499","7372","7374","73;737;7372;7374;7379","513210","518210","51;513;5132;51321;513210;518;5182;51821;518210","Software","Content & Collaboration Software","Software","Content & Collaboration Software;Security Software","software","software.contentcol","210748","https://app.zoominfo.com/#/apps/profile/company/359083052","http://www.linkedin.com/company/alertmedia","http://www.facebook.com/alrtmedia","http://www.x.com/alertmedia","Private","B2B","Yes","June 03, 2024","57010","40000","Series C","April 07, 2020","JMI Equity Inc;Silverton Partners;Next Coast Ventures","Silverton Partners;Capital Factory companies;ATX Ventures;ATX Seed Ventures;Brian Cruver;ATX Seed Ventures;Next Coast Ventures;JMI Equity Inc;Silverton Partners;Next Coast Ventures","401 S 1st St Unit 1400","Austin","Texas","78704","United States","401 S 1st St Unit 1400, Austin, Texas, 78704, United States","5","","","","","","","instantexportexcel1789639591758"
"358872930","Booksy","www.booksy.com","500","Employees.500to999","7372","7374","73;737;7372;7374;7379","513210","518210","51;513;5132;51321;513210;518;5182;51821;518210","Software","Customer Relationship Management (CRM) Software","Software","Customer Relationship Management (CRM) Software;Mobile App Development","software","software.crm","5897","https://app.zoominfo.com/#/apps/profile/company/358872930","http://www.linkedin.com/company/booksy","http://www.facebook.com/booksyapp","http://www.twitter.com/booksyapp","Private","B2B","Yes","November 14, 2024","115900","0","Private Equity","October 02, 2024","CIBC INNOVATION BANKING","Piton Capital;Kulczyk Investments;Zach Coelius;OpenOcean;Sprints Capital Management Limited;Cat Rock Capital Management LP;XG Ventures;Enern;Zach Coelius;Rohan Monga;Piotr Jakubowski;Kai Hansen;Industry Ventures;Piton Capital;Chris Guzowski;Hannes Graah;Investible;OpenOcean;Nomad Fund;CIBC INNOVATION BANKING","515 N State St Ste 460","Chicago","Illinois","60654","United States","515 N State St Ste 460, Chicago, Illinois, 60654, United States","92","","","","","","","instantexportexcel1789639591758"
"73517467","CrunchTime","www.crunchtime.com","400","Employees.250to499","7371","737","73;737;7371","513210","518210","51;513;5132;51321;513210;518;5182;51821;518210","Software","Supply Chain Management (SCM) Software","Software","Supply Chain Management (SCM) Software;Enterprise Resource Planning (ERP) Software","software","software.scm","1778148","https://app.zoominfo.com/#/apps/profile/company/73517467","http://www.linkedin.com/company/crunchtime-restaurant-ops","http://www.facebook.com/getcrunchtime","http://www.x.com/getcrunchtime","Private","B2B","Yes","April 13, 2026","0","0","","","","","120 Causeway St Ste 306","Boston","Massachusetts","02114","United States","120 Causeway St Ste 306, Boston, Massachusetts, 02114, United States","2","","","","","","","instantexportexcel1789639591758"
"3769662","Articulate","www.articulate.com","500","Employees.500to999","7372","7379","73;737;7372;7379","513210","51321","51;513;5132;51321;513210","Software","Content & Collaboration Software","Software","Content & Collaboration Software","software","software.contentcol","12488","https://app.zoominfo.com/#/apps/profile/company/3769662","http://www.linkedin.com/company/articulate","http://www.facebook.com/articulate","http://www.twitter.com/articulate","Private","B2B","Yes","June 01, 2026","1500000","1500000","Series A","July 01, 2021","General Atlantic;ICONIQ Growth;Blackstone","General Atlantic;ICONIQ Growth;Blackstone","244 5th Ave Ste 2960","New York","New York","10001","United States","244 5th Ave Ste 2960, New York, New York, 10001, United States","2","","","","","","","instantexportexcel1789639591758"
"371565166","Sayari","www.sayari.com","200","Employees.100to249","7379","737","73;737;7379","513210","518210","51;513;5132;51321;513210;518;5182;51821;518210;54;541;5415;54151;541511","Software","Business Intelligence (BI) Software","Software","Business Intelligence (BI) Software","software","software.bi","547025","https://app.zoominfo.com/#/apps/profile/company/371565166","http://www.linkedin.com/company/sayarilabs","http://www.facebook.com/sayarilabs","http://www.x.com/sayarilabs","Private","B2B","Yes","May 21, 2026","525166","235000","Unspecified","April 17, 2024","TPG","National Security Services Ventures;In-Q-Tel;Arsenal Growth;TFX Capital;MissionOG;Lavrock Ventures;MissionOG;Centana Growth Partners;Arsenal Venture Partners;Lavrock Ventures;TFX Capital;SAP NS2;PPP;TPG;Lavrock Ventures;TPG","1152 15th St NW Ste 910","Washington","District of Columbia","20005","United States","1152 15th St NW Ste 910, Washington, District of Columbia, 20005, United States","2","","","","","","","instantexportexcel1789639591758"
"363322563","FinQuery","www.finquery.com","250","Employees.250to499","7372","7374","73;737;7372;7374;7379","513210","518210","51;513;5132;51321;513210;518;5182;51821;518210","Software","Financial Software","Software","Financial Software","software","software.finance","971099","https://app.zoominfo.com/#/apps/profile/company/363322563","http://www.linkedin.com/company/finquery","http://www.facebook.com/finquery","http://www.x.com/finquery_tech","Private","B2B","Yes","August 12, 2025","66000","0","Other Financing Round","October 02, 2025","TA Associates","PPP;Lavelle Capital;Periphas Capital;Goldman Sachs Merchant Banking Division;TA Associates","1001 Summit Blvd Ste 1700","Brookhaven","Georgia","30319","United States","1001 Summit Blvd Ste 1700, Brookhaven, Georgia, 30319, United States","1","","","","","","","instantexportexcel1789639591758"
"371448117","TetraScience","www.tetrascience.com","203","Employees.100to249","7372","7374","73;737;7372;7374;7379","513210","518210","51;513;5132;51321;513210;518;5182;51821;518210;54;541;5415;54151;541511;541512","Software","Healthcare Software","Software","Healthcare Software","software","software.health","3274466","https://app.zoominfo.com/#/apps/profile/company/371448117","http://www.linkedin.com/company/tetrascience","http://www.facebook.com/tetrascienceinc","http://www.x.com/tetrascience","Private","B2B","Yes","March 05, 2026","103000","15000","Stock/Share Issuance","February 27, 2026","","Alkeon Capital Management;Insight Partners;Underscore VC;Founder Collective;Waters;Floodgate Capital;Y Combinator;First Round Capital;Digital Science","68 Harrison Ave Ste 605","Boston","Massachusetts","02111","United States","68 Harrison Ave Ste 605, Boston, Massachusetts, 02111, United States","2","","","","","","","instantexportexcel1789639591758"
"90376318","Intraway","www.intraway.com","278","Employees.250to499","7371","7372","73;737;7371;7372;7373;7379","513210","541511","51;513;5132;51321;513210;54;541;5415;54151;541511;541512;541513","Software","Networking Software","Software","Networking Software","software","software.network","1255959","https://app.zoominfo.com/#/apps/profile/company/90376318","http://www.linkedin.com/company/intraway-ltd","http://www.facebook.com/intraway","http://www.twitter.com/intraway","Private","B2B","Yes","February 10, 2020","0","0","","","","","4115 Jetty Terrace Cir","Missouri City","Texas","77459","United States","4115 Jetty Terrace Cir, Missouri City, Texas, 77459, United States","","","","","","","","instantexportexcel1789639591758"
"346611297","HST Pathways","www.hstpathways.com","298","Employees.250to499","7371","7372","73;737;7371;7372;7374","513210","518210","51;513;5132;51321;513210;518;5182;51821;518210","Software","Healthcare Software","Software","Healthcare Software","software","software.health","407115","https://app.zoominfo.com/#/apps/profile/company/346611297","http://www.linkedin.com/company/hstpathways","http://www.facebook.com/hstpathways","http://www.x.com/hstpathways","Private","B2B","Yes","June 08, 2026","1000","0","Private Equity","June 05, 2026","Novo Holdings;Bain Capital Ventures;Nexxus Holdings","Novo Holdings;Bain Capital Ventures;Nexxus Holdings;PPP","3102 West End Ave Ste 400","Nashville","Tennessee","37203","United States","3102 West End Ave Ste 400, Nashville, Tennessee, 37203, United States","2","","","","","","","instantexportexcel1789639591758"
"373136190","Gecko Robotics","www.geckorobotics.com","250","Employees.250to499","3599","7371","35;359;3599;73;737;7371;7373;87;873;8734","541511","541512","54;541;5415;54151;541511;541512;5417;54171;541715","Business Services","Custom Software & IT Services","Business Services;Software;Manufacturing","Custom Software & IT Services;Engineering Software;Industrial Machinery & Equipment","bizservice","bizservice.techconsulting","1357581","https://app.zoominfo.com/#/apps/profile/company/373136190","http://www.linkedin.com/company/gecko-robotics","http://www.facebook.com/geckorobotics","http://www.x.com/geckorobotics","Private","B2B","Yes","June 13, 2025","272000","125000","Series D","June 12, 2025","Innova XN;Cox Enterprises;Founders Fund;USIT Global Services;Y Combinator","Next47;Drive Capital;Founders Fund;Y-Combinator;Innova XN;Cox Enterprises;Founders Fund;USIT Global Services;Y Combinator;Drive Capital;Founders Fund;Xyz;Founders Fund;Justin Kan;The Westly Group;Y Combinator;Mark Cuban","S Commons Ofc 100 Ste 145","Pittsburgh","Pennsylvania","15212","United States","S Commons Ofc 100 Ste 145, Pittsburgh, Pennsylvania, 15212, United States","2","","","","","","","instantexportexcel1789639591758"
"31817798","Quark","www.quark.com","300","Employees.250to499","7371","7379","73;737;7371;7379","541511","541519","54;541;5415;54151;541511;541519","Software","Multimedia, Games & Graphics Software","Software","Multimedia, Games & Graphics Software","software","software.videogames","317319","https://app.zoominfo.com/#/apps/profile/company/31817798","http://www.linkedin.com/company/quark","","http://www.twitter.com/quarknews","Private","B2B","Yes","May 31, 2024","0","0","","","","","1600 E Beltline Ave NE Ste 210","Grand Rapids","Michigan","49525","United States","1600 E Beltline Ave NE Ste 210, Grand Rapids, Michigan, 49525, United States","5","","","","","","","instantexportexcel1789639591758"
"395958013","DataDome","www.datadome.co","200","Employees.100to249","7372","7374","73;737;7372;7374;7379","513210","518210","51;513;5132;51321;513210;518;5182;51821;518210;54;541;5415;54151;541511;541512","Software","Security Software","Software","Security Software","software","software.security","303028","https://app.zoominfo.com/#/apps/profile/company/395958013","http://www.linkedin.com/company/datadome","http://www.facebook.com/datadome","http://www.twitter.com/data_dome","Private","B2B","Yes","July 05, 2024","81194","42000","Series C","March 30, 2023","ISAI;Elephant;InfraVia Growth","Isai;50 Partners;ISAI;Elephant;InfraVia Growth;Elephant;ISAI","524 Broadway Fl 11","New York","New York","10012","United States","524 Broadway Fl 11, New York, New York, 10012, United States","5","","","","","","","instantexportexcel1789639591758"
"356450282","ASAPP","www.asapp.com","350","Employees.250to499","7371","7372","73;737;7371;7372;7379","513210","541511","51;513;5132;51321;513210;54;541;5415;54151;541511;5417;54171;541715","Software","Customer Relationship Management (CRM) Software","Software","Customer Relationship Management (CRM) Software","software","software.crm","959236","https://app.zoominfo.com/#/apps/profile/company/356450282","http://www.linkedin.com/company/asappco","http://www.facebook.com/asappinc","http://www.x.com/asapp","Private","B2B","Yes","May 26, 2026","336672","24102","Debt","May 07, 2026","","March Capital Partners;Vast Ventures;HOF Capital;Dave Strohm;John Doerr;Emergence Capital Partners;Euclidean Capital;John Chambers;Telstra;Joe Tucci;Dragoneer Investment Group;John Doerr;Fidelity Management & Research Company;John Chambers","1 World Trade Ctr Fl 80","New York","New York","10007","United States","1 World Trade Ctr Fl 80, New York, New York, 10007, United States","1","","","","","","","instantexportexcel1789639591758"
"477993855","Crisp","www.gocrisp.com","330","Employees.250to499","7372","7374","73;737;7372;7374","513210","518210","51;513;5132;51321;513210;518;5182;51821;518210;54;541;5415;54151;541511","Software","Business Intelligence (BI) Software","Software","Business Intelligence (BI) Software;Supply Chain Management (SCM) Software","software","software.bi","2294279","https://app.zoominfo.com/#/apps/profile/company/477993855","http://www.linkedin.com/company/gocrisp","http://www.facebook.com/gocrispinc","http://www.twitter.com/go_crisp","Private","B2B","Yes","September 27, 2024","168200","98000","Series B","December 10, 2025","Blue Cloud Ventures;Wellington Management;Paine Schwartz Partners;FirstMark Capital;DNX Ventures;Prologis;Cox Enterprises;3L Capital;Toshiba Corporation","TriplePoint Capital;Swell Capital;Spring Capital Partners;FirstMark Capital;Blue Cloud Ventures;Wellington Management;Paine Schwartz Partners;FirstMark Capital;DNX Ventures;Prologis;Cox Enterprises;3L Capital;Toshiba Corporation","101 W Johnson Ave Apt C","Springdale","Arkansas","72764","United States","101 W Johnson Ave Apt C, Springdale, Arkansas, 72764, United States","1","","","","","","","instantexportexcel1789639591758"
"468076301","Altruist","www.altruist.com","324","Employees.250to499","6211","6282","62;621;6211;628;6282;73;737;7372","513210","518210","51;513;5132;51321;513210;518;5182;51821;518210","Software","Financial Software","Software;Finance","Financial Software;Investment Banking","software","software.finance","289212","https://app.zoominfo.com/#/apps/profile/company/468076301","http://www.linkedin.com/company/altruistcorp","http://www.facebook.com/altruistcorp","http://www.x.com/altruist","Private","B2B","Yes","April 23, 2025","643500","152000","Other Financing Round","May 05, 2025","GIC","GIC;Vanguard;Insight Partners;Venrock;Venrock;Adams Street Partners;Insight Partners;Granite Capital Management;Sound Ventures;Adams Street Partners;ICONIQ Growth;Salesforce Ventures;ICONIQ Growth;GIC;Geodesic Capital","3030 La Cienega Blvd","Culver City","California","90232","United States","3030 La Cienega Blvd, Culver City, California, 90232, United States","1","","","","","","","instantexportexcel1789639591758"
"348007791","LegitScript","www.legitscript.com","206","Employees.100to249","7371","7372","73;737;7371;7372;7373;7374","513210","518210","51;513;5132;51321;513210;518;5182;51821;518210;54;541;5415;54151;541511;541512;541519","Software","Financial Software","Software;Business Services","Financial Software;Custom Software & IT Services;Management Consulting","software","software.finance","443425","https://app.zoominfo.com/#/apps/profile/company/348007791","http://www.linkedin.com/company/legitscript-com","http://www.facebook.com/legitscript","http://www.x.com/legitscript","Private","B2B","Yes","June 05, 2026","0","0","","","","","25 NW 23rd Pl Ste 6 Pmb 164","Portland","Oregon","97210","United States","25 NW 23rd Pl Ste 6 Pmb 164, Portland, Oregon, 97210, United States","2","","","","","","","instantexportexcel1789639591758"
"459041826","Tps","www.tpsworldwide.com","379","Employees.250to499","7372","7374","73;737;7372;7374;7379","513210","518210","51;513;5132;51321;513210;518;5182;51821;518210","Software","Financial Software","Software","Financial Software","software","software.finance","5721558","https://app.zoominfo.com/#/apps/profile/company/459041826","http://www.linkedin.com/company/tpsworldwide","http://www.facebook.com/tpsworldwide","http://www.twitter.com/tpsworldwide","Private","B2B","Yes","February 09, 2024","0","0","","","","","1847 Aberdeen Cir","Crofton","Maryland","21114","United States","1847 Aberdeen Cir, Crofton, Maryland, 21114, United States","","","","","","","","instantexportexcel1789639591758"
"353486152","Workable","www.workable.com","414","Employees.250to499","7372","7374","73;737;7372;7374","513210","517810","51;513;5132;51321;513210;517;5178;51781;517810;518;5182;51821;518210","Software","Healthcare Software","Software;Healthcare Services","Healthcare Software;Ambulance Services","software","software.health","7862","https://app.zoominfo.com/#/apps/profile/company/353486152","http://www.linkedin.com/company/workable-hr","http://www.facebook.com/workable","http://www.twitter.com/workable","Private","B2B","Yes","July 09, 2024","85934","1000","Debt","April 15, 2020","PPP","Notion;83NORTH;PPP;83 North;Greylock IL;Openfund;Dimitris Vranopoulos;Chrysanthos Chrysanthou;Alexis Pantazis;Openfund;Zouk Capital;Balderton Capital;Openfund;Endeavor Global;TriplePoint;Zouk Capital;83NORTH;Notion;Balderton","33 Arch St Ste 3110","Boston","Massachusetts","02110","United States","33 Arch St Ste 3110, Boston, Massachusetts, 02110, United States","3","","","","","","","instantexportexcel1789639591758"
"356868635","LeanData","www.leandata.com","200","Employees.100to249","7372","7374","73;737;7372;7374;7379","513210","518210","51;513;5132;51321;513210;518;5182;51821;518210","Software","Customer Relationship Management (CRM) Software","Software","Customer Relationship Management (CRM) Software","software","software.crm","1203134","https://app.zoominfo.com/#/apps/profile/company/356868635","http://www.linkedin.com/company/leandata","http://www.facebook.com/leandata","http://www.twitter.com/leandata","Private","B2B","Yes","June 20, 2024","42600","27500","Unspecified","March 18, 2019","Tenaya Capital;Correlation Ventures;Sapphire Ventures;Shasta Ventures;Industry Ventures","Felicis Ventures;Correlation Ventures;FundersClub;Shasta Ventures;Sapphire Ventures;Correlation Ventures;Shasta Ventures;Tenaya Capital;Correlation Ventures;Sapphire Ventures;Shasta Ventures;Industry Ventures","2901 Patrick Henry Dr","Santa Clara","California","95054","United States","2901 Patrick Henry Dr, Santa Clara, California, 95054, United States","1","","","","","","","instantexportexcel1789639591758"
"51711334","Grant Street Group","www.grantstreet.com","407","Employees.250to499","7371","7372","73;737;7371;7372;7374;7379","513210","518210","51;513;5132;51321;513210;518;5182;51821;518210","Software","Financial Software","Software;Business Services","Financial Software;Custom Software & IT Services","software","software.finance","909812","https://app.zoominfo.com/#/apps/profile/company/51711334","http://www.linkedin.com/company/grant-street-group","http://www.facebook.com/grantstreetgroup","http://www.twitter.com/grantstgroup","Private","B2B","Yes","July 12, 2024","2000","2000","Debt","April 15, 2020","PPP","PPP","339 6th Ave Ste 1400","Pittsburgh","Pennsylvania","15222","United States","339 6th Ave Ste 1400, Pittsburgh, Pennsylvania, 15222, United States","1","","","","","","","instantexportexcel1789639591758"
"353604301","AgilePoint","www.agilepoint.com","200","Employees.100to249","7371","7372","73;737;7371;7372;7379","513210","518210","51;513;5132;51321;513210;518;5182;51821;518210","Software","Engineering Software","Software","Engineering Software","software","software.eng","2166614","https://app.zoominfo.com/#/apps/profile/company/353604301","http://www.linkedin.com/company/agilepoint","http://www.facebook.com/agilepointinc","http://www.twitter.com/agilepoint","Private","B2B","Yes","March 24, 2023","849","499","Debt","March 03, 2021","PPP","PPP;PPP","Old Middlefield Way Ste B","Mountain View","California","94043","United States","Old Middlefield Way Ste B, Mountain View, California, 94043, United States","7","","","","","","","instantexportexcel1789639591758"
"398516175","Bold Penguin","www.boldpenguin.com","250","Employees.250to499","7371","737","73;737;7371","513210","518210","51;513;5132;51321;513210;518;5182;51821;518210","Software","Business Intelligence (BI) Software","Software","Business Intelligence (BI) Software","software","software.bi","2091959","https://app.zoominfo.com/#/apps/profile/company/398516175","http://www.linkedin.com/company/bold-penguin","http://www.facebook.com/boldpenguin","http://www.x.com/bold_penguin","Private","B2B","Yes","May 08, 2026","49000","32000","Series B","September 23, 2019","Hudson Structured Capital Management;Lockton;Guggenheim Insurance;Stone Point Capital;Lightstone","MTech Capital;Hudson Structured Capital Management;Lockton;Guggenheim Insurance;Stone Point Capital;Lightstone","6555 Longshore St Ste 200","Dublin","Ohio","43017","United States","6555 Longshore St Ste 200, Dublin, Ohio, 43017, United States","1","","","","","","","instantexportexcel1789639591758"
"197198302","The Predictive Index","www.predictiveindex.com","485","Employees.250to499","7361","7372","73;736;7361;737;7372;7374;7379;87;874;8742","513210","518210","51;513;5132;51321;513210;518;5182;51821;518210;54;541;5416;54161;541611;541612","Software","Human Resources Software","Software;Business Services","Human Resources Software;HR & Staffing","software","software.hr","48176","https://app.zoominfo.com/#/apps/profile/company/197198302","http://www.linkedin.com/company/the-predictive-index","http://www.facebook.com/predictiveindex","http://www.x.com/predictiveindex","Private","B2B","Yes","June 10, 2024","82000","30000","Other Financing Round","September 12, 2022","JM Family Enterprises","General Catalyst;JM Family Enterprises;PPP","101 Station Dr","Westwood","Massachusetts","02090","United States","101 Station Dr, Westwood, Massachusetts, 02090, United States","1","","","","","","","instantexportexcel1789639591758"
"19251473","Infragistics","www.infragistics.com","250","Employees.250to499","7371","7372","73;737;7371;7372;7379","513210","51321","51;513;5132;51321;513210","Software","Engineering Software","Software","Engineering Software;Content & Collaboration Software","software","software.eng","369753","https://app.zoominfo.com/#/apps/profile/company/19251473","http://www.linkedin.com/company/infragistics","http://www.facebook.com/infragistics","http://www.twitter.com/infragistics","Private","B2B","Yes","December 12, 2023","1000","1000","Debt","April 08, 2020","PPP","PPP","2 Commerce Dr","Cranbury","New Jersey","08512","United States","2 Commerce Dr, Cranbury, New Jersey, 08512, United States","8","","","","","","","instantexportexcel1789639591758"
"473929945","Concentric AI","www.concentric.ai","226","Employees.100to249","7372","7374","73;737;7372;7374;7379","513210","518210","51;513;5132;51321;513210;518;5182;51821;518210","Software","Security Software","Software","Security Software","software","software.security","4016788","https://app.zoominfo.com/#/apps/profile/company/473929945","http://www.linkedin.com/company/concentricinc","","http://www.x.com/incconcentric","Private","B2B","Yes","March 24, 2026","67000","45000","Series B","October 24, 2024","Citi;Top Tier Capital Partners;HarbourVest;CyberFuture","Citi;Top Tier Capital Partners;HarbourVest;CyberFuture;Homebrew;Clear Ventures;Engineering Capital;Core Ventures;Ballistic Ventures;Clear Ventures;City Ventures;Engineering Capital;Core Ventures Group","3031 Tisch Way Ste 306","San Jose","California","95128","United States","3031 Tisch Way Ste 306, San Jose, California, 95128, United States","1","","","","","","","instantexportexcel1789639591758"
"42257292","Kofile","www.kofile.com","500","Employees.500to999","7371","7372","73;737;7371;7372;7374;7379","541519","54151","54;541;5415;54151;541519","Business Services","Custom Software & IT Services","Business Services;Software","Custom Software & IT Services;Information & Document Management;Database & File Management Software","bizservice","bizservice.techconsulting","718965","https://app.zoominfo.com/#/apps/profile/company/42257292","http://www.linkedin.com/company/kofile","http://www.facebook.com/kofile.services","http://www.twitter.com/kofile_services","Private","B2B","Yes","February 04, 2026","0","0","","","","","6300 Cedar Springs Rd","Dallas","Texas","75235","United States","6300 Cedar Springs Rd, Dallas, Texas, 75235, United States","2","","","","","","","instantexportexcel1789639591758"
"456549834","Juvare","www.juvare.com","260","Employees.250to499","7372","7374","73;737;7372;7374;7379","513210","518210","51;513;5132;51321;513210;518;5182;51821;518210;54;541;5415;54151;541511;541512","Software","Content & Collaboration Software","Software","Content & Collaboration Software;Healthcare Software","software","software.contentcol","204784","https://app.zoominfo.com/#/apps/profile/company/456549834","http://www.linkedin.com/company/juvare","http://www.facebook.com/juvarecorp","http://www.twitter.com/juvarecorp","Private","B2B","Yes","December 09, 2025","0","0","","","","","235 Peachtree St NE Ste 2300","Atlanta","Georgia","30303","United States","235 Peachtree St NE Ste 2300, Atlanta, Georgia, 30303, United States","2","","","","","","","instantexportexcel1789639591758"
"43008678","Xtime","www.xtime.com","277","Employees.250to499","7371","7372","73;737;7371;7372;7379","541519","54151","54;541;5415;54151;541519","Software","Customer Relationship Management (CRM) Software","Software","Customer Relationship Management (CRM) Software","software","software.crm","15736","https://app.zoominfo.com/#/apps/profile/company/43008678","http://www.linkedin.com/company/xtime","http://www.facebook.com/xtimeservicecrm","http://www.twitter.com/xtime","Private","B2B","Yes","September 29, 2025","0","0","","","","","5700 Broadmoor St","Mission","Kansas","66202","United States","5700 Broadmoor St, Mission, Kansas, 66202, United States","3","","","","","","","instantexportexcel1789639591758"
"367601642","Panorama Education","www.panoramaed.com","400","Employees.250to499","7372","7374","73;737;7372;7374","513210","518210","51;513;5132;51321;513210;518;5182;51821;518210;54;541;5415;54151;541511;541512","Software","Business Intelligence (BI) Software","Software","Business Intelligence (BI) Software","software","software.bi","75863","https://app.zoominfo.com/#/apps/profile/company/367601642","http://www.linkedin.com/company/panorama-education","http://www.facebook.com/panoramaed","http://www.twitter.com/panoramaed","Private","B2B","Yes","April 10, 2024","76125","60000","Series C","September 02, 2021","Owl Ventures;General Atlantic;Emerson Collective;Uncork Capital","Y Combinator;Owl Ventures;Spark Capital;Startup:Education;Google Ventures;Owl Ventures;General Atlantic;Emerson Collective;Uncork Capital;Y Combinator;Imagine K12;Yale University;Google Ventures;SoftTech VC;A-Grade Investments;Startup:Education","24 School St Fl 4","Boston","Massachusetts","02108","United States","24 School St Fl 4, Boston, Massachusetts, 02108, United States","1","","","","","","","instantexportexcel1789639591758"
"345270451","Cast","www.castsoftware.com","320","Employees.250to499","7371","7372","73;737;7371;7372","513210","51321","51;513;5132;51321;513210","Software","Engineering Software","Software","Engineering Software","software","software.eng","575512","https://app.zoominfo.com/#/apps/profile/company/345270451","http://www.linkedin.com/company/cast","","http://www.twitter.com/castagscience","Private","B2B","Yes","December 09, 2025","1000","1000","Debt","April 15, 2020","PPP","PPP","321 W 44th St","New York","New York","10036","United States","321 W 44th St, New York, New York, 10036, United States","4","","","","","","","instantexportexcel1789639591758"
"67568295","Travelzoo","www.travelzoo.com","249","Employees.100to249","4729","7375","47;472;4729;73;737;7375;738;7389","561599","56159","56;561;5615;56159;561599","Hospitality","Travel Agencies & Services","Hospitality;Media & Internet","Travel Agencies & Services;Data Collection & Internet Portals","hospitality","hospitality.travel","10733","https://app.zoominfo.com/#/apps/profile/company/67568295","http://www.linkedin.com/company/travelzoo","","http://www.twitter.com/travelzoo","Public","B2B","Yes","January 29, 2025","2000","2000","Debt","April 14, 2020","PPP","PPP","590 Madison Ave Fl 35","New York","New York","10022","United States","590 Madison Ave Fl 35, New York, New York, 10022, United States","5","","","","","","","instantexportexcel1789639591758"
"454668095","Lumin Digital","www.lumindigital.com","353","Employees.250to499","7371","7373","73;737;7371;7373","513210","518210","51;513;5132;51321;513210;518;5182;51821;518210;54;541;5415;54151;541511;541512","Software","Financial Software","Software","Financial Software;Mobile App Development","software","software.finance","3801464","https://app.zoominfo.com/#/apps/profile/company/454668095","http://www.linkedin.com/company/lumindigital","","http://www.x.com/lumindigital","Private","B2B","Yes","August 13, 2026","275000","115000","Other Financing Round","July 15, 2026","Light Street Capital","Light Street Capital;NewView Capital;Partners Group;Light Street Capital","3001 Bishop Dr Ste 110","San Ramon","California","94583","United States","3001 Bishop Dr Ste 110, San Ramon, California, 94583, United States","1","","","","","","","instantexportexcel1789639591758"
"103678045","TechSmith","www.techsmith.com","300","Employees.250to499","7372","7379","73;737;7372;7379","513210","51321","51;513;5132;51321;513210","Software","Multimedia, Games & Graphics Software","Software","Multimedia, Games & Graphics Software","software","software.videogames","51205","https://app.zoominfo.com/#/apps/profile/company/103678045","http://www.linkedin.com/company/techsmith-corporation","http://www.facebook.com/techsmith","http://www.twitter.com/techsmith","Private","B2B","Yes","July 23, 2024","5000","5000","Debt","April 13, 2020","PPP","PPP","14 Crescent Rd","East Lansing","Michigan","48823","United States","14 Crescent Rd, East Lansing, Michigan, 48823, United States","1","","","","","","","instantexportexcel1789639591758"
"31526339","Cole Engineering Services, Inc. (CESI)","www.coleengineering.com","343","Employees.250to499","7371","7372","73;737;7371;7372;7373;7379","541511","541512","54;541;5415;54151;541511;541512","Business Services","Custom Software & IT Services","Business Services;Software","Custom Software & IT Services;Engineering Software;Multimedia, Games & Graphics Software","bizservice","bizservice.techconsulting","11612185","https://app.zoominfo.com/#/apps/profile/company/31526339","http://www.linkedin.com/company/cole-engineering-services-inc-","http://www.facebook.com/cole-engineering-services-inc-476244602430767","","Private","B2B","Yes","June 09, 2022","0","0","","","","","2710 Discovery Dr Ste 100","Orlando","Florida","32826","United States","2710 Discovery Dr Ste 100, Orlando, Florida, 32826, United States","1","","","","","","","instantexportexcel1789639591758"
"563150460","Sai360","www.sai360.com","461","Employees.250to499","7372","7374","73;737;7372;7374","513210","518210","51;513;5132;51321;513210;518;5182;51821;518210","Business Services","Custom Software & IT Services","Business Services;Software","Custom Software & IT Services;Business Intelligence (BI) Software;Legal Software","bizservice","bizservice.techconsulting","3494576","https://app.zoominfo.com/#/apps/profile/company/563150460","http://www.linkedin.com/company/sai360","","http://www.x.com/sai_compliance","Private","B2B","Yes","March 26, 2026","0","0","","","","","205 W Wacker Dr Ste 1800","Chicago","Illinois","60606","United States","205 W Wacker Dr Ste 1800, Chicago, Illinois, 60606, United States","1","","","","","","","instantexportexcel1789639591758"
"348096259","Duetto","www.duettocloud.com","200","Employees.100to249","7371","7372","73;737;7371;7372;7374;7379","513210","51321","51;513;5132;51321;513210","Software","Financial Software","Software","Financial Software","software","software.finance","2527740","https://app.zoominfo.com/#/apps/profile/company/348096259","http://www.linkedin.com/company/duetto-research","http://www.facebook.com/duettocloud","http://www.x.com/duettocloud","Private","B2B","Yes","March 25, 2024","143176","80000","Series D","August 29, 2018","","JAWS Ventures;Battery Ventures;Daniel Scholnick;Benchmark;Altimeter Capital;Battery Ventures;Battery Ventures;Accel Partners;Altimeter Capital;Icon Ventures;Accel Partners;Battery Ventures;Altimeter Capital","333 Bush St Ste 1200","San Francisco","California","94104","United States","333 Bush St Ste 1200, San Francisco, California, 94104, United States","2","","","","","","","instantexportexcel1789639591758"
"465664288","Keap","www.keap.com","345","Employees.250to499","7372","7374","73;737;7372;7374;7379","513210","518210","51;513;5132;51321;513210;518;5182;51821;518210","Software","Customer Relationship Management (CRM) Software","Software","Customer Relationship Management (CRM) Software","software","software.crm","261000","https://app.zoominfo.com/#/apps/profile/company/465664288","http://www.linkedin.com/company/keap-growing","http://www.facebook.com/keap","http://www.twitter.com/keapgrowing","Private","B2B","Yes","July 05, 2024","205900","5000","Debt","August 18, 2020","","Goldman Sachs;Arthur Ventures;Mohr Davidow Ventures;vSpring Capital;Goldman Sachs;Signal Peak Ventures;Allure Ventures;Arthur Ventures;Bain Capital Ventures;Mohr Davidow Ventures;ORIX USA","1260 S Spectrum Blvd","Chandler","Arizona","85286","United States","1260 S Spectrum Blvd, Chandler, Arizona, 85286, United States","1","","","","","","","instantexportexcel1789639591758"
"99107406","Quest Analytics","www.questanalytics.com","305","Employees.250to499","7371","7372","73;737;7371;7372;7374;7379","541511","541512","54;541;5415;54151;541511;541512;5416;54161;541618","Software","Healthcare Software","Software;Business Services","Healthcare Software;Business Intelligence (BI) Software;Management Consulting","software","software.health","693391","https://app.zoominfo.com/#/apps/profile/company/99107406","http://www.linkedin.com/company/quest-analytics-inc","http://www.facebook.com/questanalyticsllc","http://www.twitter.com/quest_analytics","Private","B2B","Yes","October 03, 2023","0","0","","","","","9225 Indian Creek Pkwy Ste 200","Overland Park","Kansas","66210","United States","9225 Indian Creek Pkwy Ste 200, Overland Park, Kansas, 66210, United States","4","","","","","","","instantexportexcel1789639591758"
"452864187","Pacvue","www.pacvue.com","441","Employees.250to499","7371","7372","73;737;7371;7372;7374;7379","513210","518210","51;513;5132;51321;513210;518;5182;51821;518210;54;541;5415;54151;541511;5416;54161;541613","Business Services","Advertising & Marketing","Business Services;Software","Advertising & Marketing;Business Intelligence (BI) Software","bizservice","bizservice.marketing","145593","https://app.zoominfo.com/#/apps/profile/company/452864187","http://www.linkedin.com/company/pacvue","http://www.facebook.com/pacvuecorp","http://www.twitter.com/pacvue","Private","B2B","Yes","March 08, 2024","150","150","Debt","May 01, 2020","PPP","PPP","9696 Culver Blvd Ste 308","Culver City","California","90232","United States","9696 Culver Blvd Ste 308, Culver City, California, 90232, United States","1","","","","","","","instantexportexcel1789639591758"
"372534935","Hexnode","www.hexnode.com","500","Employees.500to999","7371","7372","73;737;7371;7372;7379","541511","541519","54;541;5415;54151;541511;541519","Software","Storage & System Management Software","Software","Storage & System Management Software;Networking Software","software","software.storage","303246","https://app.zoominfo.com/#/apps/profile/company/372534935","http://www.linkedin.com/company/hexnode","http://www.facebook.com/hexnode","http://www.twitter.com/thehexnode","Private","B2B","Yes","June 27, 2024","0","0","","","","","111 Pine St Ste 1225","San Francisco","California","94111","United States","111 Pine St Ste 1225, San Francisco, California, 94111, United States","4","","","","","","","instantexportexcel1789639591758"
"351945737","Subsplash","www.subsplash.com","330","Employees.250to499","7372","7374","73;737;7372;7374;7379","513210","518210","51;513;5132;51321;513210;518;5182;51821;518210","Software","Content & Collaboration Software","Software","Content & Collaboration Software;Mobile App Development","software","software.contentcol","19327","https://app.zoominfo.com/#/apps/profile/company/351945737","http://www.linkedin.com/company/subsplash","","http://www.x.com/subsplash","Private","B2B","Yes","April 07, 2026","0","0","","","","","3257 16th Ave W Ste 200","Seattle","Washington","98119","United States","3257 16th Ave W Ste 200, Seattle, Washington, 98119, United States","1","","","","","","","instantexportexcel1789639591758"
"73141316","iXsystems","www.ixsystems.com","200","Employees.100to249","7372","7374","73;737;7372;7374;7379","513210","518210","51;513;5132;51321;513210;518;5182;51821;518210;54;541;5415;54151;541511;541512","Software","Storage & System Management Software","Software","Storage & System Management Software","software","software.storage","521997","https://app.zoominfo.com/#/apps/profile/company/73141316","http://www.linkedin.com/company/ixsystems","http://www.facebook.com/ixsystems","http://www.twitter.com/ixsystems","Private","B2B","Yes","June 13, 2024","1000","1000","Debt","April 15, 2020","PPP","PPP","2490 Kruse Dr","San Jose","California","95131","United States","2490 Kruse Dr, San Jose, California, 95131, United States","3","","","","","","","instantexportexcel1789639591758"
"397484059","4G Clinical","www.4gclinical.com","410","Employees.250to499","7371","7372","73;737;7371;7372;7374;7379","541511","541512","54;541;5415;54151;541511;541512;541513","Software","Healthcare Software","Software","Healthcare Software","software","software.health","385800","https://app.zoominfo.com/#/apps/profile/company/397484059","http://www.linkedin.com/company/4g-clinical","http://www.facebook.com/4gclinical","http://www.twitter.com/4gclinical","Private","B2B","Yes","June 21, 2022","205000","200000","Other Financing Round","June 29, 2021","Schooner Capital;Goldman Sachs;First Analysis","Schooner Capital;Schooner Capital;Goldman Sachs;First Analysis","370 Washington St","Wellesley","Massachusetts","02481","United States","370 Washington St, Wellesley, Massachusetts, 02481, United States","3","","","","","","","instantexportexcel1789639591758"
"31506962","ProVation Medical","www.provationmedical.com","250","Employees.250to499","7371","7372","73;737;7371;7372","513210","51321","51;513;5132;51321;513210","Software","Healthcare Software","Software","Healthcare Software","software","software.health","5046080","https://app.zoominfo.com/#/apps/profile/company/31506962","http://www.linkedin.com/company/provation-medical","http://www.facebook.com/provation-medical-software-119867582568","http://www.twitter.com/provationmed","Private","B2B","Yes","April 13, 2026","260000","260000","Debt","December 07, 2020","BMO Capital Markets;Jefferies;Credit Suisse","BMO Capital Markets;Jefferies;Credit Suisse","533 S 3rd St Ste 300","Minneapolis","Minnesota","55415","United States","533 S 3rd St Ste 300, Minneapolis, Minnesota, 55415, United States","1","","","","","","","instantexportexcel1789639591758"
"29458534","Paciolan","www.paciolan.com","311","Employees.250to499","7372","7374","73;737;7372;7374","513210","518210","51;513;5132;51321;513210;518;5182;51821;518210","Software","Financial Software","Software","Financial Software;Mobile App Development","software","software.finance","2119813","https://app.zoominfo.com/#/apps/profile/company/29458534","http://www.linkedin.com/company/paciolan","http://www.facebook.com/paciolantix","http://www.twitter.com/paciolaninc","Private","B2B","Yes","June 23, 2024","0","0","Unspecified","November 09, 2010","Comcast Spectacor","Comcast Spectacor","5291 California Ave Ste 100","Irvine","California","92617","United States","5291 California Ave Ste 100, Irvine, California, 92617, United States","1","","","","","","","instantexportexcel1789639591758"
"94601513","Security Innovation","www.securityinnovation.com","234","Employees.100to249","7371","7372","73;737;7371;7372;7379","541512","541519","54;541;5415;54151;541512;541519","Software","Security Software","Software;Business Services","Security Software;Custom Software & IT Services","software","software.security","3823830","https://app.zoominfo.com/#/apps/profile/company/94601513","http://www.linkedin.com/company/security-innovation-india-pvt.-ltd.","http://www.facebook.com/security-innovations-dba-aa-lockserv-199268613451156","http://www.twitter.com/secinnovation","Private","B2B","Yes","April 15, 2024","15100","2000","Debt","April 10, 2020","PPP","Brook Venture Partners;Brook Venture Partners;PPP;Brook Venture Partners","187 Ballardvale St Ste A195","Wilmington","Massachusetts","01887","United States","187 Ballardvale St Ste A195, Wilmington, Massachusetts, 01887, United States","3","","","","","","","instantexportexcel1789639591758"
"68094588","Harrison Street Real Estate Capital","www.harrisonst.com","273","Employees.250to499","6282","679","6282;67;679","523910","523940","52;523;5239;52391;523910;52394;523940","Finance","Investment Banking","Finance","Investment Banking;Venture Capital & Private Equity","finance","finance.investment","4734432","https://app.zoominfo.com/#/apps/profile/company/68094588","http://www.linkedin.com/company/harrison-street","","http://www.x.com/harrisonstsw","Private","B2B","Yes","June 01, 2020","564516","564516","Other Financing Round","May 01, 2019","","","444 W Lake St Ste 2100","Chicago","Illinois","60606","United States","444 W Lake St Ste 2100, Chicago, Illinois, 60606, United States","2","","","","","","","instantexportexcel1789639591758"
"346612518","Lavu","www.lavu.com","207","Employees.100to249","7372","7374","73;737;7372;7374","513210","518210","51;513;5132;51321;513210;518;5182;51821;518210","Software","Financial Software","Software","Financial Software","software","software.finance","1861612","https://app.zoominfo.com/#/apps/profile/company/346612518","http://www.linkedin.com/company/lavu-inc","http://www.facebook.com/lavuinc","http://www.twitter.com/lavuinc","Private","B2B","Yes","July 09, 2024","15000","15000","Series A","June 03, 2015","Aldrich Capital Partners","Aldrich Capital Partners","6614 Gulton Ct NE Unit B","Albuquerque","New Mexico","87109","United States","6614 Gulton Ct NE Unit B, Albuquerque, New Mexico, 87109, United States","3","","","","","","","instantexportexcel1789639591758"
"406971689","Tekplay Systems","www.tekplay.com","450","Employees.250to499","7371","7372","73;737;7371;7372;7373;7379","541511","541512","54;541;5415;54151;541511;541512","Business Services","Custom Software & IT Services","Business Services;Software","Custom Software & IT Services;Business Intelligence (BI) Software;Enterprise Resource Planning (ERP) Software","bizservice","bizservice.techconsulting","9863442","https://app.zoominfo.com/#/apps/profile/company/406971689","http://www.linkedin.com/company/tekplaysystems","http://www.facebook.com/tekplaysystems","http://www.twitter.com/tekplaysystems","Private","B2B","Yes","April 26, 2023","150","150","Debt","April 29, 2020","PPP","PPP","5050 Research Ct Ste 100","Suwanee","Georgia","30024","United States","5050 Research Ct Ste 100, Suwanee, Georgia, 30024, United States","2","","","","","","","instantexportexcel1789639591758"
"22790993","Listrak","www.listrak.com","332","Employees.250to499","7311","7372","73;731;7311;737;7372;7374;7379","513210","518210","51;513;5132;51321;513210;518;5182;51821;518210;54;541;5415;54151;541511;541512","Software","Customer Relationship Management (CRM) Software","Software;Business Services","Customer Relationship Management (CRM) Software;Advertising & Marketing","software","software.crm","319523","https://app.zoominfo.com/#/apps/profile/company/22790993","http://www.linkedin.com/company/listrak","http://www.facebook.com/listrak-410852259007090","http://www.twitter.com/listrak","Private","B2B","Yes","May 21, 2024","5000","5000","Debt","April 10, 2020","PPP","PPP","100 W Millport Rd","Lititz","Pennsylvania","17543","United States","100 W Millport Rd, Lititz, Pennsylvania, 17543, United States","1","","","","","","","instantexportexcel1789639591758"
"1360556","Alogent","www.alogent.com","200","Employees.100to249","7371","7372","73;737;7371;7372;7374","513210","541511","51;513;5132;51321;513210;54;541;5415;54151;541511;541512","Software","Financial Software","Software","Financial Software","software","software.finance","3516543","https://app.zoominfo.com/#/apps/profile/company/1360556","http://www.linkedin.com/company/alogent-corp","","http://www.twitter.com/alogentcorp","Private","B2B","Yes","July 06, 2026","0","0","","","","","35 Innovation Dr Ste 200","Peachtree Corners","Georgia","30092","United States","35 Innovation Dr Ste 200, Peachtree Corners, Georgia, 30092, United States","1","","","","","","","instantexportexcel1789639591758"
"19530373","Intelligent Medical Objects","www.imohealth.com","333","Employees.250to499","7371","7372","73;737;7371;7372;7379","513210","51321","51;513;5132;51321;513210","Software","Healthcare Software","Software","Healthcare Software","software","software.health","1494875","https://app.zoominfo.com/#/apps/profile/company/19530373","http://www.linkedin.com/company/intelligent-medical-objects","http://www.facebook.com/intelligentmedicalobjects","http://www.twitter.com/imosolutions","Private","B2B","Yes","October 01, 2025","0","0","Other Financing Round","February 20, 2017","Ascension Ventures","Ascension Ventures;Warburg Pincus","9600 Bryn Mawr Ave Ste 100","Rosemont","Illinois","60018","United States","9600 Bryn Mawr Ave Ste 100, Rosemont, Illinois, 60018, United States","2","","","","","","","instantexportexcel1789639591758"
"28263092","KCF Technologies","www.kcftech.com","267","Employees.250to499","7371","7372","73;737;7371;7372;7373;7379","541519","54151","54;541;5415;54151;541519","Software","Supply Chain Management (SCM) Software","Software;Business Services","Supply Chain Management (SCM) Software;Custom Software & IT Services","software","software.scm","2603496","https://app.zoominfo.com/#/apps/profile/company/28263092","http://www.linkedin.com/company/kcf-technologies","http://www.facebook.com/kcftech","http://www.twitter.com/edmtechnologies","Private","B2B","Yes","May 23, 2024","4000","0","Series A","July 20, 2022","RiverBay Capital;Graham Partners","PPP;PPP;RiverBay Capital;Graham Partners","336 S Fraser St","State College","Pennsylvania","16801","United States","336 S Fraser St, State College, Pennsylvania, 16801, United States","2","","","","","","","instantexportexcel1789639591758"
"558555136","IQ Fiber","www.iqfiber.com","200","Employees.100to249","4813","481","48;481;4813","517111","51711","51;517;5171;51711;517111","Telecommunications","Internet Service Providers, Website Hosting & Internet-related Services","Telecommunications","Internet Service Providers, Website Hosting & Internet-related Services","telecom","telecom.internet","1557410","https://app.zoominfo.com/#/apps/profile/company/558555136","http://www.linkedin.com/company/iq-fiber","http://www.facebook.com/iqfiber","http://www.twitter.com/iqfiber","Private","B2B","Yes","December 09, 2025","150000","150000","Private Equity","May 24, 2023","SDC Capital Partners","SDC Capital Partners;SDC Capital Partners","8787 Perimeter Park Blvd","Jacksonville","Florida","32216","United States","8787 Perimeter Park Blvd, Jacksonville, Florida, 32216, United States","2","","","","","","","instantexportexcel1789639591758"
"356852103","PayStand","www.paystand.com","213","Employees.100to249","7372","7374","73;737;7372;7374","513210","518210","51;513;5132;51321;513210;518;5182;51821;518210","Business Services","Custom Software & IT Services","Business Services;Finance;Software","Custom Software & IT Services;Financial Software;Credit Cards & Transaction Processing","bizservice","bizservice.techconsulting","492036","https://app.zoominfo.com/#/apps/profile/company/356852103","http://www.linkedin.com/company/paystand","http://www.facebook.com/paystand","http://www.x.com/paystand","Private","B2B","Yes","March 24, 2026","79300","50000","Series C","July 23, 2021","NewView Capital;SoftBank Group Corp;King River Capital;Industrious Ventures;Transform Capital","Streamlined Ventures;Central Coast Angels;Serra Ventures;Signatures Capital LLC;TiE LaunchPad;Cervin Ventures;TiE;Cervin Ventures;Serra Ventures;BlueRun Ventures;Capital for Founders;DNX Ventures;Wildcat Venture Partners;Battery Ventures;Commerce Ventures;Epic Ventures;NewView Capital;SoftBank Group Corp;King River Capital;Industrious Ventures;Transform Capital;LEAP Global Partners;Central Coast Angels;Serra Ventures;Cervin Ventures","101 Church St Fl 2","Santa Cruz","California","95060","United States","101 Church St Fl 2, Santa Cruz, California, 95060, United States","2","","","","","","","instantexportexcel1789639591758"
"15830455","Buildium","www.buildium.com","330","Employees.250to499","7372","7374","73;737;7372;7374","513210","518210","51;513;5132;51321;513210;518;5182;51821;518210","Software","Enterprise Resource Planning (ERP) Software","Software","Enterprise Resource Planning (ERP) Software","software","software.erp","142199","https://app.zoominfo.com/#/apps/profile/company/15830455","http://www.linkedin.com/company/buildium-llc","","http://www.twitter.com/buildium","Private","B2B","Yes","August 01, 2025","83787","65000","Private Equity","June 06, 2016","Sumeru","Sumeru","2201 Lakeside Blvd","Richardson","Texas","75082","United States","2201 Lakeside Blvd, Richardson, Texas, 75082, United States","4","","","","","","","instantexportexcel1789639591758"
"185417948","ShareFile","www.sharefile.com","417","Employees.250to499","7372","7374","73;737;7372;7374;7379","513210","51321","51;513;5132;51321;513210","Software","Content & Collaboration Software","Software","Content & Collaboration Software;Database & File Management Software","software","software.contentcol","6706","https://app.zoominfo.com/#/apps/profile/company/185417948","http://www.linkedin.com/company/sharefile","","http://www.x.com/sharefile","Private","B2B","Yes","July 16, 2026","0","0","","","","","15 Wayside Rd Ste 400","Burlington","Massachusetts","01803","United States","15 Wayside Rd Ste 400, Burlington, Massachusetts, 01803, United States","2","","","","","","","instantexportexcel1789639591758"
"348346526","Pacemate","www.pacemate.com","250","Employees.250to499","7371","737","73;737;7371","513210","518210","51;513;5132;51321;513210;518;5182;51821;518210;54;541;5415;54151;541511;541512","Software","Healthcare Software","Software","Healthcare Software;Mobile App Development","software","software.health","9718649","https://app.zoominfo.com/#/apps/profile/company/348346526","http://www.linkedin.com/company/pacemate","","http://www.x.com/pacematelive","Private","B2B","Yes","May 20, 2026","8000","0","Other Financing Round","July 25, 2023","Lead Edge Capital Management","Ballast Point Ventures LP;Lead Edge Capital Management","1901 Ulmerton Rd Ste 435","Bradenton","Florida","34205","United States","1901 Ulmerton Rd Ste 435, Bradenton, Florida, 34205, United States","1","","","","","","","instantexportexcel1789639591758"
"398349957","Viventium","www.viventium.com","273","Employees.250to499","7372","7374","73;737;7372;7374","513210","518210","51;513;5132;51321;513210;518;5182;51821;518210","Software","Human Resources Software","Software;Business Services","Human Resources Software;HR & Staffing","software","software.hr","98146","https://app.zoominfo.com/#/apps/profile/company/398349957","http://www.linkedin.com/company/viventium","http://www.facebook.com/viventiumsoftwareinc","http://www.twitter.com/viventium","Private","B2B","Yes","July 08, 2024","0","0","","","","","768 Bedford Ave","Brooklyn","New York","11205","United States","768 Bedford Ave, Brooklyn, New York, 11205, United States","2","","","","","","","instantexportexcel1789639591758"
"457152451","Hyperproof","www.hyperproof.io","200","Employees.100to249","7372","7374","73;737;7372;7374;7379","513210","518210","51;513;5132;51321;513210;518;5182;51821;518210","Software","Security Software","Software","Security Software","software","software.security","958608","https://app.zoominfo.com/#/apps/profile/company/457152451","http://www.linkedin.com/company/hyperproof","http://www.facebook.com/hyperproof","http://www.x.com/hyperproof","Private","B2B","Yes","June 09, 2026","59650","40000","Private Equity","August 30, 2023","Toba Capital;Riverwood Capital","Toba Capital;Toba Capital;Riverwood Capital;PPP","600 1st Ave Ste 330","Seattle","Washington","98104","United States","600 1st Ave Ste 330, Seattle, Washington, 98104, United States","1","","","","","","","instantexportexcel1789639591758"
"371555726","Zeitview","www.zeitview.com","200","Employees.100to249","7371","7372","73;737;7371;7372;7374;87;871;8713","541511","541512","54;541;5415;54151;541511;541512;541513","Business Services","Custom Software & IT Services","Business Services;Software","Custom Software & IT Services;Business Intelligence (BI) Software;Engineering Software;Mobile App Development;Storage & System Management Software","bizservice","bizservice.techconsulting","2168748","https://app.zoominfo.com/#/apps/profile/company/371555726","http://www.linkedin.com/company/dronebase","http://www.facebook.com/dronebaseinc","http://www.twitter.com/dronebase","Private","B2B","Yes","March 17, 2025","300354","130044","Stock/Share Issuance","February 18, 2026","","Union Square Ventures;Hearst Ventures;Valor Equity Partners;Upfront Ventures;DJI-Drone;Energy Transition Ventures;Euclidean Capital;Euclidean;Union Square Ventures;Climate Investment Funds;Hearst;Energy Transition Ventures;Valor Equity Partners;Y Combinator;DJI Holdings;Accele Partners;Union Square Ventures;Fred Wilson;Upfront Ventures;PPP;Union Square Ventures;Valor Equity Partners;Upfront Ventures","1620 26th St Ste 1000N","Santa Monica","California","90404","United States","1620 26th St Ste 1000N, Santa Monica, California, 90404, United States","2","","","","","","","instantexportexcel1789639591758"
"357843114","Unite Us","www.uniteus.com","313","Employees.250to499","7371","7372","73;737;7371;7372;7374;7379","541511","541519","54;541;5415;54151;541511;541519","Software","Healthcare Software","Software","Healthcare Software","software","software.health","1051543","https://app.zoominfo.com/#/apps/profile/company/357843114","http://www.linkedin.com/company/uniteus","http://www.facebook.com/uniteushq","http://www.twitter.com/uniteushq","Private","B2B","Yes","August 06, 2026","195300","150000","Series C","March 17, 2021","Optum Ventures;Emerson Collective;Transformation Capital;Define Ventures Management;Iconiq Growth;Town Hall Ventures;Salesforce","Scout Ventures;Optum Ventures;Emerson Collective;Transformation Capital;Define Ventures Management;Iconiq Growth;Town Hall Ventures;Salesforce;Scout Ventures;Omidyar Network;Oak HC/FT;Scout Ventures;Luminate Capital Partners;New York Ventures;Town Hall Ventures;Define Ventures Management;Scout Ventures;Blossom Street Ventures;Omidyar Network","217 Broadway Fl 8","New York","New York","10007","United States","217 Broadway Fl 8, New York, New York, 10007, United States","1","","","","","","","instantexportexcel1789639591758"
"372218363","Menusifu","www.menusifu.com","300","Employees.250to499","7372","7373","73;737;7372;7373;7374;7379","513210","518210","51;513;5132;51321;513210;518;5182;51821;518210;54;541;5415;54151;541511;541512","Software","Financial Software","Software","Financial Software;Mobile App Development","software","software.finance","1639543","https://app.zoominfo.com/#/apps/profile/company/372218363","http://www.linkedin.com/company/menusifu","http://www.facebook.com/menu.sifu","http://www.twitter.com/menusifu","Private","B2B","Yes","March 31, 2025","64000","40000","Series B","March 28, 2025","Lingfeng Capital;Amino Capital;Grandview Capital Management;Challenjers Capital;Enlight Growth Partners","Lingfeng Capital;Amino Capital;Grandview Capital Management;Challenjers Capital;Enlight Growth Partners;PPP;Jubilee Capital Management;Amino Capital;Challenjers Capital","339 5th Ave Rm 500","New York","New York","10016","United States","339 5th Ave Rm 500, New York, New York, 10016, United States","6","","","","","","","instantexportexcel1789639591758"
"53821575","Veson Nautical","www.veson.com","200","Employees.100to249","7371","7372","73;737;7371;7372;7373","513210","518210","51;513;5132;51321;513210;518;5182;51821;518210","Software","Enterprise Resource Planning (ERP) Software","Software","Enterprise Resource Planning (ERP) Software;Mobile App Development","software","software.erp","319991","https://app.zoominfo.com/#/apps/profile/company/53821575","http://www.linkedin.com/company/veson-nautical","http://www.facebook.com/vesonnauticalllc","http://www.twitter.com/vesonnautical","Private","B2B","Yes","December 18, 2023","0","0","Private Equity","March 22, 2022","Francisco Partners","Pamlico Capital;Francisco Partners","21 Drydock Ave Ste 610W","Boston","Massachusetts","02210","United States","21 Drydock Ave Ste 610W, Boston, Massachusetts, 02210, United States","5","","","","","","","instantexportexcel1789639591758"
"351205479","Unison","www.unisonglobal.com","297","Employees.250to499","7371","7372","73;737;7371;7372","513210","518210","51;513;5132;51321;513210;518;5182;51821;518210","Software","Enterprise Resource Planning (ERP) Software","Software","Enterprise Resource Planning (ERP) Software","software","software.erp","673774","https://app.zoominfo.com/#/apps/profile/company/351205479","http://www.linkedin.com/company/unison-global","","","Private","B2B","Yes","July 15, 2026","0","0","Private Equity","June 29, 2020","The Carlyle Group","The Carlyle Group","8444 Westpark Dr Ste 920","Mc Lean","Virginia","22102","United States","8444 Westpark Dr Ste 920, Mc Lean, Virginia, 22102, United States","4","","","","","","","instantexportexcel1789639591758"
"204555040","NinjaTrader","www.ninjatrader.com","298","Employees.250to499","6211","6221","62;621;6211;622;6221;73;737;7372","513210","523150","51;513;5132;51321;513210;52;523;5231;52315;523150;52316;523160","Software","Financial Software","Software;Finance","Financial Software;Lending & Brokerage","software","software.finance","27373","https://app.zoominfo.com/#/apps/profile/company/204555040","http://www.linkedin.com/company/ninjatrader-group-llc","http://www.facebook.com/ninjatradergroup","http://www.twitter.com/ninjatrader","Private","B2B","Yes","December 08, 2023","0","0","","","","","222 N La Salle St Ste 400","Chicago","Illinois","60601","United States","222 N La Salle St Ste 400, Chicago, Illinois, 60601, United States","2","","","","","","","instantexportexcel1789639591758"
"476970254","Popmenu","get.popmenu.com","295","Employees.250to499","7372","7374","73;737;7372;7374;7379","513210","518210","51;513;5132;51321;513210;518;5182;51821;518210","Software","Content & Collaboration Software","Software","Content & Collaboration Software;Mobile App Development;Customer Relationship Management (CRM) Software","software","software.contentcol","","https://app.zoominfo.com/#/apps/profile/company/476970254","http://www.linkedin.com/company/popmenu","http://www.facebook.com/popmenu","http://www.twitter.com/getpopmenu","Private","B2B","Yes","April 10, 2025","82000","65000","Series C","June 11, 2021","Felicis Ventures;Bedrock Capital Management;Salesforce Ventures;Base10;Tiger Global Management","Bedrock Capital Management;Felicis Ventures;Bedrock Capital Management;Salesforce Ventures;Base10;Tiger Global Management","1000 Parkwood Cir SE Ste 100","Atlanta","Georgia","30339","United States","1000 Parkwood Cir SE Ste 100, Atlanta, Georgia, 30339, United States","1","","","","","","","instantexportexcel1789639591758"
"351508397","Tripleseat","www.tripleseat.com","350","Employees.250to499","7372","7374","73;737;7372;7374;7379","513210","518210","51;513;5132;51321;513210;518;5182;51821;518210","Software","Customer Relationship Management (CRM) Software","Software","Customer Relationship Management (CRM) Software","software","software.crm","17013","https://app.zoominfo.com/#/apps/profile/company/351508397","http://www.linkedin.com/company/tripleseat-software","http://www.facebook.com/tripleseat","http://www.twitter.com/tripleseat","Private","B2B","Yes","June 22, 2024","7500","0","Private Equity","March 04, 2020","Vista Equity Partners","Dundee Venture Capital;Level Equity;Vista Equity Partners","300 Baker Ave Ste 160","Concord","Massachusetts","01742","United States","300 Baker Ave Ste 160, Concord, Massachusetts, 01742, United States","2","","","","","","","instantexportexcel1789639591758"
"1101503342","Vitech","www.vitechinc.com","461","Employees.250to499","7371","7372","73;737;7371;7372;7374;7379","513210","518210","51;513;5132;51321;513210;518;5182;51821;518210;54;541;5415;54151;541511;541512","Software","Financial Software","Software","Financial Software","software","software.finance","891618","https://app.zoominfo.com/#/apps/profile/company/1101503342","http://www.linkedin.com/company/vitech-systems-group","http://www.facebook.com/vitechinc","http://www.twitter.com/vitarch_llc","Private","B2B","Yes","February 03, 2023","0","0","","","","","401 Park Ave S Fl 12","New York City","New York","10016","United States","401 Park Ave S Fl 12, New York City, New York, 10016, United States","4","","","","","","","instantexportexcel1789639591758"
"371449994","Airbase","www.airbase.com","300","Employees.250to499","7372","7374","73;737;7372;7374","513210","518210","51;513;5132;51321;513210;518;5182;51821;518210","Software","Financial Software","Software","Financial Software","software","software.finance","532493","https://app.zoominfo.com/#/apps/profile/company/371449994","http://www.linkedin.com/company/airbaseinc","http://www.facebook.com/airbasehq","http://www.twitter.com/airbasehq","Private","B2B","Yes","September 25, 2025","233500","150000","Debt","July 15, 2022","Goldman Sachs","Goldman Sachs;Ron Gill;Bain Capital LP;Win Web Investment Network;Frederic Kerrest;Menlo Ventures;First Round Capital;Bain Capital;Quiet Capital;Craft Ventures","548 Market St Ste 93249","San Francisco","California","94104","United States","548 Market St Ste 93249, San Francisco, California, 94104, United States","1","","","","","","","instantexportexcel1789639591758"
"37603352","Magaya","www.magaya.com","232","Employees.100to249","7374","737","73;737;7374","541511","54151","54;541;5415;54151;541511","Software","Supply Chain Management (SCM) Software","Software","Supply Chain Management (SCM) Software","software","software.scm","349052","https://app.zoominfo.com/#/apps/profile/company/37603352","http://www.linkedin.com/company/magaya-insurance-services-inc-","","http://www.twitter.com/magayausa","Private","B2B","Yes","May 07, 2026","0","0","","","","","7950 NW 53rd St Ste 300","Miami","Florida","33166","United States","7950 NW 53rd St Ste 300, Miami, Florida, 33166, United States","2","","","","","","","instantexportexcel1789639591758"
"1188837172","Interact Software","www.interactsoftware.com","242","Employees.100to249","7371","7372","73;737;7371;7372;7379","513210","51321","51;513;5132;51321;513210","Software","Content & Collaboration Software","Software","Content & Collaboration Software","software","software.contentcol","2202676","https://app.zoominfo.com/#/apps/profile/company/1188837172","http://www.linkedin.com/company/1473063","","http://www.twitter.com/intranetexperts","Private","B2B","Yes","July 08, 2024","0","0","","","","","21 W 46th St Fl 16","New York","New York","10036","United States","21 W 46th St Fl 16, New York, New York, 10036, United States","5","","","","","","","instantexportexcel1789639591758"
"353858806","ProSoft Technology","www.prosoft-technology.com","207","Employees.100to249","3661","7371","36;366;3661;73;737;7371;7372;7373","334210","334220","33;334;3342;33421;334210;33422;334220;54;541;5415;54151;541512;541519","Manufacturing","Telecommunication Equipment","Manufacturing;Software","Telecommunication Equipment;Networking Software","mfg","mfg.telecom","1257820","https://app.zoominfo.com/#/apps/profile/company/353858806","http://www.linkedin.com/company/prosoft","http://www.facebook.com/prosofttechnology","http://www.twitter.com/prosofttech","Private","B2B","Yes","October 21, 2025","0","0","","","","","9201 Camino Media Ste 200","Bakersfield","California","93311","United States","9201 Camino Media Ste 200, Bakersfield, California, 93311, United States","4","","","","","","","instantexportexcel1789639591758"
"179028465","iboss","www.iboss.com","400","Employees.250to499","7372","7374","73;737;7372;7374;7379","513210","518210","51;513;5132;51321;513210;518;5182;51821;518210","Software","Security Software","Software","Security Software;Networking Software","software","software.security","1886515","https://app.zoominfo.com/#/apps/profile/company/179028465","http://www.linkedin.com/company/iboss","http://www.facebook.com/ibossinc","http://www.twitter.com/ibosscloud","Private","B2B","Yes","August 18, 2026","182000","145000","Series B","January 05, 2021","NightDragon;Francisco Partners","NightDragon;Francisco Partners;Goldman Sachs;PPP","2602 Challenger Tech Ct Ste 100","Orlando","Florida","32826","United States","2602 Challenger Tech Ct Ste 100, Orlando, Florida, 32826, United States","3","","","","","","","instantexportexcel1789639591758"
"435565620","Beyond Limits","www.beyond.ai","280","Employees.250to499","7371","7372","73;737;7371;7372;7379","513210","541511","51;513;5132;51321;513210;54;541;5415;54151;541511","Software","Engineering Software","Software","Engineering Software","software","software.eng","3781850","https://app.zoominfo.com/#/apps/profile/company/435565620","http://www.linkedin.com/company/beyond-ai","http://www.facebook.com/beyondlimitsai","","Private","B2B","Yes","April 27, 2022","138500","113000","Series C","September 22, 2020","bp ventures;Group 42","BP Ventures;bp ventures;Group 42","400 N Brand Blvd","Glendale","California","91204","United States","400 N Brand Blvd, Glendale, California, 91204, United States","1","","","","","","","instantexportexcel1789639591758"
"357420385","Engage3","www.engage3.com","234","Employees.100to249","7372","7374","73;737;7372;7374;7379","513210","518210","51;513;5132;51321;513210;518;5182;51821;518210;54;541;5415;54151;541511;5416;54161;541613","Software","Business Intelligence (BI) Software","Software;Business Services","Business Intelligence (BI) Software;Advertising & Marketing","software","software.bi","3348167","https://app.zoominfo.com/#/apps/profile/company/357420385","http://www.linkedin.com/company/engage3","http://www.facebook.com/engage3","http://www.twitter.com/engage_3","Private","B2B","Yes","March 14, 2024","60625","35000","Series D","December 02, 2021","Sweetwater Private Equity;Black Diamond Ventures;Arrowroot Capital","PPP;Swift Communications;The McClatchy Company;Black Diamond Ventures;NewRoad Capital Partners;The March Fund I LP;Pereg Ventures;Sweetwater Private Equity;Black Diamond Ventures;Arrowroot Capital;McClatchy;Wells Fargo;NewRoad Capital Partners;Moneta Ventures;Dale Carlsen;Pereg Ventures","707 4th St","Davis","California","95616","United States","707 4th St, Davis, California, 95616, United States","1","","","","","","","instantexportexcel1789639591758"
"465264403","Kipu Health","www.kipuhealth.com","299","Employees.250to499","7371","7372","73;737;7371;7372;7374;7379","541519","54151","54;541;5415;54151;541519","Software","Healthcare Software","Software","Healthcare Software","software","software.health","1519834","https://app.zoominfo.com/#/apps/profile/company/465264403","http://www.linkedin.com/company/kipuhealth","http://www.facebook.com/kipusystems","http://www.twitter.com/kipusystems","Private","B2B","Yes","May 09, 2024","0","0","Private Equity","June 14, 2021","TCV","TCV","55 Alhambra Plz Fl 6","Coral Gables","Florida","33134","United States","55 Alhambra Plz Fl 6, Coral Gables, Florida, 33134, United States","1","","","","","","","instantexportexcel1789639591758"
"358828482","Sift","www.sift.com","350","Employees.250to499","7372","7374","73;737;7372;7374;7379","513210","518210","51;513;5132;51321;513210;518;5182;51821;518210;54;541;5415;54151;541511","Software","Security Software","Software","Security Software","software","software.security","348426","https://app.zoominfo.com/#/apps/profile/company/358828482","http://www.linkedin.com/company/getsift","http://www.facebook.com/getsift","http://www.twitter.com/getsift","Private","B2B","Yes","September 26, 2025","158100","50000","Unspecified","April 22, 2021","Union Square Ventures;Stripes Group;Insight Partners","Spark Capital;Union Square Ventures;First Round Capital;Y Combinator;Glassdoor;Union Square Ventures;Andreessen Horowitz;First Round Capital;Union Square Ventures;Stripes Group;Insight Partners;Spark Capital;Union Square Ventures;Stripes Group;Insight Venture Partners;Spark Capital;Union Square Ventures;Insight Venture Partners;Kevin Scott;Y Combinator;Max Levchin;Harjeet Taggar;Alex Rampell;Alexis Ohanian","525 Market St Fl 6","San Francisco","California","94105","United States","525 Market St Fl 6, San Francisco, California, 94105, United States","2","","","","","","","instantexportexcel1789639591758"
"89770466","Nitro Software, Inc","www.nitrosign.com","300","Employees.250to499","7372","7379","73;737;7372;7379","513210","51321","51;513;5132;51321;513210","Software","Content & Collaboration Software","Software","Content & Collaboration Software","software","software.contentcol","","https://app.zoominfo.com/#/apps/profile/company/89770466","http://www.linkedin.com/company/go-nitro","http://www.facebook.com/nitrosoftware","http://www.twitter.com/nitrohq","Private","B2B","Yes","June 25, 2024","168989","140000","Private Equity","November 10, 2021","","Battery Ventures;Starfish Ventures;Venturian;Starfish Ventures;Starfish Ventures","150 Spear St Ste 1850","San Francisco","California","94105","United States","150 Spear St Ste 1850, San Francisco, California, 94105, United States","","","","","","","","instantexportexcel1789639591758"
"47402198","IMAGINiT Technologies","www.imaginit.com","300","Employees.250to499","7371","7372","73;737;7371;7372;7373;7379","541512","541519","54;541;5415;54151;541512;541519","Business Services","Custom Software & IT Services","Business Services;Software","Custom Software & IT Services;Engineering Software","bizservice","bizservice.techconsulting","533429","https://app.zoominfo.com/#/apps/profile/company/47402198","http://www.linkedin.com/company/pacificad-inc","http://www.facebook.com/imaginittechnologies","http://www.twitter.com/imaginit_tech","Private","B2B","Yes","July 20, 2021","0","0","","","","","11422 Miracle Hills Dr Ste 420","Omaha","Nebraska","68154","United States","11422 Miracle Hills Dr Ste 420, Omaha, Nebraska, 68154, United States","34","","","","","","","instantexportexcel1789639591758"
"407240828","PingCAP","www.pingcap.com","331","Employees.250to499","7372","7374","73;737;7372;7374","513210","518210","51;513;5132;51321;513210;518;5182;51821;518210;54;541;5415;54151;541511;541512;541513;541519","Software","Database & File Management Software","Software","Database & File Management Software","software","software.db","233932","https://app.zoominfo.com/#/apps/profile/company/407240828","http://www.linkedin.com/company/pingcap","http://www.facebook.com/pingcap2015","http://www.twitter.com/pingcap","Private","B2B","Yes","June 10, 2024","335000","270000","Series D","November 17, 2020","5Y Capital;Jeneration Capital;Bertelsmann Asia Investment Fund;Anatole Investment;Access Technology Ventures;Trustbridge Partners;Coatue;Yunqi Partners;GGV Capital;Matrix Partners China;FutureX Capital;Kunlun Capital","Matrix Partners;China Growth Capital;Yunqi Partners;Fosun Group;Morningside Group;5Y Capital;Jeneration Capital;Bertelsmann Asia Investment Fund;Anatole Investment;Access Technology Ventures;Trustbridge Partners;Coatue;Yunqi Partners;GGV Capital;Matrix Partners China;FutureX Capital;Kunlun Capital;K2vc;FreeS Fund;China Growth Capital;Yunqi Partners","440 N Wolfe Rd","Sunnyvale","California","94085","United States","440 N Wolfe Rd, Sunnyvale, California, 94085, United States","1","","","","","","","instantexportexcel1789639591758"
"414140782","Jolt Software","www.jolt.com","200","Employees.100to249","7372","7374","73;737;7372;7374","513210","518210","51;513;5132;51321;513210;518;5182;51821;518210","Software","Enterprise Resource Planning (ERP) Software","Software","Enterprise Resource Planning (ERP) Software","software","software.erp","656583","https://app.zoominfo.com/#/apps/profile/company/414140782","http://www.linkedin.com/company/joltsoftware","http://www.facebook.com/joltsoftware","http://www.twitter.com/joltsoftware","Private","B2B","Yes","May 02, 2024","2000","2000","Debt","April 10, 2020","PPP","PPP","2901 N Ashton Blvd Ste 300","Lehi","Utah","84043","United States","2901 N Ashton Blvd Ste 300, Lehi, Utah, 84043, United States","1","","","","","","","instantexportexcel1789639591758"
"3031214","AssetWorks","www.assetworks.com","259","Employees.250to499","7371","7372","73;737;7371;7372;7379","541511","541512","54;541;5415;54151;541511;541512","Software","Enterprise Resource Planning (ERP) Software","Software","Enterprise Resource Planning (ERP) Software","software","software.erp","139581","https://app.zoominfo.com/#/apps/profile/company/3031214","http://www.linkedin.com/company/assetworks-inc","","http://www.twitter.com/assetworks","Private","B2B","Yes","September 18, 2023","0","0","","","","","998 Old Eagle School Rd Ste 1215","Wayne","Pennsylvania","19087","United States","998 Old Eagle School Rd Ste 1215, Wayne, Pennsylvania, 19087, United States","6","","","","","","","instantexportexcel1789639591758"
"38896563","TriMech","www.trimech.com","250","Employees.250to499","7371","7372","73;737;7371;7372;7373;7379","423430","541512","42;423;4234;42343;423430;54;541;5415;54151;541512;541519","Software","Engineering Software","Software;Business Services","Engineering Software;Custom Software & IT Services","software","software.eng","736596","https://app.zoominfo.com/#/apps/profile/company/38896563","http://www.linkedin.com/company/trimech-solutions","http://www.facebook.com/trimechsolutions","http://www.twitter.com/trimech3d","Private","B2B","Yes","September 24, 2025","0","0","Private Equity","March 14, 2022","Sentinel Capital Partners","Sentinel Capital Partners;The Halifax Group","4991 Lake Brook Dr Ste 300","Glen Allen","Virginia","23060","United States","4991 Lake Brook Dr Ste 300, Glen Allen, Virginia, 23060, United States","19","","","","","","","instantexportexcel1789639591758"
"359022327","Honorlock","www.honorlock.com","200","Employees.100to249","7372","7374","73;737;7372;7374;7379","541519","54151","54;541;5415;54151;541519","Software","Security Software","Software","Security Software;Content & Collaboration Software","software","software.security","155518","https://app.zoominfo.com/#/apps/profile/company/359022327","http://www.linkedin.com/company/honorlock-llc","http://www.facebook.com/honorlockintegrity","http://www.twitter.com/honorlock","Private","B2B","Yes","May 02, 2024","39000","25000","Series B","April 27, 2021","Defy;Owl Ventures;Arsenal Venture Partners","Defy;Owl Ventures;Arsenal Venture Partners;Neil Sequeira","2500 N Military Trl Ste 322","Boca Raton","Florida","33431","United States","2500 N Military Trl Ste 322, Boca Raton, Florida, 33431, United States","1","","","","","","","instantexportexcel1789639591758"
"462183270","Acceldata","www.acceldata.io","226","Employees.100to249","7372","7374","73;737;7372;7374;7379","513210","518210","51;513;5132;51321;513210;518;5182;51821;518210","Software","Business Intelligence (BI) Software","Software","Business Intelligence (BI) Software;Storage & System Management Software","software","software.bi","2596280","https://app.zoominfo.com/#/apps/profile/company/462183270","http://www.linkedin.com/company/acceldata","","http://www.twitter.com/acceldataio","Private","B2B","Yes","February 09, 2023","105600","10000","Series C","October 12, 2023","Prosperity7 Ventures","Insight Partners;March Capital;Industry Ventures;Sanabil Investments;Insight Partners;Prosperity7 Ventures;Sorenson Ventures;Lightspeed;Emergent Ventures International","1999 S Bascom Ave Ste 340","Campbell","California","95008","United States","1999 S Bascom Ave Ste 340, Campbell, California, 95008, United States","4","","","","","","","instantexportexcel1789639591758"
"1558307","ASI","www.advsol.com","270","Employees.250to499","7371","7372","73;737;7371;7372;7379","513210","518210","51;513;5132;51321;513210;518;5182;51821;518210;54;541;5415;54151;541511;541512","Software","Customer Relationship Management (CRM) Software","Software","Customer Relationship Management (CRM) Software","software","software.crm","4289219","https://app.zoominfo.com/#/apps/profile/company/1558307","http://www.linkedin.com/company/advanced-solutions-international-inc.","http://www.facebook.com/advsol","http://www.x.com/advsol","Private","B2B","Yes","June 01, 2026","27490","26491","Private Equity","July 05, 2016","Bregal Sagemount","Bregal Sagemount","1800 Diagonal Rd Ste 600","Alexandria","Virginia","22314","United States","1800 Diagonal Rd Ste 600, Alexandria, Virginia, 22314, United States","5","","","","","","","instantexportexcel1789639591758"
"37718680","EverTrue","www.evertrue.com","200","Employees.100to249","7371","7372","73;737;7371;7372;7379","513210","51321","51;513;5132;51321;513210","Software","Content & Collaboration Software","Software","Content & Collaboration Software;Mobile App Development","software","software.contentcol","3008698","https://app.zoominfo.com/#/apps/profile/company/37718680","http://www.linkedin.com/company/evertrue","http://www.facebook.com/getevertrue","http://www.x.com/evertrue","Private","B2B","Yes","April 30, 2026","20293","6000","Private Equity","September 05, 2017","University Ventures;Bain Capital Ventures","Red Swan Ventures;Boston Seed Capital;Bain Capital Ventures;Techstars;Techstars;Bain Capital Ventures;Silicon Valley Bank;University Ventures;Bain Capital Ventures;Red Swan Ventures","330 Congress St Fl 2","Boston","Massachusetts","02210","United States","330 Congress St Fl 2, Boston, Massachusetts, 02210, United States","1","","","","","","","instantexportexcel1789639591758"
"151143134","Jama Software","www.jamasoftware.com","327","Employees.250to499","7371","7372","73;737;7371;7372","513210","541511","51;513;5132;51321;513210;54;541;5415;54151;541511","Software","Engineering Software","Software","Engineering Software","software","software.eng","918497","https://app.zoominfo.com/#/apps/profile/company/151143134","http://www.linkedin.com/company/jama-software","http://www.facebook.com/jamasoftware","http://www.twitter.com/jamasoftware","Private","B2B","Yes","May 29, 2024","234000","200000","Private Equity","June 25, 2018","Insight Venture Partners;Madrona Venture Group","Madrona Venture Group;Oregon Venture Fund;Trinity Ventures;Insight Venture Partners;Madrona Venture Group;Oregon Venture Fund;Oregon Venture Fund;Updata Partners;Madrona Venture Group;Trinity Ventures","135 SW Taylor St Ste 200","Portland","Oregon","97204","United States","135 SW Taylor St Ste 200, Portland, Oregon, 97204, United States","1","","","","","","","instantexportexcel1789639591758"
"357599470","ClearCompany","www.clearcompany.com","252","Employees.250to499","7371","737","73;737;7371","541511","541519","54;541;5415;54151;541511;541519","Software","Human Resources Software","Software","Human Resources Software","software","software.hr","32713","https://app.zoominfo.com/#/apps/profile/company/357599470","http://www.linkedin.com/company/clearcompany-talent-management-software","http://www.facebook.com/clearcompany","http://www.twitter.com/clearcompany","Private","B2B","Yes","May 11, 2023","65500","2000","Debt","April 15, 2020","PPP","Primus Capital;SaaS Capital;PPP","200 Clarendon St Fl 49","Boston","Massachusetts","02116","United States","200 Clarendon St Fl 49, Boston, Massachusetts, 02116, United States","1","","","","","","","instantexportexcel1789639591758"
"347177047","Fleetio","www.fleetio.com","355","Employees.250to499","7372","7374","73;737;7372;7374","513210","518210","51;513;5132;51321;513210;518;5182;51821;518210","Software","Supply Chain Management (SCM) Software","Software","Supply Chain Management (SCM) Software","software","software.scm","44347","https://app.zoominfo.com/#/apps/profile/company/347177047","http://www.linkedin.com/company/fleetio","http://www.facebook.com/fleetio","http://www.x.com/fleetio","Private","B2B","Yes","February 05, 2026","619200","450000","Series D","March 25, 2025","GOLDMAN SACHS GROUP;Elephant","GOLDMAN SACHS GROUP;Elephant;Elephant;Catalyst Fund;Elephant","1900 2nd Ave N Ste 300","Birmingham","Alabama","35203","United States","1900 2nd Ave N Ste 300, Birmingham, Alabama, 35203, United States","1","","","","","","","instantexportexcel1789639591758"
"355893597","Exxat","www.exxat.com","453","Employees.250to499","7372","7374","73;737;7372;7374;7379","513210","518210","51;513;5132;51321;513210;518;5182;51821;518210;54;541;5415;54151;541511;541512","Software","Healthcare Software","Software","Healthcare Software","software","software.health","67947","https://app.zoominfo.com/#/apps/profile/company/355893597","http://www.linkedin.com/company/exxat-systems","http://www.facebook.com/exxat","","Private","B2B","Yes","January 23, 2026","45151","45001","Stock/Share Issuance","January 29, 2026","","Accel-KKR;PPP","PO Box 4206","Warren","New Jersey","07059","United States","PO Box 4206, Warren, New Jersey, 07059, United States","4","","","","","","","instantexportexcel1789639591758"
"38782452","P360","www.p360.com","300","Employees.250to499","7371","7372","73;737;7371;7372;7379","541511","541512","54;541;5415;54151;541511;541512","Software","Customer Relationship Management (CRM) Software","Software","Customer Relationship Management (CRM) Software","software","software.crm","5786660","https://app.zoominfo.com/#/apps/profile/company/38782452","http://www.linkedin.com/company/p360","http://www.facebook.com/p360solutions","http://www.twitter.com/p360_solutions","Private","B2B","Yes","June 11, 2024","0","0","","","","","15 Corporate Pl S Ste 105","Piscataway","New Jersey","08854","United States","15 Corporate Pl S Ste 105, Piscataway, New Jersey, 08854, United States","1","","","","","","","instantexportexcel1789639591758"
"462388389","TradeBeyond","www.tradebeyond.com","268","Employees.250to499","7371","7372","73;737;7371;7372;7374;7379","541511","541512","54;541;5415;54151;541511;541512","Software","Supply Chain Management (SCM) Software","Software","Supply Chain Management (SCM) Software","software","software.scm","3135167","https://app.zoominfo.com/#/apps/profile/company/462388389","http://www.linkedin.com/company/tradebeyond","","","Private","B2B","Yes","June 05, 2024","0","0","","","","","8910 University Center Ln Ste 400","San Diego","California","92122","United States","8910 University Center Ln Ste 400, San Diego, California, 92122, United States","1","","","","","","","instantexportexcel1789639591758"
"542958165","TRM Labs","www.trmlabs.com","375","Employees.250to499","7373","737","73;737;7373","513210","541512","51;513;5132;51321;513210;54;541;5415;54151;541512","Software","Security Software","Software","Security Software","software","software.security","975722","https://app.zoominfo.com/#/apps/profile/company/542958165","http://www.linkedin.com/company/trmlabs","","http://www.x.com/trmlabs","Private","B2B","Yes","May 15, 2024","215700","70000","Series C","February 04, 2026","CMT Digital;Blockchain Capital;Goldman Sachs;Bessemer Venture Partners;DRW Venture Capital","Thoma Bravo;Visa;Amex Ventures;Tiger Global;Goldman Sachs;DRW Venture Capital;Citi Ventures;JPMorgan Chase;Blockchain Capital;CMT Digital;Blockchain Capital;Goldman Sachs;Bessemer Venture Partners;DRW Venture Capital;Blockchain Capital;Tapas Capital;Jump Capital;SGH Capital;PayPal Ventures;Operator Partners;Alumni Ventures;Initialized Capital;Salesforce Ventures;Y Combinator;The MBA Fund","450 Townsend St","San Francisco","California","94107","United States","450 Townsend St, San Francisco, California, 94107, United States","1","","","","","","","instantexportexcel1789639591758"
"8093846","Chyron","www.chyron.com","240","Employees.100to249","7372","7379","73;737;7372;7379","513210","51321","51;513;5132;51321;513210","Software","Multimedia, Games & Graphics Software","Software","Multimedia, Games & Graphics Software","software","software.videogames","730196","https://app.zoominfo.com/#/apps/profile/company/8093846","http://www.linkedin.com/company/chyron","http://www.facebook.com/chyroncompany","http://www.twitter.com/chyronhego","Private","B2B","Yes","January 29, 2024","0","0","","","","","532 Broadhollow Rd","Melville","New York","11747","United States","532 Broadhollow Rd, Melville, New York, 11747, United States","1","","","","","","","instantexportexcel1789639591758"
"565046484","STARLIMS","www.starlims.com","208","Employees.100to249","7371","7372","73;737;7371;7372;7373","513210","518210","51;513;5132;51321;513210;518;5182;51821;518210","Software","Healthcare Software","Software","Healthcare Software","software","software.health","3509757","https://app.zoominfo.com/#/apps/profile/company/565046484","http://www.linkedin.com/company/starlims","http://www.facebook.com/starlimssolutions","http://www.twitter.com/starlims_lims","Private","B2B","Yes","January 17, 2024","0","0","","","","","4000 Hollywood Blvd Ste 333","Hollywood","Florida","33021","United States","4000 Hollywood Blvd Ste 333, Hollywood, Florida, 33021, United States","3","","","","","","","instantexportexcel1789639591758"
"34671342","Eyefinity","www.eyefinity.com","340","Employees.250to499","7371","7372","73;737;7371;7372;7374;7379","541511","541519","54;541;5415;54151;541511;541519","Software","Healthcare Software","Software","Healthcare Software","software","software.health","16345","https://app.zoominfo.com/#/apps/profile/company/34671342","http://www.linkedin.com/company/eyefinity","http://www.facebook.com/eyefinity","http://www.twitter.com/eyefinity","Private","B2B","Yes","March 19, 2024","0","0","","","","","3100 Zinfandel Dr Ste 600","Rancho Cordova","California","95670","United States","3100 Zinfandel Dr Ste 600, Rancho Cordova, California, 95670, United States","3","","","","","","","instantexportexcel1789639591758"
"359683092","Grover Gaming","www.grovergaming.com","350","Employees.250to499","7371","7372","73;737;7371;7372;7379","513210","51321","51;513;5132;51321;513210","Software","Multimedia, Games & Graphics Software","Software","Multimedia, Games & Graphics Software","software","software.videogames","3367493","https://app.zoominfo.com/#/apps/profile/company/359683092","http://www.linkedin.com/company/grovergaming","http://www.facebook.com/grovergames","http://www.twitter.com/grover_gaming","Private","B2B","Yes","August 30, 2019","1000","1000","Debt","April 10, 2020","PPP","PPP","3506 Greenville Blvd NE","Greenville","North Carolina","27834","United States","3506 Greenville Blvd NE, Greenville, North Carolina, 27834, United States","6","","","","","","","instantexportexcel1789639591758"
"374860240","HappyCo","www.happy.co","200","Employees.100to249","7371","7372","73;737;7371;7372","513210","518210","51;513;5132;51321;513210;518;5182;51821;518210","Software","Storage & System Management Software","Software","Storage & System Management Software;Mobile App Development","software","software.storage","1046209","https://app.zoominfo.com/#/apps/profile/company/374860240","http://www.linkedin.com/company/happyco","http://www.facebook.com/happycoinc","http://www.twitter.com/happyco","Private","B2B","Yes","July 19, 2024","63150","52000","Other Financing Round","January 19, 2022","BAM Technologies;Berger Rental Communities;Camber Creek","500.com;Tempus Partners;Sandalphon Capital;Alium Capital Management;PieLab Venture Partners;Larsen Ventures;PPP;BAM Technologies;Berger Rental Communities;Camber Creek","5857 Owens Ave Ste 300","Carlsbad","California","92008","United States","5857 Owens Ave Ste 300, Carlsbad, California, 92008, United States","1","","","","","","","instantexportexcel1789639591758"
"3311835","Algo","www.algo.com","280","Employees.250to499","7371","737","73;737;7371","541511","541519","54;541;5415;54151;541511;541519","Software","Supply Chain Management (SCM) Software","Software","Supply Chain Management (SCM) Software","software","software.scm","2174305","https://app.zoominfo.com/#/apps/profile/company/3311835","http://www.linkedin.com/company/algoai","http://www.facebook.com/algocreativeintelligence","http://www.twitter.com/algomusai","Private","B2B","Yes","January 23, 2026","31000","16000","Other Financing Round","January 16, 2024","Vistara Growth Partners","Integrity Growth Partners LLC;Vistara Growth Partners","950 Stephenson Hwy","Troy","Michigan","48083","United States","950 Stephenson Hwy, Troy, Michigan, 48083, United States","1","","","","","","","instantexportexcel1789639591758"
"359501238","Harbor Compliance","www.harborcompliance.com","201","Employees.100to249","7372","7379","73;737;7372;7379;738;7389;87;874;8748","541199","541511","54;541;5411;54119;541199;5415;54151;541511;5416;54161;541618","Software","Legal Software","Software;Business Services;Law Firms & Legal Services","Legal Software;Management Consulting","software","software.legal","439858","https://app.zoominfo.com/#/apps/profile/company/359501238","http://www.linkedin.com/company/harbor-compliance","http://www.facebook.com/harborcompliance","http://www.x.com/harborcomply","Private","B2B","Yes","February 23, 2026","350","0","Private Equity","February 19, 2026","Bregal Sagemount","PPP;Bregal Sagemount","812 N Prince St","Lancaster","Pennsylvania","17603","United States","812 N Prince St, Lancaster, Pennsylvania, 17603, United States","2","","","","","","","instantexportexcel1789639591758"
"28918327","Innovative Systems","www.innovsys.com","250","Employees.250to499","7371","7372","73;737;7371;7372;7373","541512","54151","54;541;5415;54151;541512","Software","Enterprise Resource Planning (ERP) Software","Software","Enterprise Resource Planning (ERP) Software","software","software.erp","1543320","https://app.zoominfo.com/#/apps/profile/company/28918327","http://www.linkedin.com/company/innovative-systemsinc","","http://www.x.com/innovsyssd","Private","B2B","Yes","April 30, 2026","2000","0","Private Equity","January 12, 2021","Alpine Investors","Alpine Investors;PPP","1000 Innovative Dr","Mitchell","South Dakota","57301","United States","1000 Innovative Dr, Mitchell, South Dakota, 57301, United States","2","","","","","","","instantexportexcel1789639591758"
"49643729","TaxSlayer","www.taxslayer.com","271","Employees.250to499","7291","7372","72;729;7291;73;737;7372;7374;738;7389","513210","518210","51;513;5132;51321;513210;518;5182;51821;518210","Software","Financial Software","Software","Financial Software","software","software.finance","36365","https://app.zoominfo.com/#/apps/profile/company/49643729","http://www.linkedin.com/company/taxslayerllc","","http://www.twitter.com/taxslayer","Private","B2B","Yes","January 08, 2024","0","0","","","","","945 Broad St","Augusta","Georgia","30901","United States","945 Broad St, Augusta, Georgia, 30901, United States","2","","","","","","","instantexportexcel1789639591758"
"356532456","HOVER","www.hover.to","200","Employees.100to249","7371","7372","73;737;7371;7372;7379","513210","518210","51;513;5132;51321;513210;518;5182;51821;518210;54;541;5415;54151;541511","Software","Engineering Software","Software","Engineering Software;Mobile App Development","software","software.eng","175044","https://app.zoominfo.com/#/apps/profile/company/356532456","http://www.linkedin.com/company/hover-inc-","http://www.facebook.com/hover3d","http://www.twitter.com/confuzestudio","Private","B2B","Yes","September 20, 2021","119200","60000","Series D","November 17, 2020","Standard Industries;Nationwide;Guidewire Software;Menlo Ventures;Travelers Insurance Company;State Farm Ventures;Alsop Louie Partners","GV;Home Depot;Standard Industries;Standard Industries;GV;Menlo Ventures;Almaz Capital;Standard Industries;Nationwide;Guidewire Software;Menlo Ventures;Travelers Insurance Company;State Farm Ventures;Alsop Louie Partners","634 2nd St Fl 3","San Francisco","California","94107","United States","634 2nd St Fl 3, San Francisco, California, 94107, United States","2","","","","","","","instantexportexcel1789639591758"
"27297758","Foundation Software","www.foundationsoft.com","265","Employees.250to499","7379","737","73;737;7379","513210","541511","51;513;5132;51321;513210;54;541;5415;54151;541511;541512;541519","Software","Enterprise Resource Planning (ERP) Software","Software","Enterprise Resource Planning (ERP) Software;Financial Software;Mobile App Development","software","software.erp","97957","https://app.zoominfo.com/#/apps/profile/company/27297758","http://www.linkedin.com/company/foundation-software","http://www.facebook.com/foundationsoft","http://www.twitter.com/foundationsoft","Private","B2B","Yes","July 08, 2024","0","0","","","","","17800 Royalton Rd","Strongsville","Ohio","44136","United States","17800 Royalton Rd, Strongsville, Ohio, 44136, United States","2","","","","","","","instantexportexcel1789639591758"
"450270441","Stack Sports","www.stacksports.com","208","Employees.100to249","7372","7374","73;737;7372;7374;7379","513210","518210","51;513;5132;51321;513210;518;5182;51821;518210","Software","Financial Software","Software","Financial Software;Customer Relationship Management (CRM) Software","software","software.finance","34349","https://app.zoominfo.com/#/apps/profile/company/450270441","http://www.linkedin.com/company/stacksports","http://www.facebook.com/stacksports","http://www.x.com/stacksports","Private","B2B","Yes","March 13, 2026","0","0","","","","","5360 Legacy Dr Ste 150","Plano","Texas","75024","United States","5360 Legacy Dr Ste 150, Plano, Texas, 75024, United States","1","","","","","","","instantexportexcel1789639591758"
"369057716","Adit","www.adit.com","213","Employees.100to249","7371","7372","73;737;7371;7372;7379","541519","54151","54;541;5415;54151;541519","Software","Healthcare Software","Software;Business Services","Healthcare Software;Advertising & Marketing","software","software.health","292390","https://app.zoominfo.com/#/apps/profile/company/369057716","http://www.linkedin.com/company/adit-digital-marketing-agency","http://www.facebook.com/aditadv","http://www.twitter.com/aditadv","Private","B2B","Yes","April 09, 2021","150","150","Debt","April 28, 2020","PPP","PPP","7324 Southwest Fwy Ste 1460","Houston","Texas","77074","United States","7324 Southwest Fwy Ste 1460, Houston, Texas, 77074, United States","1","","","","","","","instantexportexcel1789639591758"
"117473441","TEAM Software","www.teamsoftware.com","338","Employees.250to499","7371","7372","73;737;7371;7372;7379","541511","541519","54;541;5415;54151;541511;541519","Software","Enterprise Resource Planning (ERP) Software","Software","Enterprise Resource Planning (ERP) Software;Financial Software;Human Resources Software","software","software.erp","1547734","https://app.zoominfo.com/#/apps/profile/company/117473441","http://www.linkedin.com/company/team-software-by-workwave","http://www.facebook.com/teamsoftwareinc","http://www.twitter.com/team_software","Private","B2B","Yes","July 21, 2020","0","0","Private Equity","September 19, 2018","Accel-KKR","Accel-KKR","407 S 27th Ave","Omaha","Nebraska","68131","United States","407 S 27th Ave, Omaha, Nebraska, 68131, United States","2","","","","","","","instantexportexcel1789639591758"
"348551271","NuORDER","www.nuorder.com","200","Employees.100to249","7372","7374","73;737;7372;7374;7379","513210","518210","51;513;5132;51321;513210;518;5182;51821;518210","Software","Supply Chain Management (SCM) Software","Software","Supply Chain Management (SCM) Software;Mobile App Development","software","software.scm","88122","https://app.zoominfo.com/#/apps/profile/company/348551271","http://www.linkedin.com/company/nuorder-inc","http://www.facebook.com/nuorderwholesale","http://www.twitter.com/nuorder","Private","B2B","Yes","February 04, 2025","79400","45000","Other Financing Round","March 10, 2021","Imaginary;Brighton Park Capital","CAA Ventures;David Tisch;Mortimer Singer;Upfront Ventures;Brian Spaly;Rachel Zoe;Greycroft Partners;Cowboy Ventures;BoxGroup;Creative Artists Agency;GRP Partners;Greycroft Partners;Imaginary;Brighton Park Capital;Upfront Ventures;Greycroft Partners;Cowboy Ventures;Mousse Partners;NewSpring;PPP;Upfront Ventures;Cowboy Ventures;Argentum;Box Group;Greycroft Partners","1901 Avenue of the Stars Ste 175M","Los Angeles","California","90067","United States","1901 Avenue of the Stars Ste 175M, Los Angeles, California, 90067, United States","4","","","","","","","instantexportexcel1789639591758"
"353492965","Litmos","www.litmos.com","227","Employees.100to249","7372","7374","73;737;7372;7374;7379","513210","518210","51;513;5132;51321;513210;518;5182;51821;518210","Software","Human Resources Software","Software","Human Resources Software;Content & Collaboration Software","software","software.hr","25466","https://app.zoominfo.com/#/apps/profile/company/353492965","http://www.linkedin.com/company/litmos","http://www.facebook.com/litmos","http://www.twitter.com/litmos","Private","B2B","Yes","June 27, 2024","0","0","Private Equity","August 18, 2022","Francisco Partners","Francisco Partners","548 Market St Pmb 34398","San Francisco","California","94104","United States","548 Market St Pmb 34398, San Francisco, California, 94104, United States","3","","","","","","","instantexportexcel1789639591758"
"254853547","Simpleview","www.simpleviewinc.com","350","Employees.250to499","7371","7372","73;737;7371;7372;7379","541511","541512","54;541;5415;54151;541511;541512","Business Services","Custom Software & IT Services","Business Services;Software","Custom Software & IT Services;Advertising & Marketing;Customer Relationship Management (CRM) Software","bizservice","bizservice.techconsulting","163977","https://app.zoominfo.com/#/apps/profile/company/254853547","http://www.linkedin.com/company/simpleview-inc-","http://www.facebook.com/simpleview","http://www.twitter.com/simpleview","Private","B2B","Yes","June 25, 2024","0","0","Private Equity","April 15, 2013","Ridgemont Equity Partners","Ridgemont Equity Partners","8950 N Oracle Rd","Tucson","Arizona","85704","United States","8950 N Oracle Rd, Tucson, Arizona, 85704, United States","1","","","","","","","instantexportexcel1789639591758"
"372288574","iVend Retail","www.ivend.com","307","Employees.250to499","7371","7372","73;737;7371;7372;7379","513210","518210","51;513;5132;51321;513210;518;5182;51821;518210","Software","Enterprise Resource Planning (ERP) Software","Software","Enterprise Resource Planning (ERP) Software","software","software.erp","2863894","https://app.zoominfo.com/#/apps/profile/company/372288574","http://www.linkedin.com/company/increased-customer-engagement-and-store-wide-sa","http://www.facebook.com/ivend.retail","http://www.twitter.com/ivendretail","Private","B2B","Yes","March 14, 2024","0","0","","","","","1177 6th Ave Fl 5","New York","New York","10036","United States","1177 6th Ave Fl 5, New York, New York, 10036, United States","2","","","","","","","instantexportexcel1789639591758"
"27213987","NetNumber","www.netnumber.com","286","Employees.250to499","7371","7372","73;737;7371;7372;7379","513210","517111","51;513;5132;51321;513210;517;5171;51711;517111","Business Services","Custom Software & IT Services","Business Services;Software;Telecommunications","Custom Software & IT Services;Networking Software;Telephony & Wireless","bizservice","bizservice.techconsulting","10599694","https://app.zoominfo.com/#/apps/profile/company/27213987","http://www.linkedin.com/company/netnumber","http://www.facebook.com/netnumber","http://www.twitter.com/netnumber","Private","B2B","Yes","August 31, 2022","2000","2000","Debt","April 11, 2020","PPP","PPP","225 Cedar Hill St Ste 200","Marlborough","Massachusetts","01752","United States","225 Cedar Hill St Ste 200, Marlborough, Massachusetts, 01752, United States","1","","","","","","","instantexportexcel1789639591758"
"346556215","iRely","www.irely.com","385","Employees.250to499","7371","7372","73;737;7371;7372;7373","513210","541511","51;513;5132;51321;513210;54;541;5415;54151;541511;541512;541519","Software","Enterprise Resource Planning (ERP) Software","Software","Enterprise Resource Planning (ERP) Software;Supply Chain Management (SCM) Software","software","software.erp","7882916","https://app.zoominfo.com/#/apps/profile/company/346556215","http://www.linkedin.com/company/irely","http://www.facebook.com/irely-llc-111638598907734","http://www.twitter.com/irelyerp","Private","B2B","Yes","February 26, 2026","350","350","Debt","June 26, 2020","PPP","PPP","5221 N O Connor Blvd Ste 650","Irving","Texas","75039","United States","5221 N O Connor Blvd Ste 650, Irving, Texas, 75039, United States","4","","","","","","","instantexportexcel1789639591758"
"348782767","First Due","www.firstdue.com","390","Employees.250to499","7371","7372","73;737;7371;7372;7374;7379","513210","518210","51;513;5132;51321;513210;518;5182;51821;518210","Software","Healthcare Software","Software","Healthcare Software","software","software.health","1874898","https://app.zoominfo.com/#/apps/profile/company/348782767","http://www.linkedin.com/company/firstdue","http://www.facebook.com/firstduesizeup","http://www.twitter.com/firstduesizeup","Private","B2B","Yes","August 06, 2025","355000","355000","Private Equity","August 05, 2025","JMI Equity;Technology Crossover Ventures","Serent Capital;JMI Equity;Technology Crossover Ventures","107 7th St","Garden City","New York","11530","United States","107 7th St, Garden City, New York, 11530, United States","1","","","","","","","instantexportexcel1789639591758"
"415311773","Deepgram","www.deepgram.com","292","Employees.250to499","7371","7372","73;737;7371;7372","513210","518210","51;513;5132;51321;513210;518;5182;51821;518210;54;541;5415;54151;541511","Software","Multimedia, Games & Graphics Software","Software","Multimedia, Games & Graphics Software;Business Intelligence (BI) Software","software","software.videogames","32664","https://app.zoominfo.com/#/apps/profile/company/415311773","http://www.linkedin.com/company/deepgram","http://www.facebook.com/deepgram","http://www.twitter.com/deepgramai","Private","B2B","Yes","August 19, 2026","215800","130000","Series C","January 13, 2026","Alkeon Capital Management;Tiger Global Management;Madrona Venture Group;In-Q-Tel","Alkeon Capital Management;Tiger Global Management;Madrona Venture Group;In-Q-Tel;Metamorphic Ventures;Y Combinator;Citi Ventures;Nvidia Inception GPU Ventures;Alkeon Capital Management;Wing Venture Capital;Tiger Global;Madrona Venture Group;The SAP.iO;Tiger Global Management;Wing VC;Nvidia GPU Ventures;Y Combinator;SAP.io","548 Market St Pmb 25104","San Francisco","California","94104","United States","548 Market St Pmb 25104, San Francisco, California, 94104, United States","2","","","","","","","instantexportexcel1789639591758"
"353966739","Varde Partners","www.varde.com","287","Employees.250to499","6282","6722","62;628;6282;67;672;6722;679;6799","523910","523940","52;523;5239;52391;523910;52394;523940","Finance","Investment Banking","Finance","Investment Banking;Venture Capital & Private Equity","finance","finance.investment","5653124","https://app.zoominfo.com/#/apps/profile/company/353966739","http://www.linkedin.com/company/varde-partners","http://www.facebook.com/hrdesign-varde-277873039415028","","Private","B2B","Yes","June 11, 2024","0","0","","","","","901 Marquette Ave Ste 3300","Minneapolis","Minnesota","55402","United States","901 Marquette Ave Ste 3300, Minneapolis, Minnesota, 55402, United States","5","","","","","","","instantexportexcel1789639591758"
"407621808","SEON","www.seon.io","300","Employees.250to499","7371","737","73;737;7371","541511","541519","54;541;5415;54151;541511;541519","Software","Security Software","Software","Security Software","software","software.security","99077","https://app.zoominfo.com/#/apps/profile/company/407621808","http://www.linkedin.com/company/seon-tech","http://www.facebook.com/seon.fraudfighters","http://www.x.com/seon_tech","Private","B2B","Yes","September 17, 2025","186000","80000","Series C","September 16, 2025","IVP;Firebolt;Hearst;Creandum;Sixth Street Growth","PortfoLion;Creandum;IVP;IVP;Firebolt;Hearst;Creandum;Sixth Street Growth","310 Comal St Fl 2","Austin","Texas","78702","United States","310 Comal St Fl 2, Austin, Texas, 78702, United States","2","","","","","","","instantexportexcel1789639591758"
"7262893","Aptify","www.aptify.com","278","Employees.250to499","7372","7373","73;737;7372;7373;7374","513210","518210","51;513;5132;51321;513210;518;5182;51821;518210","Software","Enterprise Resource Planning (ERP) Software","Software","Enterprise Resource Planning (ERP) Software;Customer Relationship Management (CRM) Software","software","software.erp","1587544","https://app.zoominfo.com/#/apps/profile/company/7262893","http://www.linkedin.com/company/38576","http://www.facebook.com/aptify","http://www.twitter.com/aptify","Private","B2B","Yes","August 21, 2019","0","0","","","","","7901 Jones Branch Dr Fl 5","Tysons Corner","Virginia","22102","United States","7901 Jones Branch Dr Fl 5, Tysons Corner, Virginia, 22102, United States","1","","","","","","","instantexportexcel1789639591758"
"62096866","Novarad","www.novarad.net","203","Employees.100to249","7371","7372","73;737;7371;7372;7373","513210","541511","51;513;5132;51321;513210;54;541;5415;54151;541511;541512","Software","Healthcare Software","Software","Healthcare Software","software","software.health","995692","https://app.zoominfo.com/#/apps/profile/company/62096866","http://www.linkedin.com/company/novarad","http://www.facebook.com/novaradcorp","http://www.twitter.com/novaradcorp","Private","B2B","Yes","December 26, 2023","2000","2000","Debt","April 12, 2020","PPP","PPP","752 E 1180 S Ste 200","American Fork","Utah","84003","United States","752 E 1180 S Ste 200, American Fork, Utah, 84003, United States","2","","","","","","","instantexportexcel1789639591758"
"343687668","Devo","www.devo.com","250","Employees.250to499","7372","7374","73;737;7372;7374;7379","513210","518210","51;513;5132;51321;513210;518;5182;51821;518210","Software","Security Software","Software","Security Software","software","software.security","1579151","https://app.zoominfo.com/#/apps/profile/company/343687668","http://www.linkedin.com/company/devoinc","http://www.facebook.com/clubdevo","http://www.twitter.com/devo_inc","Private","B2B","Yes","May 20, 2024","231000","100000","Series F","June 02, 2022","Eurazeo;TCV;General Atlantic;Kibo Factory;Bessemer Venture Partners;Georgian;Insight Partners","Atlantic Bridge Capital;Kibo Ventures;Investing Profit Wisely;Kibo Ventures;Insight Venture Partners;Insight Venture Partners;Bessemer Venture Partners;Insight Partners;Georgian;Eurazeo;TCV;General Atlantic;Kibo Factory;Bessemer Venture Partners;Georgian;Insight Partners","255 Main St Ste 702","Cambridge","Massachusetts","02142","United States","255 Main St Ste 702, Cambridge, Massachusetts, 02142, United States","5","","","","","","","instantexportexcel1789639591758"
"371023687","GetAccept","www.getaccept.com","200","Employees.100to249","7372","7374","73;737;7372;7374;7379","513210","518210","51;513;5132;51321;513210;518;5182;51821;518210","Software","Customer Relationship Management (CRM) Software","Software","Customer Relationship Management (CRM) Software;Content & Collaboration Software","software","software.crm","142498","https://app.zoominfo.com/#/apps/profile/company/371023687","http://www.linkedin.com/company/getaccept","http://www.facebook.com/getaccept","http://www.twitter.com/getaccept","Private","B2B","Yes","June 18, 2024","28720","20000","Series B","December 07, 2020","Bessemer Venture Partners","Bessemer Venture Partners;Y Combinator;Peter Sterky;Y Combinator;BootstrapLabs;DN Capital;Amino Capital;Y Combinator","2261 Market St","San Francisco","California","94114","United States","2261 Market St, San Francisco, California, 94114, United States","5","","","","","","","instantexportexcel1789639591758"
"343578628","CINC Systems","www.cincsystems.com","273","Employees.250to499","7372","7374","73;737;7372;7374;7379","513210","518210","51;513;5132;51321;513210;518;5182;51821;518210","Software","Enterprise Resource Planning (ERP) Software","Software","Enterprise Resource Planning (ERP) Software;Financial Software","software","software.erp","1418634","https://app.zoominfo.com/#/apps/profile/company/343578628","http://www.linkedin.com/company/cincs","http://www.facebook.com/cincsystems","http://www.twitter.com/cincsystems","Private","B2B","Yes","December 09, 2025","0","0","Private Equity","June 11, 2020","Spectrum Equity","Spectrum Equity","3055 Breckinridge Blvd Ste 310","Duluth","Georgia","30096","United States","3055 Breckinridge Blvd Ste 310, Duluth, Georgia, 30096, United States","2","","","","","","","instantexportexcel1789639591758"
"354627278","Securly","www.securly.com","284","Employees.250to499","7371","737","73;737;7371","541511","541519","54;541;5415;54151;541511;541519","Software","Security Software","Software","Security Software","software","software.security","10534","https://app.zoominfo.com/#/apps/profile/company/354627278","http://www.linkedin.com/company/securly","","http://www.twitter.com/securly","Private","B2B","Yes","June 02, 2024","9649","2000","Debt","April 07, 2020","PPP","PPP;Owl Ventures","5600 77 Center Dr Ste 350","Charlotte","North Carolina","28262","United States","5600 77 Center Dr Ste 350, Charlotte, North Carolina, 28262, United States","2","","","","","","","instantexportexcel1789639591758"
"4065804","AMAG Technology","www.amag.com","300","Employees.250to499","3669","3829","36;366;3669;38;382;3829;387;3873;73;737;7372;738;7382","334519","33451","33;334;3345;33451;334519","Manufacturing","Electronics","Manufacturing;Software","Electronics;Security Software","mfg","mfg.electronics","1145656","https://app.zoominfo.com/#/apps/profile/company/4065804","http://www.linkedin.com/company/amag-technology","http://www.facebook.com/amagtechnology","http://www.twitter.com/amagtechnology","Private","B2B","Yes","July 22, 2024","0","0","","","","","2205 W 126th St Ste B","Hawthorne","California","90250","United States","2205 W 126th St Ste B, Hawthorne, California, 90250, United States","4","","","","","","","instantexportexcel1789639591758"
"536054763","Benchmark Gensuite","www.benchmarkgensuite.com","450","Employees.250to499","7372","7374","73;737;7372;7374;7379","513210","541511","51;513;5132;51321;513210;54;541;5415;54151;541511;541512","Software","Enterprise Resource Planning (ERP) Software","Software","Enterprise Resource Planning (ERP) Software","software","software.erp","1984862","https://app.zoominfo.com/#/apps/profile/company/536054763","http://www.linkedin.com/company/benchmark-gensuite","http://www.facebook.com/benchmarkgensuite","http://www.twitter.com/bmrk_gensuite","Private","B2B","Yes","January 02, 2024","2000","2000","Debt","April 11, 2020","PPP","PPP","4680 Parkway Dr Ste 400","Mason","Ohio","45040","United States","4680 Parkway Dr Ste 400, Mason, Ohio, 45040, United States","3","","","","","","","instantexportexcel1789639591758"
"436805968","Bevy Labs","www.bevy.com","425","Employees.250to499","7372","7374","73;737;7372;7374;7379","513210","518210","51;513;5132;51321;513210;518;5182;51821;518210;54;541;5415;54151;541511;541512;541519","Software","Content & Collaboration Software","Software","Content & Collaboration Software","software","software.contentcol","737411","https://app.zoominfo.com/#/apps/profile/company/436805968","http://www.linkedin.com/company/bevyhq","http://www.facebook.com/bevyhq","","Private","B2B","Yes","March 13, 2023","61400","40000","Series C","March 24, 2021","Upfront Ventures;Accel","Upfront Ventures;Upfront Ventures;Accel;Ryan Smith;Accel Partners BV;Upfront Ventures","265 Cambridge Ave Unit 60608","Palo Alto","California","94306","United States","265 Cambridge Ave Unit 60608, Palo Alto, California, 94306, United States","1","","","","","","","instantexportexcel1789639591758"
"357193750","Babel Street","www.babelstreet.com","288","Employees.250to499","7372","7374","73;737;7372;7374","513210","518210","51;513;5132;51321;513210;518;5182;51821;518210;54;541;5415;54151;541511","Software","Business Intelligence (BI) Software","Software","Business Intelligence (BI) Software","software","software.bi","1778042","https://app.zoominfo.com/#/apps/profile/company/357193750","http://www.linkedin.com/company/babelstreet","http://www.facebook.com/babelstreet","http://www.twitter.com/babelknowledge","Private","B2B","Yes","April 07, 2024","2000","2000","Debt","May 03, 2020","PPP","PPP","1818 Library St Ste 500","Reston","Virginia","20190","United States","1818 Library St Ste 500, Reston, Virginia, 20190, United States","2","","","","","","","instantexportexcel1789639591758"
"127582501","Socket","www.socket.net","200","Employees.100to249","4813","481","48;481;4813","517111","51711","51;517;5171;51711;517111","Telecommunications","Telephony & Wireless","Telecommunications","Telephony & Wireless;Internet Service Providers, Website Hosting & Internet-related Services","telecom","telecom.telephone","892005","https://app.zoominfo.com/#/apps/profile/company/127582501","http://www.linkedin.com/company/socket","http://www.facebook.com/sockettelecom","http://www.x.com/socket","Private","B2B","Yes","July 09, 2025","60372","59372","Stock/Share Issuance","May 29, 2026","","PPP;Oak Hill Capital;Pamlico Capital","2703 Clark Ln","Columbia","Missouri","65202","United States","2703 Clark Ln, Columbia, Missouri, 65202, United States","3","","","","","","","instantexportexcel1789639591758"
"358666590","FlexGen","www.flexgen.com","230","Employees.100to249","7371","7372","73;737;7371;7372;7373;7379","541511","541512","54;541;5415;54151;541511;541512","Software","Engineering Software","Software;Construction","Engineering Software;Architecture, Engineering & Design","software","software.eng","2935259","https://app.zoominfo.com/#/apps/profile/company/358666590","http://www.linkedin.com/company/flexgen","http://www.facebook.com/flexgenwepoweron","http://www.x.com/flexgenpower","Private","B2B","Yes","March 25, 2026","350500","75000","Debt","January 27, 2025","J.P. Morgan Asset Management","Altira Group;Vitol;Apollo Global Management;Caterpillar Ventures;G Ventures;Altira Group;J.P. Morgan Asset Management","280 S Mangum St Ste 150","Durham","North Carolina","27701","United States","280 S Mangum St Ste 150, Durham, North Carolina, 27701, United States","2","","","","","","","instantexportexcel1789639591758"
"481454874","Horizon3.ai","www.horizon3.ai","227","Employees.100to249","7371","7372","73;737;7371;7372;7373;7379","541511","54151","54;541;5415;54151;541511","Software","Security Software","Software;Business Services","Security Software;Custom Software & IT Services","software","software.security","1306624","https://app.zoominfo.com/#/apps/profile/company/481454874","http://www.linkedin.com/company/horizon3ai","http://www.facebook.com/horizon3ai","http://www.x.com/horizon3ai","Private","B2B","Yes","June 05, 2025","401500","250000","Series E","August 02, 2026","NightDragon;Craft Ventures;Sapphire Ventures;PSG;Blue Cloud Ventures;Ridge Ventures;Acrew Capital Management;SignalFire;New Enterprise Associates;SAIC;Prosperity7 Ventures;EDBI;Qualcomm Ventures","NightDragon;Craft Ventures;Sapphire Ventures;PSG;Blue Cloud Ventures;Ridge Ventures;Acrew Capital Management;SignalFire;New Enterprise Associates;SAIC;Prosperity7 Ventures;EDBI;Qualcomm Ventures;Ridge Ventures;SignalFire;SignalFire;SignalFire;New Enterprise Associates;Craft Ventures;Signal Fire","","San Francisco","California","94103","United States","San Francisco, California, 94103, United States","1","","","","","","","instantexportexcel1789639591758"
"355767379","Autosoft","www.autosoftdms.com","250","Employees.250to499","7371","7372","73;737;7371;7372;7379","513210","541511","51;513;5132;51321;513210;54;541;5415;54151;541511;541512","Software","Enterprise Resource Planning (ERP) Software","Software","Enterprise Resource Planning (ERP) Software","software","software.erp","265531","https://app.zoominfo.com/#/apps/profile/company/355767379","http://www.linkedin.com/company/autosoftdms","http://www.facebook.com/autosoftdms","http://www.twitter.com/autosoftdms","Private","B2B","Yes","May 02, 2022","2000","2000","Debt","April 05, 2020","PPP","PPP","61 Executive Ct","West Middlesex","Pennsylvania","16159","United States","61 Executive Ct, West Middlesex, Pennsylvania, 16159, United States","1","","","","","","","instantexportexcel1789639591758"
"369399579","ClearGov","www.cleargov.com","225","Employees.100to249","7372","7374","73;737;7372;7374;7379","513210","518210","51;513;5132;51321;513210;518;5182;51821;518210","Software","Financial Software","Software","Financial Software","software","software.finance","736219","https://app.zoominfo.com/#/apps/profile/company/369399579","http://www.linkedin.com/company/cleargov","http://www.facebook.com/cleargov","http://www.twitter.com/cleargovcom","Private","B2B","Yes","April 23, 2024","21676","20000","Unspecified","January 10, 2022","","Kepha Partners;MassVentures;PPP","2 Mill and Main Pl Ste 630","Maynard","Massachusetts","01754","United States","2 Mill and Main Pl Ste 630, Maynard, Massachusetts, 01754, United States","1","","","","","","","instantexportexcel1789639591758"
"353711984","PayNearMe","www.paynearme.com","230","Employees.100to249","6099","7372","60;609;6099;73;737;7372;7374","522320","52232","52;522;5223;52232;522320","Finance","Credit Cards & Transaction Processing","Finance;Software","Credit Cards & Transaction Processing;Financial Software","finance","finance.creditcards","26191","https://app.zoominfo.com/#/apps/profile/company/353711984","http://www.linkedin.com/company/paynearme","http://www.facebook.com/paynearme","http://www.x.com/paynearme","Private","B2B","Yes","September 17, 2025","184246","50000","Series E","September 16, 2025","Advance Venture Partners","QIC;DNS Capital;Costanoa Ventures;True Ventures;August Capital;Khosla Ventures;True Ventures;August Capital;Maveron LLC;Khosla Ventures;True Ventures;August Capital;Maveron LLC;Advance Venture Partners;True Ventures;True Ventures;Maveron LLC;True Ventures;August Capital;GSV Capital;Maveron LLC;Khosla Ventures;True Ventures","5201 Great America Pkwy Ste 320","Santa Clara","California","95054","United States","5201 Great America Pkwy Ste 320, Santa Clara, California, 95054, United States","1","","","","","","","instantexportexcel1789639591758"
"359155171","Zearn","www.zearn.org","200","Employees.100to249","8299","829","82;829;8299","611710","61171","61;611;6117;61171;611710","Education","Training","Education;Software","Training;K-12 Schools;Content & Collaboration Software","education","education.training","14260","https://app.zoominfo.com/#/apps/profile/company/359155171","http://www.linkedin.com/company/zearn","http://www.facebook.com/zearn","http://www.twitter.com/zearned","Private","B2B","Yes","July 01, 2024","1000","1000","Debt","April 15, 2020","PPP","PPP","PO Box 24580","New York","New York","10087","United States","PO Box 24580, New York, New York, 10087, United States","1","","","","","","","instantexportexcel1789639591758"
"458070497","Vispero","www.vispero.com","235","Employees.100to249","3829","3842","38;382;3829;384;3842;73;737;7372","334519","541511","33;334;3345;33451;334519;54;541;5415;54151;541511","Manufacturing","Electronics","Manufacturing;Software","Electronics;Engineering Software;Photographic & Optical Equipment;Security Software","mfg","mfg.electronics","3790348","https://app.zoominfo.com/#/apps/profile/company/458070497","http://www.linkedin.com/company/vispero","","http://www.twitter.com/vispero3","Private","B2B","Yes","January 25, 2023","0","0","","","","","17757 US Highway 19 N Ste 200","Clearwater","Florida","33764","United States","17757 US Highway 19 N Ste 200, Clearwater, Florida, 33764, United States","3","","","","","","","instantexportexcel1789639591758"
"408827875","JustCall","www.justcall.io","300","Employees.250to499","7371","7372","73;737;7371;7372;7379","513210","541511","51;513;5132;51321;513210;54;541;5415;54151;541511;541519","Software","Customer Relationship Management (CRM) Software","Software","Customer Relationship Management (CRM) Software;Content & Collaboration Software","software","software.crm","64268","https://app.zoominfo.com/#/apps/profile/company/408827875","http://www.linkedin.com/company/justcall.io","http://www.facebook.com/getjustcall","http://www.x.com/justcall_io","Private","B2B","Yes","July 15, 2026","0","0","","","","","355 Bryant St Unit 403","San Francisco","California","94107","United States","355 Bryant St Unit 403, San Francisco, California, 94107, United States","1","","","","","","","instantexportexcel1789639591758"
"41107588","Visual Lease","www.visuallease.com","200","Employees.100to249","7371","7372","73;737;7371;7372;7374","541511","54151","54;541;5415;54151;541511","Software","Financial Software","Software","Financial Software","software","software.finance","844021","https://app.zoominfo.com/#/apps/profile/company/41107588","http://www.linkedin.com/company/visual-lease","http://www.facebook.com/visual-lease-577924932378217","http://www.twitter.com/visuallease","Private","B2B","Yes","April 07, 2026","0","0","","","","","100 Woodbridge Center Dr Ste 200","Woodbridge","New Jersey","07095","United States","100 Woodbridge Center Dr Ste 200, Woodbridge, New Jersey, 07095, United States","3","","","","","","","instantexportexcel1789639591758"
"409353662","Alloy","www.alloy.com","250","Employees.250to499","7371","7372","73;737;7371;7372;7374;7379","513210","541519","51;513;5132;51321;513210;54;541;5415;54151;541519","Software","Security Software","Software","Security Software;Financial Software","software","software.security","1710086","https://app.zoominfo.com/#/apps/profile/company/409353662","http://www.linkedin.com/company/alloy-apis","http://www.facebook.com/usealloy","http://www.twitter.com/usealloy","Private","B2B","Yes","June 12, 2023","107800","52000","Other Financing Round","September 01, 2022","Lightspeed Venture Partners;Avenir;Avid Ventures Management;Felicis Ventures;Bessemer Venture Partners","ENIAC Ventures;Felicis Ventures;Avid Ventures;Eniac Ventures;Canapi Ventures;Bessemer Ventures;Primary Venture Partners;Lightspeed Venture Partners;Avenir;Avid Ventures Management;Felicis Ventures;Bessemer Venture Partners","41 E 11th St Fl 2","New York","New York","10003","United States","41 E 11th St Fl 2, New York, New York, 10003, United States","2","","","","","","","instantexportexcel1789639591758"
"35504858","Softjourn","www.softjourn.com","300","Employees.250to499","7371","7372","73;737;7371;7372;7379","541511","541512","54;541;5415;54151;541511;541512","Business Services","Custom Software & IT Services","Business Services;Software","Custom Software & IT Services;Mobile App Development","bizservice","bizservice.techconsulting","3648353","https://app.zoominfo.com/#/apps/profile/company/35504858","http://www.linkedin.com/company/softjourn-inc","http://www.facebook.com/softjourn","http://www.twitter.com/softjourn","Private","B2B","Yes","June 16, 2022","0","0","","","","","39270 Paseo Padre Pkwy PMB 251","Fremont","California","94538","United States","39270 Paseo Padre Pkwy PMB 251, Fremont, California, 94538, United States","3","","","","","","","instantexportexcel1789639591758"
"20660613","Jellyvision","www.jellyvision.com","288","Employees.250to499","7371","7372","73;737;7371;7372;7379","513210","51321","51;513;5132;51321;513210","Software","Human Resources Software","Software","Human Resources Software","software","software.hr","2660151","https://app.zoominfo.com/#/apps/profile/company/20660613","http://www.linkedin.com/company/jellyvision","http://www.facebook.com/jellyvisionlab","http://www.twitter.com/jellyvision","Private","B2B","Yes","April 29, 2024","30000","5000","Debt","April 27, 2020","PPP","Jackson Square Ventures;PPP;Sigma Partners;Updata Partners","848 W Eastman St","Chicago","Illinois","60642","United States","848 W Eastman St, Chicago, Illinois, 60642, United States","1","","","","","","","instantexportexcel1789639591758"
"348472522","Schoox","www.schoox.com","217","Employees.100to249","7372","8243","73;737;7372;82;824;8243;829;8299","513210","518210","51;513;5132;51321;513210;518;5182;51821;518210;61;611;6114;61143;611430","Software","Human Resources Software","Software;Education","Human Resources Software;Training","software","software.hr","35057","https://app.zoominfo.com/#/apps/profile/company/348472522","http://www.linkedin.com/company/schoox","http://www.facebook.com/schoox","http://www.twitter.com/schoox","Private","B2B","Yes","June 08, 2024","6814","0","Private Equity","July 08, 2021","Vista Equity Partners","Vista Equity Partners;PPP","3112 Windsor Rd","Austin","Texas","78703","United States","3112 Windsor Rd, Austin, Texas, 78703, United States","1","","","","","","","instantexportexcel1789639591758"
"17057381","Elixir Technologies","www.elixir.com","315","Employees.250to499","7372","7374","73;737;7372;7374;7379","513210","51321","51;513;5132;51321;513210","Software","Content & Collaboration Software","Software","Content & Collaboration Software","software","software.contentcol","6903747","https://app.zoominfo.com/#/apps/profile/company/17057381","http://www.linkedin.com/company/elixir-technologies","http://www.facebook.com/elixirtech","http://www.twitter.com/elixirbuzz","Private","B2B","Yes","April 22, 2024","0","0","","","","","Elixir Technologies Corp.","Ojai","","93023","United States","Elixir Technologies Corp., Ojai, 93023, United States","2","","","","","","","instantexportexcel1789639591758"
"371547163","Soroco","www.soroco.com","460","Employees.250to499","7371","7372","73;737;7371;7372;7379","513210","541511","51;513;5132;51321;513210;54;541;5415;54151;541511;541512","Software","Storage & System Management Software","Software","Storage & System Management Software;Business Intelligence (BI) Software","software","software.storage","1954272","https://app.zoominfo.com/#/apps/profile/company/371547163","http://www.linkedin.com/company/soroco-pvt-ltd","http://www.facebook.com/soroco-100068958944278","http://www.twitter.com/sorocoglobal","Private","B2B","Yes","May 03, 2024","0","0","","","","","123 South St Ste 4","Boston","Massachusetts","02111","United States","123 South St Ste 4, Boston, Massachusetts, 02111, United States","4","","","","","","","instantexportexcel1789639591758"
"3641104","American Digital Systems","www.adsenv.com","216","Employees.100to249","7371","7372","73;737;7371;7372;7374;7379","513210","518210","51;513;5132;51321;513210;518;5182;51821;518210;54;541;5413;54133;541330","Business Services","Custom Software & IT Services","Business Services;Software","Custom Software & IT Services;Supply Chain Management (SCM) Software","bizservice","bizservice.techconsulting","6063269","https://app.zoominfo.com/#/apps/profile/company/3641104","http://www.linkedin.com/company/ads-environmental-services","http://www.facebook.com/adsenv","http://www.twitter.com/adsenv","Private","B2B","Yes","April 07, 2026","0","0","","","","","340 The Bridge St Ste 204","Huntsville","Alabama","35806","United States","340 The Bridge St Ste 204, Huntsville, Alabama, 35806, United States","2","","","","","","","instantexportexcel1789639591758"
"1125422984","Fi-Tek","www.fi-tek.com","270","Employees.250to499","7371","7372","73;737;7371;7372;7374;7379","513210","518210","51;513;5132;51321;513210;518;5182;51821;518210;54;541;5415;54151;541511;541512","Software","Financial Software","Software","Financial Software","software","software.finance","4546851","https://app.zoominfo.com/#/apps/profile/company/1125422984","http://www.linkedin.com/company/fi-tek","http://www.facebook.com/fitekllc","http://www.twitter.com/eddiewhetzel","Private","B2B","Yes","December 03, 2022","0","0","","","","","333 Thornall St Fl 2","Edison","New Jersey","08837","United States","333 Thornall St Fl 2, Edison, New Jersey, 08837, United States","3","","","","","","","instantexportexcel1789639591758"
"63446905","Itc Global","www.itcglobal.com","251","Employees.250to499","4812","4813","48;481;4812;4813;489;4899;73;737;7379","517121","517410","51;517;5171;51712;517121;5174;51741;517410","Telecommunications","Cable & Satellite","Telecommunications","Cable & Satellite;Internet Service Providers, Website Hosting & Internet-related Services;Telephony & Wireless","telecom","telecom.cable","17855228","https://app.zoominfo.com/#/apps/profile/company/63446905","http://www.linkedin.com/company/itcglobal","http://www.facebook.com/itcglobalus","http://www.twitter.com/itcglobal1","Private","B2B","Yes","November 15, 2022","5450","5450","Private Equity","June 19, 2011","","","3430 S Sam Houston Pkwy E Ste 500","Houston","Texas","77047","United States","3430 S Sam Houston Pkwy E Ste 500, Houston, Texas, 77047, United States","2","","","","","","","instantexportexcel1789639591758"
"357965783","Whova","www.whova.com","213","Employees.100to249","7372","7374","73;737;7372;7374;7379","513210","518210","51;513;5132;51321;513210;518;5182;51821;518210","Software","Content & Collaboration Software","Software","Content & Collaboration Software;Mobile App Development","software","software.contentcol","56622","https://app.zoominfo.com/#/apps/profile/company/357965783","http://www.linkedin.com/company/whova","http://www.facebook.com/whovaapp","http://www.twitter.com/whovasupport","Private","B2B","Yes","July 13, 2024","350","350","Debt","May 01, 2020","PPP","PPP","7310 Miramar Rd Ste 200","San Diego","California","92126","United States","7310 Miramar Rd Ste 200, San Diego, California, 92126, United States","3","","","","","","","instantexportexcel1789639591758"
"455894257","CaptivateIQ","www.captivateiq.com","335","Employees.250to499","7372","7374","73;737;7372;7374","513210","518210","51;513;5132;51321;513210;518;5182;51821;518210","Software","Financial Software","Software","Financial Software;Customer Relationship Management (CRM) Software","software","software.finance","239637","https://app.zoominfo.com/#/apps/profile/company/455894257","http://www.linkedin.com/company/captivateiq","http://www.facebook.com/captivateiq","http://www.twitter.com/captivateiq","Private","B2B","Yes","September 26, 2025","162500","100000","Series C","January 26, 2022","Sapphire Ventures;Sequoia Capital;Accel;ICONIQ Capital","Workday Ventures;S28;Amity;Sequoia Capital Operations LLC;Y Combinator;Sapphire Ventures;Sequoia Capital;Accel;ICONIQ Capital;Amity Ventures;Accel;Y Combinator;Steamboat Ventures;S28 Capital;Amity Ventures;S28 Capital","548 Market St","San Francisco","California","94104","United States","548 Market St, San Francisco, California, 94104, United States","2","","","","","","","instantexportexcel1789639591758"
"354251880","Nerdio","www.getnerdio.com","300","Employees.250to499","7372","7374","73;737;7372;7374;7379","513210","518210","51;513;5132;51321;513210;518;5182;51821;518210;54;541;5415;54151;541512;541513","Software","Storage & System Management Software","Software","Storage & System Management Software","software","software.storage","993266","https://app.zoominfo.com/#/apps/profile/company/354251880","http://www.linkedin.com/company/getnerdio","http://www.facebook.com/getnerdio","http://www.twitter.com/getnerdio","Private","B2B","Yes","March 21, 2025","619750","500000","Series C","March 18, 2025","The Stepstone Group;General Atlantic;Lead Edge Capital","The Stepstone Group;General Atlantic;Lead Edge Capital;Updata Partners;PPP;MK Capital","7061 N Kedzie Ave Ste 515","Chicago","Illinois","60645","United States","7061 N Kedzie Ave Ste 515, Chicago, Illinois, 60645, United States","1","","","","","","","instantexportexcel1789639591758"
"43291505","Curve Dental","www.curvedental.com","210","Employees.100to249","7371","7372","73;737;7371;7372;7374;7379","513210","518210","51;513;5132;51321;513210;518;5182;51821;518210","Software","Healthcare Software","Software","Healthcare Software","software","software.health","2276845","https://app.zoominfo.com/#/apps/profile/company/43291505","http://www.linkedin.com/company/curve-dental-inc.","http://www.facebook.com/curve-dental-120253764660619","http://www.twitter.com/curve_dental","Private","B2B","Yes","May 15, 2024","0","0","Other Financing Round","February 12, 2018","Battery Ventures","Battery Ventures","10745 Westside Way Ste 350","Alpharetta","Georgia","30009","United States","10745 Westside Way Ste 350, Alpharetta, Georgia, 30009, United States","4","","","","","","","instantexportexcel1789639591758"
"50544987","Tideworks Technology","www.tideworks.com","400","Employees.250to499","7371","7372","73;737;7371;7372;7373","513210","51321","51;513;5132;51321;513210","Software","Supply Chain Management (SCM) Software","Software","Supply Chain Management (SCM) Software","software","software.scm","119369","https://app.zoominfo.com/#/apps/profile/company/50544987","http://www.linkedin.com/company/tideworks-technology","","http://www.twitter.com/tideworks","Private","B2B","Yes","July 03, 2024","0","0","","","","","1131 SW Klickitat Way","Seattle","Washington","98134","United States","1131 SW Klickitat Way, Seattle, Washington, 98134, United States","7","","","","","","","instantexportexcel1789639591758"
"83788446","Newforma","www.newforma.com","237","Employees.100to249","7371","7372","73;737;7371;7372;7379","541511","541519","54;541;5415;54151;541511;541519","Software","Content & Collaboration Software","Software","Content & Collaboration Software","software","software.contentcol","1374077","https://app.zoominfo.com/#/apps/profile/company/83788446","http://www.linkedin.com/company/newforma-inc","http://www.facebook.com/newforma-inc-802069243180740","http://www.twitter.com/newforma","Private","B2B","Yes","March 14, 2024","25100","0","Debt","April 10, 2023","Barings BDC","North Bridge;Borealis Ventures;Barings BDC;Kodiak Venture Partners;Borealis Ventures;Kodiak Venture Partners;Borealis Ventures;Kodiak Venture Partners;Borealis Ventures;North Bridge Venture Partners & Growth Equity","225 Franklin St Fl 27","Boston","Massachusetts","02110","United States","225 Franklin St Fl 27, Boston, Massachusetts, 02110, United States","3","","","","","","","instantexportexcel1789639591758"
"353877852","Tango Card","www.tangocard.com","250","Employees.250to499","7371","7372","73;737;7371;7372;7374;7379","541511","54151","54;541;5415;54151;541511","Software","Financial Software","Software","Financial Software;Mobile App Development","software","software.finance","84211","https://app.zoominfo.com/#/apps/profile/company/353877852","http://www.linkedin.com/company/tango-card-inc","http://www.facebook.com/tangocard","http://www.twitter.com/tangocard","Private","B2B","Yes","September 25, 2025","60341","34999","Private Equity","May 21, 2018","FTV Capital","FTV Capital;Western Technology Investment;Western Technology Investment;Floodgate;Innovation Endeavors;Allegro Venture Partners;Innovation Endeavors;Western Technology Investment","4700 42nd Ave SW Ste 430A","Seattle","Washington","98116","United States","4700 42nd Ave SW Ste 430A, Seattle, Washington, 98116, United States","3","","","","","","","instantexportexcel1789639591758"
"359528228","Gloat","www.gloat.com","258","Employees.250to499","7371","7372","73;737;7371;7372;7379","541511","54151","54;541;5415;54151;541511","Software","Human Resources Software","Software;Business Services","Human Resources Software;HR & Staffing","software","software.hr","523205","https://app.zoominfo.com/#/apps/profile/company/359528228","http://www.linkedin.com/company/gloat","http://www.facebook.com/workey","http://www.twitter.com/gloat_com","Private","B2B","Yes","June 22, 2023","180000","90000","Series D","June 28, 2022","Accel;Eight Roads;Intel Capital;Generation Investment Management","PICO Partners;Magma Venture Partners;Eight Roads Ventures;Intel Capital;Magma Venture Partners;PICO Capital Partners;Intel Capital;Accel;Magma Venture Partners;PICO Venture Partners;Eight Roads Ventures;Accel;Eight Roads;Intel Capital;Generation Investment Management","33 Irving Pl","New York","New York","10003","United States","33 Irving Pl, New York, New York, 10003, United States","2","","","","","","","instantexportexcel1789639591758"
"344613672","Calm","www.calm.com","310","Employees.250to499","7372","7379","73;737;7372;7379","513210","51321","51;513;5132;51321;513210","Software","Mobile App Development","Software","Mobile App Development","software","software.app","18383","https://app.zoominfo.com/#/apps/profile/company/344613672","http://www.linkedin.com/company/calm-com","http://www.facebook.com/calm","http://www.twitter.com/calm","Private","B2B","Yes","January 13, 2026","212578","75000","Series C","December 08, 2020","Lightspeed Venture Partners;TPG;Marc Benioff;Insight Venture Partners;Goldman Sachs Asset Management","Lightspeed Venture Partners;TPG;Marc Benioff;Insight Venture Partners;Goldman Sachs Asset Management;Sound Ventures;Monkfish Equity;TPG Growth;Powerhouse Capital;Lightspeed Venture Partners","77 Geary St Fl 3","San Francisco","California","94108","United States","77 Geary St Fl 3, San Francisco, California, 94108, United States","2","","","","","","","instantexportexcel1789639591758"
"566147182","Relay","www.relaypro.com","250","Employees.250to499","7372","7374","73;737;7372;7374","513210","518210","51;513;5132;51321;513210;518;5182;51821;518210","Software","Business Intelligence (BI) Software","Software","Business Intelligence (BI) Software","software","software.bi","1815670","https://app.zoominfo.com/#/apps/profile/company/566147182","http://www.linkedin.com/company/relaypro","","","Private","B2B","Yes","December 09, 2025","90061","42061","Stock/Share Issuance","May 05, 2026","","Wind River Ventures;Wind River Ventures;Sovereign's Capital","4200 Six Forks Rd Ste 1800","Raleigh","North Carolina","27609","United States","4200 Six Forks Rd Ste 1800, Raleigh, North Carolina, 27609, United States","1","","","","","","","instantexportexcel1789639591758"
"465902371","Jellyfish","www.jellyfish.co","263","Employees.250to499","7371","7372","73;737;7371;7372;7379","513210","518210","51;513;5132;51321;513210;518;5182;51821;518210","Software","Engineering Software","Software","Engineering Software","software","software.eng","550157","https://app.zoominfo.com/#/apps/profile/company/465902371","http://www.linkedin.com/company/jellyfish-co","http://www.facebook.com/jellyfishhq","http://www.twitter.com/jellyfishhq","Private","B2B","Yes","November 13, 2023","114500","71000","Series C","February 01, 2022","Accel;Tiger Global Management;Insight Partners","Accel;Tiger Global Management;Insight Partners;Accel Partners BV;Insight Partners;Wing Companies;Wing Companies;Accel","141 Tremont St Fl 6","Boston","Massachusetts","02111","United States","141 Tremont St Fl 6, Boston, Massachusetts, 02111, United States","1","","","","","","","instantexportexcel1789639591758"
"448365889","Chiliz","www.chiliz.com","411","Employees.250to499","7372","7374","73;737;7372;7374;7379","513210","518210","51;513;5132;51321;513210;518;5182;51821;518210","Software","Mobile App Development","Software","Mobile App Development","software","software.app","429636","https://app.zoominfo.com/#/apps/profile/company/448365889","http://www.linkedin.com/company/chilizdotcom","http://www.facebook.com/chilizdotcom","http://www.twitter.com/chiliz","Private","B2B","Yes","April 04, 2021","0","0","","","","","","Malta","Illinois","60150","United States","Malta, Illinois, 60150, United States","","","","","","","","instantexportexcel1789639591758"
"368270164","MaxxSouth Broadband","www.maxxsouth.com","287","Employees.250to499","4813","4841","48;481;4813;484;4841","517111","51711","51;517;5171;51711;517111","Telecommunications","Cable & Satellite","Telecommunications","Cable & Satellite;Internet Service Providers, Website Hosting & Internet-related Services;Telephony & Wireless","telecom","telecom.cable","1697300","https://app.zoominfo.com/#/apps/profile/company/368270164","http://www.linkedin.com/company/maxxsouth","http://www.facebook.com/maxxsouthbroadband","http://www.twitter.com/maxxsouth","Private","B2B","Yes","February 09, 2024","150","150","Debt","April 13, 2020","PPP","PPP","110 Canal Pl","Philadelphia","Mississippi","39350","United States","110 Canal Pl, Philadelphia, Mississippi, 39350, United States","9","","","","","","","instantexportexcel1789639591758"
"481645312","Spectro Cloud","www.spectrocloud.com","220","Employees.100to249","7374","737","73;737;7374","541511","54151","54;541;5415;54151;541511","Software","Storage & System Management Software","Software","Storage & System Management Software","software","software.storage","870521","https://app.zoominfo.com/#/apps/profile/company/481645312","http://www.linkedin.com/company/spectro-cloud","http://www.facebook.com/spectrocloud","http://www.x.com/spectrocloudinc","Private","B2B","Yes","July 16, 2026","235000","100000","Series D","July 15, 2026","Maximus;Goldman Sachs Growth Equity;LG Technology Ventures;Amd Ventures","WestWave Capital;Firebolt Ventures;Alter Venture Partners;T-Mobile Ventures;Stripes Group;Maximus;Goldman Sachs Growth Equity;LG Technology Ventures;Amd Ventures;Stripes Group;Goldman Sachs","1731 Technology Dr Ste 650","San Jose","California","95110","United States","1731 Technology Dr Ste 650, San Jose, California, 95110, United States","5","","","","","","","instantexportexcel1789639591758"
"464772780","Salt","salt.security","210","Employees.100to249","7372","7379","73;737;7372;7379","513210","51321","51;513;5132;51321;513210","Software","Security Software","Software","Security Software","software","software.security","1206161","https://app.zoominfo.com/#/apps/profile/company/464772780","http://www.linkedin.com/company/saltsecurity","http://www.facebook.com/saltapiprotectioninc","http://www.twitter.com/saltsecurity","Private","B2B","Yes","September 26, 2025","270000","0","Private Equity","September 19, 2022","Crowdstrike","S Capital VC;Y Combinator;Tenaya Capital Inc;Sequoia Capital Operations LLC;S Capital;DFJ Growth;Tenaya Capital;Advent;CapitalG Management;Sequoia Capital;Y Combinator;Alkeon Capital Management;DFJ Growth;Alkeon Capital Management;Tenaya Capital;Advent;Sequoia Capital;Crowdstrike;S Capital;Marius Nacht;Kevin Mahaffey;Tenaya Capital;Haim Sadger;René Bonvanie;Aya Peterburg;Marius Nacht","3921 Fabian Way","Palo Alto","California","94303","United States","3921 Fabian Way, Palo Alto, California, 94303, United States","1","","","","","","","instantexportexcel1789639591758"
"370846594","Squire Technologies","www.getsquire.com","500","Employees.500to999","7372","7374","73;737;7372;7374;7379","513210","518210","51;513;5132;51321;513210;518;5182;51821;518210","Software","Enterprise Resource Planning (ERP) Software","Software","Enterprise Resource Planning (ERP) Software;Customer Relationship Management (CRM) Software;Mobile App Development","software","software.erp","23287","https://app.zoominfo.com/#/apps/profile/company/370846594","http://www.linkedin.com/company/5160648","http://www.facebook.com/squiretechnologies","http://www.twitter.com/getsquire","Private","B2B","Yes","December 25, 2024","196000","35000","Debt","October 30, 2024","Silicon Valley Bank","Trinity Ventures;645 Ventures;Y Combinator;New General Market Partners;Bluefog Capital;Altair Capital;Trinity Ventures;Tiger Global;Charles River Ventures;ICONIQ Capital;Silicon Valley Bank;ICONIQ Capital LLC;Comcast Ventures;Trinity Ventures;CRV;645 Ventures;Charles Phillips;San Francisco 49ers;Tiger Global;Y Combinator","216 Bowery Fl 3","New York","New York","10012","United States","216 Bowery Fl 3, New York, New York, 10012, United States","2","","","","","","","instantexportexcel1789639591758"
"41566249","Way.com","www.way.com","469","Employees.250to499","4729","7372","47;472;4729;73;737;7372;7374;7379","561599","56159","56;561;5615;56159;561599","Media & Internet","Ticket Sales","Media & Internet","Ticket Sales;Data Collection & Internet Portals","media","media.ticketsales","34627","https://app.zoominfo.com/#/apps/profile/company/41566249","http://www.linkedin.com/company/way-com","http://www.facebook.com/way.com1","http://www.twitter.com/waycom_","Private","B2B","Yes","June 29, 2024","957","607","Debt","January 19, 2021","PPP","PPP;PPP","47627 Lakeview Blvd","Fremont","California","94538","United States","47627 Lakeview Blvd, Fremont, California, 94538, United States","1","","","","","","","instantexportexcel1789639591758"
"566140598","Lumos","www.lumosfiber.com","375","Employees.250to499","4813","481","48;481;4813","517111","51711","51;517;5171;51711;517111","Telecommunications","Internet Service Providers, Website Hosting & Internet-related Services","Telecommunications","Internet Service Providers, Website Hosting & Internet-related Services","telecom","telecom.internet","261076","https://app.zoominfo.com/#/apps/profile/company/566140598","http://www.linkedin.com/company/lumosfiber","","","Private","B2B","Yes","December 09, 2025","247200","246000","Unspecified","December 16, 2024","","","111 N Main St","High Point","North Carolina","27260","United States","111 N Main St, High Point, North Carolina, 27260, United States","7","","","","","","","instantexportexcel1789639591758"
"346608384","Vectorworks","www.vectorworks.net","323","Employees.250to499","7372","7379","73;737;7372;7379","513210","51321","51;513;5132;51321;513210","Software","Engineering Software","Software","Engineering Software","software","software.eng","124679","https://app.zoominfo.com/#/apps/profile/company/346608384","http://www.linkedin.com/company/vectorworks-inc","http://www.facebook.com/vectorworks","http://www.x.com/vectorworks","Private","B2B","Yes","February 18, 2026","0","0","","","","","8621 Robert Fulton Dr Ste 200","Columbia","Maryland","21046","United States","8621 Robert Fulton Dr Ste 200, Columbia, Maryland, 21046, United States","3","","","","","","","instantexportexcel1789639591758"
"1786069","American Innovations","www.aiworldwide.com","293","Employees.250to499","7371","7372","73;737;7371;7372;7373;7374","541511","541512","54;541;5415;54151;541511;541512","Software","Supply Chain Management (SCM) Software","Software;Manufacturing","Supply Chain Management (SCM) Software;Test & Measurement Equipment","software","software.scm","2623748","https://app.zoominfo.com/#/apps/profile/company/1786069","http://www.linkedin.com/company/american-innovations","http://www.facebook.com/americaninnovations","http://www.twitter.com/aiworldwide","Private","B2B","Yes","June 25, 2021","2000","2000","Debt","April 12, 2020","PPP","PPP","12211 Technology Blvd Ste 100","Austin","Texas","78727","United States","12211 Technology Blvd Ste 100, Austin, Texas, 78727, United States","2","","","","","","","instantexportexcel1789639591758"
"346293276","Jotform","www.jotform.com","450","Employees.250to499","7372","7374","73;737;7372;7374;7379","513210","518210","51;513;5132;51321;513210;518;5182;51821;518210","Software","Content & Collaboration Software","Software","Content & Collaboration Software","software","software.contentcol","1519","https://app.zoominfo.com/#/apps/profile/company/346293276","http://www.linkedin.com/company/jotform","http://www.facebook.com/jotform","http://www.twitter.com/jotform","Private","B2B","Yes","December 09, 2025","0","0","","","","","4 Embarcadero Ctr Ste 780","San Francisco","California","94111","United States","4 Embarcadero Ctr Ste 780, San Francisco, California, 94111, United States","1","","","","","","","instantexportexcel1789639591758"
"1135947682","RethinkFirst","www.rethinkfirst.com","400","Employees.250to499","7372","737","73;737;7372","513210","51321","51;513;5132;51321;513210","Software","Business Intelligence (BI) Software","Software","Business Intelligence (BI) Software","software","software.bi","642103","https://app.zoominfo.com/#/apps/profile/company/1135947682","http://www.linkedin.com/company/rethink-first","http://www.facebook.com/rethinkfirst","http://www.twitter.com/rethink_first","Private","B2B","Yes","June 26, 2024","0","0","","","","","49 W 27th St Fl 8","New York","New York","10001","United States","49 W 27th St Fl 8, New York, New York, 10001, United States","1","","","","","","","instantexportexcel1789639591758"
"408761704","CreatorIQ","www.creatoriq.com","200","Employees.100to249","7372","7374","73;737;7372;7374;7379","513210","518210","51;513;5132;51321;513210;518;5182;51821;518210","Software","Customer Relationship Management (CRM) Software","Software","Customer Relationship Management (CRM) Software","software","software.crm","186822","https://app.zoominfo.com/#/apps/profile/company/408761704","http://www.linkedin.com/company/creatoriq","http://www.facebook.com/creatoriq","http://www.twitter.com/creatoriq","Private","B2B","Yes","September 25, 2023","76000","40000","Unspecified","September 14, 2021","Kayne Anderson Capital Advisors;Affinity Group;VC Capital","Undisclosed;Affinity Group;Unilever Ventures;Evolution Media;TVC Capital;TPG Growth;Kayne Anderson Capital Advisors;Affinity Group;VC Capital;Evolution Media","600 Corporate Pointe Ste 210","Culver City","California","90230","United States","600 Corporate Pointe Ste 210, Culver City, California, 90230, United States","1","","","","","","","instantexportexcel1789639591758"
"235978784","SupplyFrame","www.supplyframe.com","311","Employees.250to499","7372","7374","73;737;7372;7374;7379","513210","518210","51;513;5132;51321;513210;518;5182;51821;518210;54;541;5415;54151;541511;541512","Software","Supply Chain Management (SCM) Software","Software;Media & Internet","Supply Chain Management (SCM) Software;Data Collection & Internet Portals;Newspapers & News Services","software","software.scm","137712","https://app.zoominfo.com/#/apps/profile/company/235978784","http://www.linkedin.com/company/28543","http://www.facebook.com/supplyframe","http://www.twitter.com/supplyframe","Private","B2B","Yes","June 02, 2026","8500","1500","Unspecified","May 06, 2009","Clearstone Venture Partners;Arcturus Capital;U.S. Venture Partners","Clearstone Venture Partners;Arcturus Capital;U.S. Venture Partners;CommerceNet;Clearstone Venture Partners","61 S Fair Oaks Ave Ste 200","Pasadena","California","91105","United States","61 S Fair Oaks Ave Ste 200, Pasadena, California, 91105, United States","1","","","","","","","instantexportexcel1789639591758"
"451918680","SMA Technologies","www.smatechnologies.com","200","Employees.100to249","7371","7372","73;737;7371;7372;7379","513210","518210","51;513;5132;51321;513210;518;5182;51821;518210;54;541;5415;54151;541511;541512","Software","Storage & System Management Software","Software","Storage & System Management Software","software","software.storage","5719996","https://app.zoominfo.com/#/apps/profile/company/451918680","http://www.linkedin.com/company/sma-technologies","http://www.facebook.com/smatechnologies","http://www.twitter.com/smaautomation","Private","B2B","Yes","January 30, 2024","2000","0","Other Financing Round","September 29, 2022","Thoma Bravo","PPP;Thoma Bravo;ParkerGale LLC","1201 Fannin St Ste 202","Houston","Texas","77002","United States","1201 Fannin St Ste 202, Houston, Texas, 77002, United States","5","","","","","","","instantexportexcel1789639591758"
"346003061","Betterworks","www.betterworks.com","200","Employees.100to249","7371","737","73;737;7371","541511","541519","54;541;5415;54151;541511;541519","Software","Human Resources Software","Software","Human Resources Software","software","software.hr","230980","https://app.zoominfo.com/#/apps/profile/company/346003061","http://www.linkedin.com/company/betterworks","http://www.facebook.com/betterworks","http://www.twitter.com/betterworks","Private","B2B","Yes","April 11, 2024","108947","61000","Unspecified","May 19, 2021","","Kleiner, Perkins, Caufield and Byers;Emergence Capital Partners;AME Cloud Ventures;Kleiner, Perkins, Caufield and Byers;8VC;Pejman Mar Ventures;Ff Venture Capital;Kleiner Perkins Caufield & Byers;Formation8","101 Jefferson Dr Fl 1","Menlo Park","California","94025","United States","101 Jefferson Dr Fl 1, Menlo Park, California, 94025, United States","2","","","","","","","instantexportexcel1789639591758"
"564798173","Backlight","www.backlight.co","361","Employees.250to499","7371","7372","73;737;7371;7372;7379","513210","551112","51;513;5132;51321;513210;55;551;5511;55111;551112","Holding Companies & Conglomerates","","Holding Companies & Conglomerates;Software","Multimedia, Games & Graphics Software","conglomerate","","2147923","https://app.zoominfo.com/#/apps/profile/company/564798173","http://www.linkedin.com/company/backlight-co","","http://www.twitter.com/backlight","Private","B2B","Yes","October 30, 2023","200000","200000","Private Equity","April 12, 2022","PSG Group","PSG Group","450 Bedford St Ste 2200","Lexington","Massachusetts","02420","United States","450 Bedford St Ste 2200, Lexington, Massachusetts, 02420, United States","1","","","","","","","instantexportexcel1789639591758"
"37258838","Karmak","www.karmak.com","250","Employees.250to499","7371","7372","73;737;7371;7372;7379","513210","541511","51;513;5132;51321;513210;54;541;5415;54151;541511;541512;541513","Software","Enterprise Resource Planning (ERP) Software","Software","Enterprise Resource Planning (ERP) Software","software","software.erp","8588803","https://app.zoominfo.com/#/apps/profile/company/37258838","http://www.linkedin.com/company/karmak","http://www.facebook.com/karmaktech","http://www.twitter.com/karmaktech","Private","B2B","Yes","July 03, 2024","2000","2000","Debt","April 09, 2020","PPP","PPP","1 Karmak","Carlinville","Illinois","62626","United States","1 Karmak, Carlinville, Illinois, 62626, United States","5","","","","","","","instantexportexcel1789639591758"
"353898869","AutoAlert","www.autoalert.com","350","Employees.250to499","7372","7374","73;737;7372;7374;7379","513210","518210","51;513;5132;51321;513210;518;5182;51821;518210;54;541;5415;54151;541511;541512","Software","Customer Relationship Management (CRM) Software","Software","Customer Relationship Management (CRM) Software","software","software.crm","856026","https://app.zoominfo.com/#/apps/profile/company/353898869","http://www.linkedin.com/company/autoalertllc","http://www.facebook.com/autoalertllc","http://www.twitter.com/autoalertcxm","Private","B2B","Yes","October 04, 2023","0","0","Private Equity","March 31, 2014","HGGC","HGGC","114 W 11th St Ste 300","Kansas City","Missouri","64105","United States","114 W 11th St Ste 300, Kansas City, Missouri, 64105, United States","1","","","","","","","instantexportexcel1789639591758"
"467845440","Arcoro","www.arcoro.com","250","Employees.250to499","7372","7374","73;737;7372;7374;7379","513210","518210","51;513;5132;51321;513210;518;5182;51821;518210","Software","Human Resources Software","Software","Human Resources Software","software","software.hr","288778","https://app.zoominfo.com/#/apps/profile/company/467845440","http://www.linkedin.com/company/arcorohr","http://www.facebook.com/arcorohr","http://www.twitter.com/arcorohr","Private","B2B","Yes","June 21, 2022","0","0","","","","","14500 N Northsight Blvd Ste 320","Scottsdale","Arizona","85260","United States","14500 N Northsight Blvd Ste 320, Scottsdale, Arizona, 85260, United States","3","","","","","","","instantexportexcel1789639591758"
"37666921","Tebis","www.tebis.com","222","Employees.100to249","7371","7372","73;737;7371;7372;7379","513210","541511","51;513;5132;51321;513210;54;541;5415;54151;541511;541512;541519","Software","Engineering Software","Software","Engineering Software","software","software.eng","1602943","https://app.zoominfo.com/#/apps/profile/company/37666921","http://www.linkedin.com/company/tebicon-tebis-consulting","http://www.facebook.com/tebisag","http://www.twitter.com/tebisuk","Private","B2B","Yes","September 20, 2023","0","0","","","","","Puma Way","Coventry","Vermont","05825","United States","Puma Way, Coventry, Vermont, 05825, United States","10","","","","","","","instantexportexcel1789639591758"
"353712974","Route","www.route.com","300","Employees.250to499","7372","7374","73;737;7372;7374","513210","518210","51;513;5132;51321;513210;518;5182;51821;518210","Software","Supply Chain Management (SCM) Software","Software","Supply Chain Management (SCM) Software;Mobile App Development","software","software.scm","46253","https://app.zoominfo.com/#/apps/profile/company/353712974","http://www.linkedin.com/company/route-app","http://www.facebook.com/gorouteapp","","Private","B2B","Yes","February 02, 2024","240000","40000","Series C","June 26, 2024","Madrona Venture Group;Jaws Ventures","Madrona Venture Group;Jaws Ventures;Eldridge Industries;Madrona Venture Group","1441 W Innovation Way","Lehi","Utah","84043","United States","1441 W Innovation Way, Lehi, Utah, 84043, United States","1","","","","","","","instantexportexcel1789639591758"
"552688045","Safe Securities","safe.security","200","Employees.100to249","7372","7379","73;737;7372;7379","513210","518210","51;513;5132;51321;513210;518;5182;51821;518210","Software","Security Software","Software","Security Software","software","software.security","1022515","https://app.zoominfo.com/#/apps/profile/company/552688045","http://www.linkedin.com/company/safecrq","","http://www.x.com/safecrq","Private","B2B","Yes","August 01, 2025","153000","70000","Series C","July 31, 2025","NextEquity Partners;Eight Roads Ventures;Susquehanna International Group;Avataar Ventures;Sorenson Capital;Prosperity7 Ventures","BT;NextEquity Partners;Eight Roads Ventures;Susquehanna International Group;Avataar Ventures;Sorenson Capital;Prosperity7 Ventures;Sorenson Capital;T Ventures Management;WTI;Eight Roads","3000 Ei Camino Real Building 4 Ste 200","Palo Alto","California","94306","United States","3000 Ei Camino Real Building 4 Ste 200, Palo Alto, California, 94306, United States","2","","","","","","","instantexportexcel1789639591758"
"13631716","Exostar","www.exostar.com","224","Employees.100to249","7372","7374","73;737;7372;7374;7379","513210","518210","51;513;5132;51321;513210;518;5182;51821;518210","Software","Content & Collaboration Software","Software","Content & Collaboration Software;Security Software","software","software.contentcol","149727","https://app.zoominfo.com/#/apps/profile/company/13631716","http://www.linkedin.com/company/exostar","http://www.facebook.com/exostarllc","http://www.twitter.com/exostar","Private","B2B","Yes","June 25, 2024","15000","0","Private Equity","July 07, 2020","Thoma Bravo LLC","Thoma Bravo LLC;Merck Global Health Innovation Fund","2325 Dulles Corner Blvd Ste 600","Herndon","Virginia","20171","United States","2325 Dulles Corner Blvd Ste 600, Herndon, Virginia, 20171, United States","1","","","","","","","instantexportexcel1789639591758"
"560059586","Chainguard","chainguard.dev","473","Employees.250to499","7371","7372","73;737;7371;7372;7379","541519","54151","54;541;5415;54151;541519","Software","Security Software","Software","Security Software","software","software.security","1096012","https://app.zoominfo.com/#/apps/profile/company/560059586","http://www.linkedin.com/company/chainguard-dev","","http://www.x.com/chainguard_dev","Private","B2B","Yes","May 29, 2026","892000","280000","Private Equity","October 22, 2025","General Catalyst","K5/JPMC;Square;Banana Capital;Google;Sequoia Capital;Mantis Venture Capital;Amplify;LiveOak Venture Partners;Spark Capital;Banana Capital;Sequoia Capital;Amplify Partners;Salesforce Ventures;IVP;Datadog;Kleiner Perkins;Spark Capital;Redpoint Ventures;Amplify;Sequoia Capital;Lightspeed Venture Partners;IVP;Stephen Augustus;Maya Kaczorowski;Joe Duffy;Eric Brewer;Brandon Phillips;Solomon Boulos;Amplify Partners;Gordon Chaffee;General Catalyst","810 7th St S","Kirkland","Washington","98033","United States","810 7th St S, Kirkland, Washington, 98033, United States","1","","","","","","","instantexportexcel1789639591758"
"346536699","PakEnergy","www.pakenergy.com","200","Employees.100to249","7371","7372","73;737;7371;7372;7374","513210","51321","51;513;5132;51321;513210","Software","Enterprise Resource Planning (ERP) Software","Software","Enterprise Resource Planning (ERP) Software;Financial Software","software","software.erp","3027405","https://app.zoominfo.com/#/apps/profile/company/346536699","http://www.linkedin.com/company/pak-energy","","http://www.twitter.com/pakenergyllc","Private","B2B","Yes","June 26, 2024","0","0","","","","","500 Chestnut St Ste 500","Abilene","Texas","79602","United States","500 Chestnut St Ste 500, Abilene, Texas, 79602, United States","1","","","","","","","instantexportexcel1789639591758"
"21498108","Deque","www.deque.com","249","Employees.100to249","7371","7372","73;737;7371;7372;7379","513210","541511","51;513;5132;51321;513210;54;541;5415;54151;541511;541512;541519","Software","Security Software","Software;Business Services","Security Software;Custom Software & IT Services","software","software.security","339371","https://app.zoominfo.com/#/apps/profile/company/21498108","http://www.linkedin.com/company/deque-systems-inc","","http://www.twitter.com/dequesystems","Private","B2B","Yes","June 11, 2024","2000","2000","Debt","May 03, 2020","PPP","PPP","13800 Coppermine Rd","Herndon","Virginia","20171","United States","13800 Coppermine Rd, Herndon, Virginia, 20171, United States","3","","","","","","","instantexportexcel1789639591758"
"371581430","AutoFi","www.autofi.com","211","Employees.100to249","7371","7372","73;737;7371;7372;7374","518210","541511","51;518;5182;51821;518210;54;541;5415;54151;541511","Software","Financial Software","Software","Financial Software","software","software.finance","804606","https://app.zoominfo.com/#/apps/profile/company/371581430","http://www.linkedin.com/company/autofi","http://www.facebook.com/getautofi","http://www.twitter.com/autofi_inc","Private","B2B","Yes","February 15, 2024","117316","85000","Other Financing Round","March 07, 2022","Crosslink Capital;Santander Holdings USA;Silicon Valley Bank;SVB Financial Group","Crosslink Capital;Lerer Hippeau Ventures;FJ Labs;Max Ventures;500.com;Laconia Ventures;Eniac Ventures;Fabrice Grinda;Basset Investment Group;Lerer Hippeau Ventures;Sandy Cass;Crosslink Capital;Crosslink Capital;Lerer Hippeau Ventures;Crosslink Capital;Santander Holdings USA;Silicon Valley Bank;SVB Financial Group;Santander Consumer USA Holdings Inc","548 Market St Pmb 22502","San Francisco","California","94104","United States","548 Market St Pmb 22502, San Francisco, California, 94104, United States","1","","","","","","","instantexportexcel1789639591758"
"545842613","ArmorCode","www.armorcode.com","200","Employees.100to249","7371","7372","73;737;7371;7372;7379","513210","518210","51;513;5132;51321;513210;518;5182;51821;518210","Software","Security Software","Software","Security Software","software","software.security","3006867","https://app.zoominfo.com/#/apps/profile/company/545842613","http://www.linkedin.com/company/armorcode","","http://www.x.com/code_armor","Private","B2B","Yes","March 06, 2026","81000","16000","Other Financing Round","March 02, 2026","Harmonic Growth Partners;Tau Ventures;Cheyenne Partners;Sierra Ventures;Ballistic Ventures;Highland Capital Partners;Cervin Ventures;NGP Capital","NGP Capital;Sierra Ventures;Ballistic Ventures;Cervin Ventures;Harmonic Growth Partners;Tau Ventures;Cheyenne Partners;Sierra Ventures;Ballistic Ventures;Highland Capital Partners;Cervin Ventures;NGP Capital;Cervin Ventures;Z5 Venture Capital;Prithvi Rai;Tau Ventures;Sierra Ventures;Andreas Kuehlmann;Sierra Ventures;Ballistic Ventures","2100 Geng Rd Ste 210","Palo Alto","California","94303","United States","2100 Geng Rd Ste 210, Palo Alto, California, 94303, United States","1","","","","","","","instantexportexcel1789639591758"
"463956970","Retool","www.retool.com","350","Employees.250to499","7371","7372","73;737;7371;7372;7379","541511","541519","54;541;5415;54151;541511;541519","Software","Engineering Software","Software","Engineering Software","software","software.eng","37367","https://app.zoominfo.com/#/apps/profile/company/463956970","http://www.linkedin.com/company/tryretool","http://www.facebook.com/retoolapp","http://www.twitter.com/retool","Private","B2B","Yes","September 25, 2025","135000","65000","Series C","July 28, 2022","Elad Gil;Nat Friedman;Daniel Gross;Sequoia Capital;Caryn Marooney","Elad Gil;Nat Friedman;Daniel Gross;Sequoia Capital;Caryn Marooney;Stripe;Plaid;Segment;PagerDuty;Y Combinator;GitHub;Gusto;Steamboat Ventures;Steamboat Ventures","1550 Bryant St","San Francisco","California","94103","United States","1550 Bryant St, San Francisco, California, 94103, United States","1","","","","","","","instantexportexcel1789639591758"
"348167011","VirtuOx","www.virtuox.net","385","Employees.250to499","7372","7374","73;737;7372;7374;80;807;8071;809;8099","513210","518210","51;513;5132;51321;513210;518;5182;51821;518210;54;541;5415;54151;541511;541512","Software","Healthcare Software","Software;Healthcare Services","Healthcare Software;Medical Laboratories & Imaging Centers","software","software.health","1588245","https://app.zoominfo.com/#/apps/profile/company/348167011","http://www.linkedin.com/company/virtuox-inc-","http://www.facebook.com/virtuox-inc-448105295273195","http://www.x.com/virtuox","Private","B2B","Yes","April 07, 2026","1000","1000","Debt","April 11, 2020","PPP","PPP","5850 Coral Ridge Dr Ste 304","Coral Springs","Florida","33076","United States","5850 Coral Ridge Dr Ste 304, Coral Springs, Florida, 33076, United States","2","","","","","","","instantexportexcel1789639591758"
"355642030","CINC","www.cincpro.com","209","Employees.100to249","7371","7372","73;737;7371;7372;7379","513210","541511","51;513;5132;51321;513210;54;541;5415;54151;541511","Software","Customer Relationship Management (CRM) Software","Software;Business Services","Customer Relationship Management (CRM) Software;Custom Software & IT Services","software","software.crm","1072784","https://app.zoominfo.com/#/apps/profile/company/355642030","http://www.linkedin.com/company/cincpro","http://www.facebook.com/cincpro","http://www.twitter.com/cincpro","Private","B2B","Yes","August 01, 2025","0","0","Other Financing Round","March 02, 2015","Serent Capital","Serent Capital","300 Galleria Pkwy SE Ste 1500","Atlanta","Georgia","30339","United States","300 Galleria Pkwy SE Ste 1500, Atlanta, Georgia, 30339, United States","1","","","","","","","instantexportexcel1789639591758"
"358829136","edX","www.edx.org","384","Employees.250to499","7999","8221","7999;82;822;8221;829","611699","61169","61;611;6116;61169;611699","Education","Training","Education;Software","Training;Content & Collaboration Software;Mobile App Development","education","education.training","4006","https://app.zoominfo.com/#/apps/profile/company/358829136","http://www.linkedin.com/company/edx","http://www.facebook.com/edxonline","http://www.twitter.com/edxonline","Private","B2B","Yes","January 07, 2025","0","0","","","","","7900 Harkins Rd","Lanham","Maryland","20709","United States","7900 Harkins Rd, Lanham, Maryland, 20709, United States","3","","","","","","","instantexportexcel1789639591758"
"80462028","StarRez","www.starrez.com","200","Employees.100to249","7371","7372","73;737;7371;7372;7379","513210","518210","51;513;5132;51321;513210;518;5182;51821;518210","Software","Enterprise Resource Planning (ERP) Software","Software","Enterprise Resource Planning (ERP) Software","software","software.erp","1456886","https://app.zoominfo.com/#/apps/profile/company/80462028","http://www.linkedin.com/company/starrez-inc","","http://www.twitter.com/starrez","Private","B2B","Yes","May 07, 2024","1000","0","Private Equity","January 14, 2022","Vista Equity Partners","PPP;Vista Equity Partners","6100 Greenwood Plaza Blvd","Greenwood Village","Colorado","80111","United States","6100 Greenwood Plaza Blvd, Greenwood Village, Colorado, 80111, United States","3","","","","","","","instantexportexcel1789639591758"
"359474303","LotusFlare","www.lotusflare.com","330","Employees.250to499","7371","7372","73;737;7371;7372;7379","513210","518210","51;513;5132;51321;513210;518;5182;51821;518210","Software","Supply Chain Management (SCM) Software","Software","Supply Chain Management (SCM) Software;Mobile App Development","software","software.scm","3824472","https://app.zoominfo.com/#/apps/profile/company/359474303","http://www.linkedin.com/company/lotusflare","http://www.facebook.com/lifeatlotusflare","http://www.twitter.com/lotus_flare","Private","B2B","Yes","January 11, 2024","12483","483","Debt","February 19, 2021","PPP","Google Ventures;Social+Capital;Metamorphic Ventures;Social Capital;PPP;MDI Ventures","2880 Lakeside Dr Ste 331","Santa Clara","California","95054","United States","2880 Lakeside Dr Ste 331, Santa Clara, California, 95054, United States","1","","","","","","","instantexportexcel1789639591758"
"558106318","Everstream Analytics","www.everstream.ai","218","Employees.100to249","7371","7372","73;737;7371;7372;7374;7379","541519","54151","54;541;5415;54151;541519","Software","Supply Chain Management (SCM) Software","Software;Business Services","Supply Chain Management (SCM) Software;Business Intelligence (BI) Software;Management Consulting","software","software.scm","1637687","https://app.zoominfo.com/#/apps/profile/company/558106318","http://www.linkedin.com/company/everstreamai","","http://www.twitter.com/everstreamai","Private","B2B","Yes","May 09, 2024","74000","50000","Series B","April 04, 2023","Morgan Stanley Investment Management;StepStone Group;Columbia Capital","Morgan Stanley Investment Management;StepStone Group;Columbia Capital;StepStone Group;Morgan Stanley;Columbia Capital;DHL International","251 North City Dr","San Marcos","California","92078","United States","251 North City Dr, San Marcos, California, 92078, United States","3","","","","","","","instantexportexcel1789639591758"
"353687381","Clinical Ink","www.clinicalink.com","292","Employees.250to499","7372","7374","73;737;7372;7374;87;873;8731","513210","518210","51;513;5132;51321;513210;518;5182;51821;518210;54;541;5415;54151;541511;541512","Software","Healthcare Software","Software","Healthcare Software","software","software.health","1176886","https://app.zoominfo.com/#/apps/profile/company/353687381","http://www.linkedin.com/company/clinical-ink","http://www.facebook.com/clinical-ink-200445633313500","http://www.twitter.com/clinicalink","Private","B2B","Yes","January 30, 2024","54492","0","Private Equity","May 14, 2018","NovaQuest Capital Management","NovaQuest Capital Management;FCA Venture Partners;Clayton Associates;MPM Capital;Novartis AG;FCA Venture Partners;MPM Capital;F2 Ventures;FCA Venture Partners","632 W 4th St","Winston Salem","North Carolina","27101","United States","632 W 4th St, Winston Salem, North Carolina, 27101, United States","2","","","","","","","instantexportexcel1789639591758"
"2722282","ALAW","www.alaw.net","490","Employees.250to499","8111","811","81;811;8111","541110","54111","54;541;5411;54111;541110","Law Firms & Legal Services","","Law Firms & Legal Services","","legal","","3698096","https://app.zoominfo.com/#/apps/profile/company/2722282","http://www.linkedin.com/company/albertelli-law","http://www.facebook.com/alaw1997","http://www.twitter.com/alawinsights","Private","B2B","Yes","June 14, 2022","2150","150","Debt","April 13, 2020","PPP","PPP;PPP","5404 Cypress Center Dr Ste 300","Tampa","Florida","33609","United States","5404 Cypress Center Dr Ste 300, Tampa, Florida, 33609, United States","9","","","","","","","instantexportexcel1789639591758"
"368872232","HealthVerity","www.healthverity.com","239","Employees.100to249","7372","7374","73;737;7372;7374;7379","513210","518210","51;513;5132;51321;513210;518;5182;51821;518210","Software","Healthcare Software","Software;Business Services","Healthcare Software;Business Intelligence (BI) Software;Custom Software & IT Services","software","software.health","6083840","https://app.zoominfo.com/#/apps/profile/company/368872232","http://www.linkedin.com/company/healthverity","","http://www.twitter.com/healthverity","Private","B2B","Yes","May 24, 2024","142100","100000","Series D","June 28, 2021","Flare Capital Partners;Greycroft Partners;Durable Capital Partners;Foresite Capital","Flare Capital Partners;Greycroft Partners;Foresite Capital;Flare Capital Partners;Greycroft Partners;Durable Capital Partners;Foresite Capital;Flare Capital Partners;Greycroft Partners;Foresite Capital;Flare Capital Partners;Greycroft Partners","1818 Market St Ste 700","Philadelphia","Pennsylvania","19103","United States","1818 Market St Ste 700, Philadelphia, Pennsylvania, 19103, United States","1","","","","","","","instantexportexcel1789639591758"
"467084765","Intentsify","www.intentsify.io","234","Employees.100to249","7371","7373","73;737;7371;7373","513210","518210","51;513;5132;51321;513210;518;5182;51821;518210;54;541;5415;54151;541511;541512","Software","Customer Relationship Management (CRM) Software","Software","Customer Relationship Management (CRM) Software;Business Intelligence (BI) Software","software","software.crm","1802234","https://app.zoominfo.com/#/apps/profile/company/467084765","http://www.linkedin.com/company/intentsify","http://www.facebook.com/intentsify-100063572547105","http://www.x.com/intentsify","Private","B2B","Yes","July 16, 2026","0","0","Private Equity","December 16, 2021","BV Investment Partners","BV Investment Partners","1 University Ave Ste 2C Lbby","Westwood","Massachusetts","02090","United States","1 University Ave Ste 2C Lbby, Westwood, Massachusetts, 02090, United States","3","","","","","","","instantexportexcel1789639591758"
"547834544","OnBoard","www.onboardmeetings.com","255","Employees.250to499","7371","7372","73;737;7371;7372;7379","541511","54151","54;541;5415;54151;541511","Software","Content & Collaboration Software","Software","Content & Collaboration Software","software","software.contentcol","193665","https://app.zoominfo.com/#/apps/profile/company/547834544","http://www.linkedin.com/company/onboardmeetings","http://www.facebook.com/onboardmeetings","http://www.twitter.com/onboardmeetings","Private","B2B","Yes","July 06, 2026","100000","100000","Private Equity","July 07, 2021","JMI Equity","JMI Equity","333 N Alabama St Ste 300","Indianapolis","Indiana","46202","United States","333 N Alabama St Ste 300, Indianapolis, Indiana, 46202, United States","1","","","","","","","instantexportexcel1789639591758"
"371678853","Beyond","www.beyondpricing.com","220","Employees.100to249","7371","737","73;737;7371","513210","518210","51;513;5132;51321;513210;518;5182;51821;518210","Software","Financial Software","Software","Financial Software;Business Intelligence (BI) Software","software","software.finance","270835","https://app.zoominfo.com/#/apps/profile/company/371678853","http://www.linkedin.com/company/beyond-pricing","http://www.facebook.com/beyondpricing","http://www.x.com/beyondpricing","Private","B2B","Yes","August 21, 2026","44000","42500","Series A","September 27, 2019","Bessemer Venture Partners","Bessemer Venture Partners;Social Leverage;Resolute Ventures;Structure Capital","425 2nd St Ste 602","San Francisco","California","94107","United States","425 2nd St Ste 602, San Francisco, California, 94107, United States","1","","","","","","","instantexportexcel1789639591758"
"351330043","ImagineSoftware","www.imagineteam.com","200","Employees.100to249","7372","7374","73;737;7372;7374","513210","51321","51;513;5132;51321;513210","Software","Healthcare Software","Software","Healthcare Software","software","software.health","2597025","https://app.zoominfo.com/#/apps/profile/company/351330043","http://www.linkedin.com/company/technology-partners-inc--dba-imagine-software-","http://www.facebook.com/imaginesoftware","http://www.twitter.com/imagineteam","Private","B2B","Yes","January 22, 2024","0","0","Angel/Seed","November 23, 2021","Marlin Equity Partners","Marlin Equity Partners","8757 Red Oak Blvd","Charlotte","North Carolina","28217","United States","8757 Red Oak Blvd, Charlotte, North Carolina, 28217, United States","1","","","","","","","instantexportexcel1789639591758"
"1177416107","BQE Software","www.bqe.com","279","Employees.250to499","7371","7372","73;737;7371;7372;7379","513210","518210","51;513;5132;51321;513210;518;5182;51821;518210","Software","Enterprise Resource Planning (ERP) Software","Software","Enterprise Resource Planning (ERP) Software;Financial Software","software","software.erp","637873","https://app.zoominfo.com/#/apps/profile/company/1177416107","http://www.linkedin.com/company/bqe-software","http://www.facebook.com/bqesoftware","","Private","B2B","Yes","July 10, 2023","0","0","","","","","3825 Del Amo Blvd","Torrance","California","90503","United States","3825 Del Amo Blvd, Torrance, California, 90503, United States","3","","","","","","","instantexportexcel1789639591758"
"453092440","Prompt","www.prompthealth.com","353","Employees.250to499","7371","7372","73;737;7371;7372;7374;7379","541511","54151","54;541;5415;54151;541511","Software","Healthcare Software","Software","Healthcare Software;Enterprise Resource Planning (ERP) Software","software","software.health","","https://app.zoominfo.com/#/apps/profile/company/453092440","http://www.linkedin.com/company/promptemr","http://www.facebook.com/promptemr","","Private","B2B","Yes","June 02, 2026","0","0","","","","","1000 Maxwell Ln Unit 700","Hoboken","New Jersey","07030","United States","1000 Maxwell Ln Unit 700, Hoboken, New Jersey, 07030, United States","1","","","","","","","instantexportexcel1789639591758"
"369218079","CompanyCam","www.companycam.com","230","Employees.100to249","7372","7374","73;737;7372;7374;7379","513210","518210","51;513;5132;51321;513210;518;5182;51821;518210","Software","Content & Collaboration Software","Software","Content & Collaboration Software;Mobile App Development","software","software.contentcol","36273","https://app.zoominfo.com/#/apps/profile/company/369218079","http://www.linkedin.com/company/companycam","http://www.facebook.com/companycam","http://www.x.com/companycam","Private","B2B","Yes","August 21, 2025","6350","0","Other Financing Round","August 21, 2025","B Capital Group","PPP;Blueprint Equity;B Capital Group","300 Canopy St Ste 200","Lincoln","Nebraska","68508","United States","300 Canopy St Ste 200, Lincoln, Nebraska, 68508, United States","1","","","","","","","instantexportexcel1789639591758"
"248365313","ShopStyle","www.shopstyle.com","290","Employees.250to499","7375","7389","73;737;7375;738;7389","519290","51929","51;519;5192;51929;519290","Media & Internet","Data Collection & Internet Portals","Media & Internet;Retail","Data Collection & Internet Portals;Department Stores, Shopping Centers & Superstores","media","media.data","8665","https://app.zoominfo.com/#/apps/profile/company/248365313","http://www.linkedin.com/company/shopstyle","http://www.facebook.com/shopstyle","http://www.twitter.com/shopstyle","Private","B2B","Yes","July 08, 2024","0","0","","","","","160 Spear St Fl 19","San Francisco","California","94105","United States","160 Spear St Fl 19, San Francisco, California, 94105, United States","1","","","","","","","instantexportexcel1789639591758"
"398787043","Transfix","www.transfix.io","307","Employees.250to499","4731","473","47;473;4731","488510","48851","48;488;4885;48851;488510","Software","Supply Chain Management (SCM) Software","Software;Transportation","Supply Chain Management (SCM) Software;Freight & Logistics Services","software","software.scm","576432","https://app.zoominfo.com/#/apps/profile/company/398787043","http://www.linkedin.com/company/transfixio","http://www.facebook.com/transfixio","http://www.twitter.com/transfixio","Private","B2B","Yes","June 25, 2024","118500","40000","Series F","October 19, 2023","New Enterprise Associates;Canvas;G Squared","Expansion Venture Capital;Corigin Ventures;Bowery Capital;Canvas Ventures;Lerer Hippeau Ventures;New Enterprise Associates;Canvas;G Squared;Canvas Ventures;Lerer Hippeau Ventures;Expansion Venture Capital;Bowery Capital;Founder Collective;Charge Ventures;Lerer Hippeau Ventures;Canvas Ventures;Ben Narasin;Lerer Hippeau Ventures;Founder Collective;Carter Reum;Michael Bryzek;Corigin Ventures;Deep Fork Capital;Thayer Street Partners Management;Expansion Venture Capital;Bowery Capital","11 Park Pl","New York","New York","10007","United States","11 Park Pl, New York, New York, 10007, United States","1","","","","","","","instantexportexcel1789639591758"
"34276125","Seagull Scientific","www.seagullscientific.com","266","Employees.250to499","7371","7372","73;737;7371;7372;7379","513210","51321","51;513;5132;51321;513210","Software","Engineering Software","Software","Engineering Software","software","software.eng","135991","https://app.zoominfo.com/#/apps/profile/company/34276125","http://www.linkedin.com/company/seagull-scientific","http://www.facebook.com/seagullscientificinc","http://www.twitter.com/seagullsci","Private","B2B","Yes","June 25, 2024","2000","0","Debt","January 18, 2023","MidCap Financial","PPP;MidCap Financial","15325 SE 30th Pl Ste 100","Bellevue","Washington","98007","United States","15325 SE 30th Pl Ste 100, Bellevue, Washington, 98007, United States","1","","","","","","","instantexportexcel1789639591758"
"475612582","Blue Stream Fiber","www.bluestreamfiber.com","288","Employees.250to499","4813","4841","48;481;4813;484;4841","517111","51711","51;517;5171;51711;517111","Telecommunications","Internet Service Providers, Website Hosting & Internet-related Services","Telecommunications","Internet Service Providers, Website Hosting & Internet-related Services;Telephony & Wireless;Cable & Satellite","telecom","telecom.internet","637077","https://app.zoominfo.com/#/apps/profile/company/475612582","http://www.linkedin.com/company/bluestreamfiber","http://www.facebook.com/bluestreamfiber","http://www.twitter.com/bluestreamfiber","Private","B2B","Yes","April 05, 2023","0","0","","","","","1982 SW Hayworth Ave","Port Saint Lucie","Florida","34953","United States","1982 SW Hayworth Ave, Port Saint Lucie, Florida, 34953, United States","3","","","","","","","instantexportexcel1789639591758"
"481009063","FingerprintJS","www.fingerprint.com","200","Employees.100to249","7371","7372","73;737;7371;7372;7379","513210","541511","51;513;5132;51321;513210;54;541;5415;54151;541511","Software","Security Software","Software","Security Software","software","software.security","409295","https://app.zoominfo.com/#/apps/profile/company/481009063","http://www.linkedin.com/company/fingerprintjs","http://www.facebook.com/fingerprintjs","http://www.twitter.com/fingerprintjs","Private","","Yes","September 02, 2026","40000","32000","Series B","November 04, 2021","Craft Ventures;Uncorrelated Ventures;Nexus Venture Partners","Craft Ventures;Uncorrelated Ventures;Nexus Venture Partners;Uncorrelated Ventures;Nexus Venture Partners;Rony Kahan;Hack VC;Remarkable Ventures","1440 W Taylor St PMB 735","Chicago","Illinois","60607","United States","1440 W Taylor St PMB 735, Chicago, Illinois, 60607, United States","1","","","","","","","instantexportexcel1789639591758"
"693153","Access Softek","www.accesssoftek.com","335","Employees.250to499","7371","7372","73;737;7371;7372","513210","541511","51;513;5132;51321;513210;54;541;5415;54151;541511","Software","Engineering Software","Software","Engineering Software;Financial Software;Mobile App Development","software","software.eng","2627534","https://app.zoominfo.com/#/apps/profile/company/693153","http://www.linkedin.com/company/access-softek","http://www.facebook.com/access-softek-204301346268274","http://www.twitter.com/accesssoftek","Private","B2B","Yes","October 16, 2025","1000","1000","Debt","April 27, 2020","PPP","PPP","1807 W Diehl Rd Ste 220","Naperville","Illinois","60563","United States","1807 W Diehl Rd Ste 220, Naperville, Illinois, 60563, United States","3","","","","","","","instantexportexcel1789639591758"
"443640781","Hometap","www.hometap.com","313","Employees.250to499","6162","616","61;616;6162","522292","52229","52;522;5222;52229;522292","Finance","Lending & Brokerage","Finance","Lending & Brokerage;Venture Capital & Private Equity","finance","finance.brokerage","269103","https://app.zoominfo.com/#/apps/profile/company/443640781","http://www.linkedin.com/company/hometap-equity-partners","http://www.facebook.com/hometapequity","http://www.x.com/hometap","Private","B2B","Yes","December 11, 2025","745000","50000","Unspecified","December 09, 2025","Gallatin Point Capital","American Family Insurance;G20;General Catalyst;Pillar VC;ICONIQ Capital, LLC;Delaware Life Insurance Company;Bain Capital;Gallatin Point Capital;Pillar VC;American Family Ventures;G20 Ventures;General Catalyst;Bain Capital;ICONIQ Capital;General Catalyst;Pillar VC;G20 Ventures;American Family Ventures","75 Arlington St Ste 500","Boston","Massachusetts","02116","United States","75 Arlington St Ste 500, Boston, Massachusetts, 02116, United States","1","","","","","","","instantexportexcel1789639591758"
"356480842","Pave","www.pave.com","200","Employees.100to249","7372","7374","73;737;7372;7374;7379","513210","518210","51;513;5132;51321;513210;518;5182;51821;518210","Software","Human Resources Software","Software","Human Resources Software","software","software.hr","418015","https://app.zoominfo.com/#/apps/profile/company/356480842","http://www.linkedin.com/company/pave","http://www.facebook.com/pave","http://www.twitter.com/pavecomp","Private","B2B","Yes","September 26, 2025","466975","100000","Series C","June 28, 2022","LocalGlobe;Y Combinator;Andreessen Horowitz;Index Ventures;Craft Ventures","Seer Capital;LocalGlobe;Y Combinator;Andreessen Horowitz;Index Ventures;Craft Ventures;Bezos Expeditions;a16z Cultural Leadership Fund;Bessemer Venture Partners;Y Combinator;Dash Fund;Andreessen Horowitz","1 Montgomery St Ste 700","San Francisco","California","94104","United States","1 Montgomery St Ste 700, San Francisco, California, 94104, United States","2","","","","","","","instantexportexcel1789639591758"
"371534878","OJO Labs","www.ojo.com","290","Employees.250to499","7371","7372","73;737;7371;7372;7374;7379","541511","54151","54;541;5415;54151;541511","Software","Customer Relationship Management (CRM) Software","Software","Customer Relationship Management (CRM) Software;Business Intelligence (BI) Software","software","software.crm","302763","https://app.zoominfo.com/#/apps/profile/company/371534878","http://www.linkedin.com/company/ojo-labs","http://www.facebook.com/ojolabs","http://www.twitter.com/ojolabs","Private","B2B","Yes","May 19, 2024","133800","62500","Series D","June 24, 2020","Royal Bank of Canad;Northwestern Mutual;Wafra Inc;LiveOak Venture Partners;Breyer Capital L.L.C","LiveOak Venture Partners Realogy Holdings;Royal Bank of Canada;Northwestern Mutual;Royal Bank of Canad;Northwestern Mutual;Wafra Inc;LiveOak Venture Partners;Breyer Capital L.L.C;LiveOak Venture Partners;Silverton Partners","Congress Building 1007 S 9 Ste 400","Austin","Texas","78704","United States","Congress Building 1007 S 9 Ste 400, Austin, Texas, 78704, United States","2","","","","","","","instantexportexcel1789639591758"
"371623484","Yello","www.yello.co","202","Employees.100to249","7372","7374","73;737;7372;7374;7379","513210","518210","51;513;5132;51321;513210;518;5182;51821;518210;54;541;5415;54151;541511;541512","Software","Human Resources Software","Software","Human Resources Software;Business Intelligence (BI) Software","software","software.hr","55440","https://app.zoominfo.com/#/apps/profile/company/371623484","http://www.linkedin.com/company/yello.co","","http://www.x.com/yello","Private","B2B","Yes","July 24, 2026","61199","15000","Debt","November 17, 2020","CIBC","First Analysis;Generations Capital;First Analysis Corporation;JMI Equity;First Analysis;Argentum;CIBC","55 E Monroe St Ste 3600","Chicago","Illinois","60603","United States","55 E Monroe St Ste 3600, Chicago, Illinois, 60603, United States","1","","","","","","","instantexportexcel1789639591758"
"78661260","Deposco","www.deposco.com","220","Employees.100to249","7371","7372","73;737;7371;7372;7374;7379","513210","51321","51;513;5132;51321;513210","Software","Supply Chain Management (SCM) Software","Software","Supply Chain Management (SCM) Software","software","software.scm","531921","https://app.zoominfo.com/#/apps/profile/company/78661260","http://www.linkedin.com/company/deposco","http://www.facebook.com/deposco","http://www.twitter.com/deposco","Private","B2B","Yes","May 31, 2024","38100","35000","Unspecified","March 01, 2021","Aspen Capital Group LLC;NewSpring Capital","PPP;Aspen Capital Group LLC;NewSpring Capital","11605 Haynes Bridge Rd Ste 200","Alpharetta","Georgia","30009","United States","11605 Haynes Bridge Rd Ste 200, Alpharetta, Georgia, 30009, United States","1","","","","","","","instantexportexcel1789639591758"
"354848397","Bolt On Technology","www.boltontechnology.com","200","Employees.100to249","7371","7372","73;737;7371;7372;7379","513210","518210","51;513;5132;51321;513210;518;5182;51821;518210","Software","Customer Relationship Management (CRM) Software","Software","Customer Relationship Management (CRM) Software;Mobile App Development","software","software.crm","1075931","https://app.zoominfo.com/#/apps/profile/company/354848397","http://www.linkedin.com/company/bolt-on-technology-llc","http://www.facebook.com/boltontechnology","http://www.twitter.com/boltontech","Private","B2B","Yes","July 06, 2026","350","350","Debt","April 16, 2020","PPP","PPP","1105 Industrial Blvd Ste A","Southampton","Pennsylvania","18966","United States","1105 Industrial Blvd Ste A, Southampton, Pennsylvania, 18966, United States","3","","","","","","","instantexportexcel1789639591758"
"358585135","Pragma Edge","www.pragmaedge.com","500","Employees.500to999","7371","7372","73;737;7371;7372;7379","513210","541511","51;513;5132;51321;513210;54;541;5415;54151;541511;541512;5416;54161;541614","Business Services","Custom Software & IT Services","Business Services;Software","Custom Software & IT Services;Business Intelligence (BI) Software","bizservice","bizservice.techconsulting","2202008","https://app.zoominfo.com/#/apps/profile/company/358585135","http://www.linkedin.com/company/pragma-edge-inc","http://www.facebook.com/pragma-edge-61552488007257","http://www.twitter.com/pragmaedge","Private","B2B","Yes","February 14, 2025","350","350","Debt","May 01, 2020","PPP","PPP","12926 Gran Bay Pkwy W Ste 220","Jacksonville","Florida","32258","United States","12926 Gran Bay Pkwy W Ste 220, Jacksonville, Florida, 32258, United States","1","","","","","","","instantexportexcel1789639591758"
"527868510","Zluri Technologies Pvt","www.zluri.com","270","Employees.250to499","7371","7372","73;737;7371;7372;7379","513210","518210","51;513;5132;51321;513210;518;5182;51821;518210","Software","Storage & System Management Software","Software","Storage & System Management Software","software","software.storage","697494","https://app.zoominfo.com/#/apps/profile/company/527868510","http://www.linkedin.com/company/zluri","http://www.facebook.com/zluri-103071854919850","http://www.twitter.com/zluri_hq","Private","B2B","Yes","March 14, 2024","32000","20000","Series B","July 13, 2023","Endiya Partners;MassMutual;Lightspeed","Endiya Partners;MassMutual;Lightspeed;Endiya Partners;Kalaari Capital;Kalaari Capital;MassMutual Ventures;Endiya Partners","691 S Milpitas Blvd Ste 217","Milpitas","California","95035","United States","691 S Milpitas Blvd Ste 217, Milpitas, California, 95035, United States","1","","","","","","","instantexportexcel1789639591758"
"352356548","Infotech","www.infotechinc.com","350","Employees.250to499","7372","7373","73;737;7372;7373;7374;7379","513210","518210","51;513;5132;51321;513210;518;5182;51821;518210;54;541;5415;54151;541512","Software","Engineering Software","Software","Engineering Software","software","software.eng","589011","https://app.zoominfo.com/#/apps/profile/company/352356548","http://www.linkedin.com/company/infotech-inc","http://www.facebook.com/infotechfl","http://www.x.com/infotechinc","Private","B2B","Yes","June 04, 2026","0","0","","","","","2970 SW 50th Ter Ste 100A","Gainesville","Florida","32608","United States","2970 SW 50th Ter Ste 100A, Gainesville, Florida, 32608, United States","1","","","","","","","instantexportexcel1789639591758"
"460668171","Vantaca","www.vantaca.com","261","Employees.250to499","7372","7374","73;737;7372;7374;7379","513210","518210","51;513;5132;51321;513210;518;5182;51821;518210;54;541;5415;54151;541511;541512","Software","Enterprise Resource Planning (ERP) Software","Software","Enterprise Resource Planning (ERP) Software","software","software.erp","1955299","https://app.zoominfo.com/#/apps/profile/company/460668171","http://www.linkedin.com/company/vantaca","http://www.facebook.com/vantacaofficial","http://www.x.com/_vantaca_","Private","B2B","Yes","October 17, 2025","300000","300000","Private Equity","October 14, 2025","JMI Equity;Cove Hill Partners","JMI Equity;JMI Equity;Cove Hill Partners","7040 Wrightsville Ave","Wilmington","North Carolina","28403","United States","7040 Wrightsville Ave, Wilmington, North Carolina, 28403, United States","1","","","","","","","instantexportexcel1789639591758"
"564782066","Koalafi","www.koalafi.com","275","Employees.250to499","6141","614","61;614;6141","522220","522291","52;522;5222;52222;522220;52229;522291","Finance","Lending & Brokerage","Finance;Software","Lending & Brokerage;Financial Software","finance","finance.brokerage","98604","https://app.zoominfo.com/#/apps/profile/company/564782066","http://www.linkedin.com/company/koalafi","","http://www.twitter.com/koalafi_","Private","B2B","Yes","May 09, 2024","152000","2000","Debt","April 07, 2020","PPP","PPP;Pollen Street Capital","PO Box 5518","Glen Allen","Virginia","23058","United States","PO Box 5518, Glen Allen, Virginia, 23058, United States","1","","","","","","","instantexportexcel1789639591758"
"347497492","Club Automation","www.clubautomation.com","351","Employees.250to499","7371","7379","73;737;7371;7379","541511","541519","54;541;5415;54151;541511;541519","Software","Customer Relationship Management (CRM) Software","Software","Customer Relationship Management (CRM) Software","software","software.crm","26706","https://app.zoominfo.com/#/apps/profile/company/347497492","http://www.linkedin.com/company/clubautomation","http://www.facebook.com/clubautomation","http://www.twitter.com/clubautomation","Private","B2B","Yes","April 28, 2024","0","0","","","","","2275 Half Day Rd Ste 182","Bannockburn","Illinois","60015","United States","2275 Half Day Rd Ste 182, Bannockburn, Illinois, 60015, United States","1","","","","","","","instantexportexcel1789639591758"
"345594844","Employee Navigator","www.employeenavigator.com","350","Employees.250to499","7372","7374","73;737;7372;7374","513210","518210","51;513;5132;51321;513210;518;5182;51821;518210","Software","Human Resources Software","Software","Human Resources Software","software","software.hr","31394","https://app.zoominfo.com/#/apps/profile/company/345594844","http://www.linkedin.com/company/employee-navigator","http://www.facebook.com/employee-navigator-137093733078660","http://www.x.com/employeenav","Private","B2B","Yes","September 03, 2026","135000","100000","Other Financing Round","August 04, 2025","JMI Equity;Spectrum Equity","PPP;JMI Equity;Spectrum Equity;JMI Equity","7700 Wisconsin Ave Ste 900","Bethesda","Maryland","20814","United States","7700 Wisconsin Ave Ste 900, Bethesda, Maryland, 20814, United States","3","","","","","","","instantexportexcel1789639591758"
"73058871","Current","www.current.com","200","Employees.100to249","6022","6029","60;602;6022;6029;73;737;7372;7374","513210","518210","51;513;5132;51321;513210;518;5182;51821;518210;52;522;5221;52211;522110;5222;52221;522210","Finance","Banking","Finance;Software","Banking;Credit Cards & Transaction Processing;Financial Software;Mobile App Development","finance","finance.banking","91632","https://app.zoominfo.com/#/apps/profile/company/73058871","http://www.linkedin.com/company/current","http://www.facebook.com/currentdebitcard","http://www.x.com/current","Private","B2B","Yes","July 30, 2026","659600","80000","Series E","June 10, 2026","Foundation Capital;Tiger Global Management;Sapphire Ventures;Springcoast Capital Partners;QED Investors;Avenir;Andreessen Horowitz;Wellington Management","Human Ventures;Expa Ventures;Future Perfect Ventures;Wellington Management Company LLP.;Foundation Capital;AVENIR GLOBAL company;Sapphire Ventures LLC;QED Investors;Tiger Global Management , LLC;Sapphire Ventures;Andreessen Horowitz;TQ Ventures;Tiger Global;AVENIR GLOBAL;Foundation Capital;Tiger Global Management;Sapphire Ventures;Springcoast Capital Partners;QED Investors;Avenir;Andreessen Horowitz;Wellington Management;Wellington Management Company;CMFG Ventures;Elizabeth Street Ventures;Expa;QED Investors;Galaxy Digital EOS VC Fund;Andreessen Horowitz;Wellington Management;Avenir;Cross River;General Catalyst;QED Investors;Cota Capital","393 Canal St # 180","New York","New York","10013","United States","393 Canal St # 180, New York, New York, 10013, United States","2","","","","","","","instantexportexcel1789639591758"
"395928212","Fullbay","www.fullbay.com","200","Employees.100to249","7371","7372","73;737;7371;7372;7379","513210","51321","51;513;5132;51321;513210","Software","Enterprise Resource Planning (ERP) Software","Software","Enterprise Resource Planning (ERP) Software","software","software.erp","71284","https://app.zoominfo.com/#/apps/profile/company/395928212","http://www.linkedin.com/company/fullbay","http://www.facebook.com/fullbayapp","http://www.twitter.com/fullbay","Private","B2B","Yes","July 11, 2024","23000","23000","Private Equity","May 21, 2019","Mainsail Partners","Mainsail Partners","515 E Grant St","Phoenix","Arizona","85004","United States","515 E Grant St, Phoenix, Arizona, 85004, United States","2","","","","","","","instantexportexcel1789639591758"
"354119800","inDinero","www.indinero.com","210","Employees.100to249","7372","7374","73;737;7372;7374;7379","513210","541213","51;513;5132;51321;513210;54;541;5412;54121;541213;541219","Software","Financial Software","Software;Business Services","Financial Software;Accounting Services","software","software.finance","2034149","https://app.zoominfo.com/#/apps/profile/company/354119800","http://www.linkedin.com/company/indinero","http://www.facebook.com/indinerocom","http://www.twitter.com/indinero","Private","B2B","Yes","January 17, 2024","10217","2000","Debt","April 11, 2020","PPP","Streamlined Ventures;SaaS Capital;Coyote Ridge Ventures;Y Combinator;Benjamin Ling;PPP;Ullas Naik","440 N Barranca Ave Pmb 4637","Covina","California","91723","United States","440 N Barranca Ave Pmb 4637, Covina, California, 91723, United States","2","","","","","","","instantexportexcel1789639591758"
"356277080","Honey Science","www.joinhoney.com","310","Employees.250to499","7372","7379","73;737;7372;7379","513210","51321","51;513;5132;51321;513210","Software","Financial Software","Software","Financial Software;Mobile App Development","software","software.finance","4041","https://app.zoominfo.com/#/apps/profile/company/356277080","http://www.linkedin.com/company/honey-inc-","http://www.facebook.com/honey","http://www.twitter.com/honey","Private","B2B","Yes","April 07, 2026","9795","5000","Series B","October 24, 2016","","","990 W 8th St Ste 600","Los Angeles","California","90017","United States","990 W 8th St Ste 600, Los Angeles, California, 90017, United States","2","","","","","","","instantexportexcel1789639591758"
"53461387","Valley Agricultural Software","www.vas.com","205","Employees.100to249","7371","7372","73;737;7371;7372;7374","513210","518210","51;513;5132;51321;513210;518;5182;51821;518210","Software","Financial Software","Software","Financial Software","software","software.finance","4412913","https://app.zoominfo.com/#/apps/profile/company/53461387","http://www.linkedin.com/company/valleyagus","http://www.facebook.com/valleyagsource","http://www.twitter.com/valleyagsource","Private","B2B","Yes","June 08, 2023","0","0","","","","","3950 S K St","Tulare","California","93274","United States","3950 S K St, Tulare, California, 93274, United States","2","","","","","","","instantexportexcel1789639591758"
"566126886","Omni Fiber","www.omnifiber.com","220","Employees.100to249","4813","481","48;481;4813","517111","51711","51;517;5171;51711;517111","Telecommunications","Internet Service Providers, Website Hosting & Internet-related Services","Telecommunications","Internet Service Providers, Website Hosting & Internet-related Services","telecom","telecom.internet","637574","https://app.zoominfo.com/#/apps/profile/company/566126886","http://www.linkedin.com/company/omnifiber","http://www.facebook.com/myomnifiber","","Private","B2B","Yes","June 02, 2026","300000","150000","Debt","December 01, 2025","Oak Hill Advisors;Stonepeak","Oak Hill Advisors;Stonepeak;Stonepeak Credit","4680 Parkway Dr Ste 450","Mason","Ohio","45040","United States","4680 Parkway Dr Ste 450, Mason, Ohio, 45040, United States","1","","","","","","","instantexportexcel1789639591758"
"52282823","MHA","www.mhainc.com","293","Employees.250to499","7372","7374","73;737;7372;7374;7379;87;874;8748","541511","541618","54;541;5415;54151;541511;5416;54161;541618","Business Services","Management Consulting","Business Services;Software","Management Consulting;Healthcare Software","bizservice","bizservice.consulting","3704186","https://app.zoominfo.com/#/apps/profile/company/52282823","http://www.linkedin.com/company/managed-health-care-associates-inc-","http://www.facebook.com/mha-associates-inc-104658824382","http://www.twitter.com/mha_designbuild","Private","B2B","Yes","April 07, 2026","0","0","","","","","400 Interpace Pkwy Bldg C Ste 200","Parsippany","New Jersey","07054","United States","400 Interpace Pkwy Bldg C Ste 200, Parsippany, New Jersey, 07054, United States","2","","","","","","","instantexportexcel1789639591758"
"82248834","Intellectual Technology","www.intellectualtechnologyinc.com","200","Employees.100to249","7371","737","73;737;7371","541519","54151","54;541;5415;54151;541519","Software","Financial Software","Software","Financial Software","software","software.finance","10667617","https://app.zoominfo.com/#/apps/profile/company/82248834","http://www.linkedin.com/company/itisolutions","","http://www.twitter.com/joanneluciano","Private","B2B","Yes","October 04, 2023","0","0","","","","","2980 E Coliseum Blvd","Fort Wayne","Indiana","46805","United States","2980 E Coliseum Blvd, Fort Wayne, Indiana, 46805, United States","4","","","","","","","instantexportexcel1789639591758"
"560702205","Oscilar","www.oscilar.com","220","Employees.100to249","7371","7372","73;737;7371;7372;7374;7379","541511","541512","54;541;5415;54151;541511;541512","Software","Financial Software","Software","Financial Software;Security Software","software","software.finance","1445304","https://app.zoominfo.com/#/apps/profile/company/560702205","http://www.linkedin.com/company/oscilar-inc","","http://www.twitter.com/oscilarinc","Private","B2B","Yes","June 10, 2024","0","0","","","","","405 El Camino Real","Menlo Park","California","94025","United States","405 El Camino Real, Menlo Park, California, 94025, United States","3","","","","","","","instantexportexcel1789639591758"
"348708393","OfficeSpace","www.officespacesoftware.com","270","Employees.250to499","7372","7379","73;737;7372;7379","513210","51321","51;513;5132;51321;513210","Software","Content & Collaboration Software","Software","Content & Collaboration Software","software","software.contentcol","139553","https://app.zoominfo.com/#/apps/profile/company/348708393","http://www.linkedin.com/company/officespace-software","http://www.facebook.com/officespacesoftware","http://www.x.com/officespacesw","Private","B2B","Yes","June 18, 2024","150000","150000","Private Equity","January 21, 2022","Vista Equity Partners","Resurgens Technology Partners;Vista Equity Partners","999 Peachtree St NE Fl 3","Atlanta","Georgia","30309","United States","999 Peachtree St NE Fl 3, Atlanta, Georgia, 30309, United States","4","","","","","","","instantexportexcel1789639591758"
"465421847","Findigs","www.findigs.com","200","Employees.100to249","7371","7372","73;737;7371;7372;7379","513210","541511","51;513;5132;51321;513210;54;541;5415;54151;541511;541519","Software","Financial Software","Software;Business Services","Financial Software;Security Software","software","software.finance","145182","https://app.zoominfo.com/#/apps/profile/company/465421847","http://www.linkedin.com/company/findigs","http://www.facebook.com/findigs","http://www.x.com/findigs_inc","Private","B2B","Yes","June 03, 2026","59000","32000","Series C","June 01, 2026","Western Technology Investment;RPM Ventures;Frontier Venture Capital;NYCA","Western Technology Investment;RPM Ventures;Frontier Venture Capital;NYCA;Frontier Venture Capital;Nyca Partners;Streamlined Ventures","636 Broadway Rm 1200","New York","New York","10012","United States","636 Broadway Rm 1200, New York, New York, 10012, United States","1","","","","","","","instantexportexcel1789639591758"
"28872638","Computer Aided Technology","www.cati.com","301","Employees.250to499","7371","7372","73;737;7371;7372;7373;7379","423430","513210","42;423;4234;42343;423430;51;513;5132;51321;513210;518;5182;51821;518210","Software","Engineering Software","Software;Business Services","Engineering Software;Custom Software & IT Services","software","software.eng","1286171","https://app.zoominfo.com/#/apps/profile/company/28872638","http://www.linkedin.com/company/computer-aided-technology-inc","http://www.facebook.com/computeraidedtechnology","http://www.twitter.com/catisolidworks","Private","B2B","Yes","June 21, 2022","0","0","Private Equity","April 17, 2019","CIVC Partners","CIVC Partners","165 N Arlington Heights Rd Ste 101","Buffalo Grove","Illinois","60089","United States","165 N Arlington Heights Rd Ste 101, Buffalo Grove, Illinois, 60089, United States","4","","","","","","","instantexportexcel1789639591758"
"465418523","Simetrik","www.simetrik.com","400","Employees.250to499","7372","7374","73;737;7372;7374","513210","518210","51;513;5132;51321;513210;518;5182;51821;518210;54;541;5415;54151;541511;541512","Software","Financial Software","Software","Financial Software","software","software.finance","979171","https://app.zoominfo.com/#/apps/profile/company/465418523","http://www.linkedin.com/company/simetrikinc","http://www.facebook.com/simetrikconciliacion","http://www.x.com/simetrikhq","Private","B2B","Yes","June 06, 2025","106700","85000","Series B","June 04, 2025","Cometa;Goldman Sachs;Monashee Capital;Moore Capital Management;Upload Ventures;FinTech Collective","Cometa;Goldman Sachs;Monashee Capital;Moore Capital Management;Upload Ventures;FinTech Collective;Tiger Global Management;FinTech Collective;Moore Strategic Ventures;Mercado Libre","2261 Market St PMB 403","San Francisco","California","94114","United States","2261 Market St PMB 403, San Francisco, California, 94114, United States","1","","","","","","","instantexportexcel1789639591758"
"347570733","Educational Initiatives Pvt","www.ei-india.com","382","Employees.250to499","8299","8732","82;829;8299;87;873;8732","611710","61171","61;611;6117;61171;611710","Education","Training","Education;Software","Training;Healthcare Software;Mobile App Development","education","education.training","1769548","https://app.zoominfo.com/#/apps/profile/company/347570733","","","","Private","B2B","Yes","July 10, 2024","0","0","","","","","3819 N 3rd St Ste E-104","Phoenix","Arizona","85012","United States","3819 N 3rd St Ste E-104, Phoenix, Arizona, 85012, United States","1","","","","","","","instantexportexcel1789639591758"
"358220279","Dental Intelligence","www.dentalintel.com","250","Employees.250to499","7371","7372","73;737;7371;7372;7374;7379","513210","518210","51;513;5132;51321;513210;518;5182;51821;518210;54;541;5415;54151;541511;541512","Software","Healthcare Software","Software","Healthcare Software;Business Intelligence (BI) Software","software","software.health","362203","https://app.zoominfo.com/#/apps/profile/company/358220279","http://www.linkedin.com/company/dental-intel","http://www.facebook.com/dentalintel","http://www.twitter.com/dental_intel","Private","B2B","Yes","June 09, 2024","34000","34000","Series A","September 17, 2019","K1 Investment Management","K1 Investment Management","2100 W Grove Pkwy 400","American Fork","Utah","84003","United States","2100 W Grove Pkwy 400, American Fork, Utah, 84003, United States","1","","","","","","","instantexportexcel1789639591758"
"79741640","Open iT","www.openit.com","237","Employees.100to249","7371","7372","73;737;7371;7372;7379","541511","541519","54;541;5415;54151;541511;541519","Software","Storage & System Management Software","Software","Storage & System Management Software","software","software.storage","2701451","https://app.zoominfo.com/#/apps/profile/company/79741640","http://www.linkedin.com/company/openit_inc","","http://www.twitter.com/openit_inc","Private","B2B","Yes","June 02, 2024","0","0","","","","","16300 Katy Fwy Ste 275","Houston","Texas","77094","United States","16300 Katy Fwy Ste 275, Houston, Texas, 77094, United States","7","","","","","","","instantexportexcel1789639591758"
"416013695","BillGO","www.billgo.com","226","Employees.100to249","7372","7374","73;737;7372;7374","513210","51321","51;513;5132;51321;513210","Software","Financial Software","Software","Financial Software","software","software.finance","835619","https://app.zoominfo.com/#/apps/profile/company/416013695","http://www.linkedin.com/company/billgopayments","http://www.facebook.com/billgopayments","http://www.twitter.com/billgopayments","Private","B2B","Yes","September 09, 2020","0","0","","","","","3003 E Harmony Rd Fl 5","Fort Collins","Colorado","80528","United States","3003 E Harmony Rd Fl 5, Fort Collins, Colorado, 80528, United States","2","","","","","","","instantexportexcel1789639591758"
"73515823","SolidCAM","www.solidcam.com","250","Employees.250to499","7371","7372","73;737;7371;7372;7379","513210","51321","51;513;5132;51321;513210","Software","Engineering Software","Software","Engineering Software","software","software.eng","1191591","https://app.zoominfo.com/#/apps/profile/company/73515823","http://www.linkedin.com/company/solidcam","http://www.facebook.com/solidcam.cz","http://www.twitter.com/solidcam","Private","B2B","Yes","June 21, 2024","0","0","","","","","207 Pheasant Run","Newtown","Pennsylvania","18940","United States","207 Pheasant Run, Newtown, Pennsylvania, 18940, United States","9","","","","","","","instantexportexcel1789639591758"
"566148146","Aline","www.alineops.com","209","Employees.100to249","7372","7374","73;737;7372;7374","513210","518210","51;513;5132;51321;513210;518;5182;51821;518210","Software","Healthcare Software","Software","Healthcare Software","software","software.health","","https://app.zoominfo.com/#/apps/profile/company/566148146","http://www.linkedin.com/company/alineops","","","Private","B2B","Yes","December 09, 2025","0","0","","","","","300 E Market St Ste 100","Louisville","Kentucky","40202","United States","300 E Market St Ste 100, Louisville, Kentucky, 40202, United States","1","","","","","","","instantexportexcel1789639591758"
"562958217","eProductivity Software","www.epssw.com","400","Employees.250to499","7371","7372","73;737;7371;7372;7373","541511","541512","54;541;5415;54151;541511;541512","Software","Enterprise Resource Planning (ERP) Software","Software","Enterprise Resource Planning (ERP) Software","software","software.erp","2361305","https://app.zoominfo.com/#/apps/profile/company/562958217","http://www.linkedin.com/company/eproductivitysoftware","http://www.facebook.com/eproductivitysoftware","http://www.x.com/eps_sw","Private","B2B","Yes","April 06, 2026","0","0","","","","","40 24th St Fl 1","Pittsburgh","Pennsylvania","15222","United States","40 24th St Fl 1, Pittsburgh, Pennsylvania, 15222, United States","1","","","","","","","instantexportexcel1789639591758"
"1334284229","Ripple Fiber","www.ripplefiber.com","337","Employees.250to499","4813","481","48;481;4813","517111","51711","51;517;5171;51711;517111","Telecommunications","Internet Service Providers, Website Hosting & Internet-related Services","Telecommunications","Internet Service Providers, Website Hosting & Internet-related Services","telecom","telecom.internet","1249365","https://app.zoominfo.com/#/apps/profile/company/1334284229","http://www.linkedin.com/company/ripplefiber","","","Private","B2B","Yes","January 12, 2026","0","0","","","","","6000 Fairview Rd Ste 300","Charlotte","North Carolina","28210","United States","6000 Fairview Rd Ste 300, Charlotte, North Carolina, 28210, United States","12","","","","","","","instantexportexcel1789639591758"
"374842644","RADcube","www.radcube.com","259","Employees.250to499","7371","7372","73;737;7371;7372;7379","541511","541512","54;541;5415;54151;541511;541512","Business Services","Custom Software & IT Services","Business Services;Software","Custom Software & IT Services;Mobile App Development","bizservice","bizservice.techconsulting","5963247","https://app.zoominfo.com/#/apps/profile/company/374842644","http://www.linkedin.com/company/radcube","http://www.facebook.com/inforadcube","http://www.twitter.com/radcubealerts","Private","B2B","Yes","May 30, 2024","150","150","Debt","April 15, 2020","PPP","PPP","1119 Keystone Way Ste 302","Carmel","Indiana","46032","United States","1119 Keystone Way Ste 302, Carmel, Indiana, 46032, United States","3","","","","","","","instantexportexcel1789639591758"
"408092164","SaaS Labs","www.saaslabs.co","300","Employees.250to499","7371","737","73;737;7371","541511","541519","54;541;5415;54151;541511;541519","Software","Customer Relationship Management (CRM) Software","Software","Customer Relationship Management (CRM) Software;Content & Collaboration Software","software","software.crm","6957175","https://app.zoominfo.com/#/apps/profile/company/408092164","http://www.linkedin.com/company/saas-labs","http://www.facebook.com/saaslabsindia","http://www.twitter.com/saas_labs","Private","B2B","Yes","June 01, 2026","71200","40000","Series B","January 19, 2022","Eight Roads;Sequoia Capital India;Anand Chandrasekaran;Allison Pickens;Base10","Eight Roads;Base10;Eight Roads;Sequoia Capital India;Anand Chandrasekaran;Allison Pickens;Base10","3260 Hillview Ave","Palo Alto","California","94304","United States","3260 Hillview Ave, Palo Alto, California, 94304, United States","3","","","","","","","instantexportexcel1789639591758"
"559440982","Zone & Co","www.zoneandco.com","200","Employees.100to249","7371","7372","73;737;7371;7372;7379","513210","518210","51;513;5132;51321;513210;518;5182;51821;518210","Software","Financial Software","Software;Business Services","Financial Software;Custom Software & IT Services","software","software.finance","2679273","https://app.zoominfo.com/#/apps/profile/company/559440982","http://www.linkedin.com/company/zoneandco","","http://www.twitter.com/zoneandco","Private","B2B","Yes","March 26, 2024","76000","76000","Unspecified","October 14, 2021","Insight Partners","Insight Partners","800 Boylston St Fl 16","Boston","Massachusetts","02199","United States","800 Boylston St Fl 16, Boston, Massachusetts, 02199, United States","2","","","","","","","instantexportexcel1789639591758"
"555946177","Stax","www.staxpayments.com","300","Employees.250to499","6099","7372","60;609;6099;73;737;7372;7374","522320","52232","52;522;5223;52232;522320","Finance","Credit Cards & Transaction Processing","Finance;Software","Credit Cards & Transaction Processing;Financial Software","finance","finance.creditcards","120161","https://app.zoominfo.com/#/apps/profile/company/555946177","http://www.linkedin.com/company/staxpayments","http://www.facebook.com/staxpayments","http://www.twitter.com/staxpayments","Private","B2B","Yes","May 31, 2024","262400","245000","Unspecified","March 08, 2022","HarbourVest;Blue Star Innovation Partners;Greater Sum Ventures","HarbourVest;Blue Star Innovation Partners;Greater Sum Ventures;Fulcrum Equity Partners;Fulcrum Equity Partners;DeepWork Capital;The Florida Angel Nexus;Florida Opportunity Fund;Phil Rawlins;venVelo;Wet Paint Ventures","618 E South St Ste 510","Orlando","Florida","32801","United States","618 E South St Ste 510, Orlando, Florida, 32801, United States","1","","","","","","","instantexportexcel1789639591758"
"51152666","Hunter Communications","www.hunterfiber.com","260","Employees.250to499","4899","489","48;489;4899","517112","51711","51;517;5171;51711;517112","Telecommunications","Internet Service Providers, Website Hosting & Internet-related Services","Telecommunications","Internet Service Providers, Website Hosting & Internet-related Services;Telephony & Wireless","telecom","telecom.internet","2765838","https://app.zoominfo.com/#/apps/profile/company/51152666","http://www.linkedin.com/company/hunter-communications","http://www.facebook.com/hunterfiber","http://www.x.com/hunterfiber","Private","B2B","Yes","April 21, 2026","8220","8220","Grant","January 20, 2021","California Advanced Services Fund","California Advanced Services Fund","4771 Industry Dr","Central Point","Oregon","97502","United States","4771 Industry Dr, Central Point, Oregon, 97502, United States","4","","","","","","","instantexportexcel1789639591758"
"480118793","Cleerly","www.cleerlyhealth.com","300","Employees.250to499","7371","8071","73;737;7371;80;807;8071;87;873;8731","541511","541715","54;541;5415;54151;541511;5417;54171;541715","Software","Healthcare Software","Software;Healthcare Services","Healthcare Software;Medical Laboratories & Imaging Centers","software","software.health","2158552","https://app.zoominfo.com/#/apps/profile/company/480118793","http://www.linkedin.com/company/cleerlyhealth","http://www.facebook.com/cleerlyhealth","http://www.twitter.com/cleerlyhealth","Private","B2B","Yes","December 09, 2025","386650","106000","Other Financing Round","December 04, 2024","Battery Ventures;Insight Partners","Merchant Banking;Sands Capital;Piper Heartland Healthcare Capital;T. Rowe Price Investment Management;T. Rowe Price Associates;Fidelity Management and Research Company;PPP;Battery Ventures;Insight Partners;Vensana Capital Management;DigiTx Partners;New Leaf Venture Partners;LRVHealth","110 16th St Ste 1400","Denver","Colorado","80202","United States","110 16th St Ste 1400, Denver, Colorado, 80202, United States","2","","","","","","","instantexportexcel1789639591758"
"156221784","Sentact","www.sentact.com","200","Employees.100to249","7371","7379","73;737;7371;7379","541519","54151","54;541;5415;54151;541519","Software","Healthcare Software","Software","Healthcare Software","software","software.health","6136850","https://app.zoominfo.com/#/apps/profile/company/156221784","http://www.linkedin.com/company/sentact","http://www.facebook.com/sentact","http://www.x.com/sentactllc","Private","B2B","Yes","February 18, 2026","150","150","Debt","April 07, 2020","PPP","PPP","1200 Clinton St Ste 231","Nashville","Tennessee","37203","United States","1200 Clinton St Ste 231, Nashville, Tennessee, 37203, United States","2","","","","","","","instantexportexcel1789639591758"
"538539905","AcuityMD","www.acuitymd.com","267","Employees.250to499","7371","7372","73;737;7371;7372;7374;7379","518210","541512","51;518;5182;51821;518210;54;541;5415;54151;541512","Software","Healthcare Software","Software","Healthcare Software","software","software.health","1886393","https://app.zoominfo.com/#/apps/profile/company/538539905","http://www.linkedin.com/company/acuitymd","","http://www.x.com/acuitymd","Private","B2B","Yes","April 22, 2026","163000","80000","Series C","April 21, 2026","StepStone Group;Atreides Management;ICONIQ Capital;Redpoint Ventures;Benchmark","StepStone Group;Atreides Management;ICONIQ Capital;Redpoint Ventures;Benchmark;Ajax Health;Redpoint Venture Partners;Benchmark;Artisanal Ventures;Benchmark;Ajax Health;ICONIQ Growth;Atreides Management;StepStone Group","75 Federal St Ste 800","Boston","Massachusetts","02110","United States","75 Federal St Ste 800, Boston, Massachusetts, 02110, United States","2","","","","","","","instantexportexcel1789639591758"
"566146829","Clearwave Fiber","www.clearwavefiber.com","359","Employees.250to499","4813","481","48;481;4813","517111","51711","51;517;5171;51711;517111","Telecommunications","Internet Service Providers, Website Hosting & Internet-related Services","Telecommunications","Internet Service Providers, Website Hosting & Internet-related Services","telecom","telecom.internet","960960","https://app.zoominfo.com/#/apps/profile/company/566146829","http://www.linkedin.com/company/clearwavefiber","http://www.facebook.com/clearwavefiber1","http://www.twitter.com/clearwave_fiber","Private","B2B","Yes","December 09, 2025","0","0","","","","","713 High St","Baldwin City","Kansas","66006","United States","713 High St, Baldwin City, Kansas, 66006, United States","2","","","","","","","instantexportexcel1789639591758"
"26166402","Internet Testing Systems","www.testsys.com","200","Employees.100to249","7372","7374","73;737;7372;7374;7379","513210","518210","51;513;5132;51321;513210;518;5182;51821;518210;54;541;5415;54151;541511","Software","Engineering Software","Software","Engineering Software","software","software.eng","7849600","https://app.zoominfo.com/#/apps/profile/company/26166402","http://www.linkedin.com/company/internettestingsystems","http://www.facebook.com/internettestingsystems","http://www.twitter.com/testsys","Private","B2B","Yes","February 11, 2020","2000","2000","Debt","April 13, 2020","PPP","PPP","3000 Chestnut Ave Ste 401","Baltimore","Maryland","21211","United States","3000 Chestnut Ave Ste 401, Baltimore, Maryland, 21211, United States","2","","","","","","","instantexportexcel1789639591758"
"455257854","Attentive.ai","www.attentive.ai","379","Employees.250to499","7371","7372","73;737;7371;7372;7379","513210","518210","51;513;5132;51321;513210;518;5182;51821;518210;54;541;5415;54151;541511;541512","Software","Enterprise Resource Planning (ERP) Software","Software","Enterprise Resource Planning (ERP) Software","software","software.erp","1350687","https://app.zoominfo.com/#/apps/profile/company/455257854","http://www.linkedin.com/company/attentive.ai","http://www.facebook.com/attentiveai","http://www.twitter.com/attentiveai","Private","B2B","Yes","November 13, 2025","56500","30500","Series B","November 11, 2025","Tenacity Ventures;Insight Partners;Info Edge Ventures;Vertex Ventures","Surge Funds;InfoEdge Ventures;Tenacity Ventures;Insight Partners;Info Edge Ventures;Vertex Ventures;Info Edge Ventures;Redstart Labs;Abhishek Khurana;Pavitar Singh;InfoEdge Ventures;Tenacity Ventures;Vertex Ventures;Peak XV Partners","1013 Centre Rd Ste 403B","Wilmington","Delaware","19805","United States","1013 Centre Rd Ste 403B, Wilmington, Delaware, 19805, United States","2","","","","","","","instantexportexcel1789639591758"
"482374147","Spot","www.spot.io","350","Employees.250to499","7371","7372","73;737;7371;7372","513210","541519","51;513;5132;51321;513210;54;541;5415;54151;541519","Software","Storage & System Management Software","Software","Storage & System Management Software","software","software.storage","573367","https://app.zoominfo.com/#/apps/profile/company/482374147","http://www.linkedin.com/company/appency","","","Private","B2B","Yes","February 12, 2025","0","0","","","","","3060 Olsen Dr","San Jose","California","95128","United States","3060 Olsen Dr, San Jose, California, 95128, United States","1","","","","","","","instantexportexcel1789639591758"
"352540797","Telin","www.telin.com","256","Employees.250to499","4812","5065","48;481;4812;50;506;5065;73;737;7372;7373","423690","517121","42;423;4236;42369;423690;51;517;5171;51712;517121;518;5182;51821;518210","Telecommunications","Telephony & Wireless","Telecommunications","Telephony & Wireless;Internet Service Providers, Website Hosting & Internet-related Services","telecom","telecom.telephone","6557773","https://app.zoominfo.com/#/apps/profile/company/352540797","http://www.linkedin.com/company/telinsystems","http://www.facebook.com/telinsystems","http://www.twitter.com/telinsystems","Private","B2B","Yes","June 21, 2024","0","0","","","","","101 Eisenhower Pkwy","Roseland","New Jersey","07068","United States","101 Eisenhower Pkwy, Roseland, New Jersey, 07068, United States","1","","","","","","","instantexportexcel1789639591758"
"36835094","Door.com","www.door.com","250","Employees.250to499","7371","7372","73;737;7371;7372;7373;7379","541511","541512","54;541;5415;54151;541511;541512","Software","Mobile App Development","Software;Manufacturing","Mobile App Development;Content & Collaboration Software;Networking Software;Appliances;Storage & System Management Software","software","software.app","3511369","https://app.zoominfo.com/#/apps/profile/company/36835094","http://www.linkedin.com/company/door-technology-inc","","http://www.x.com/latchaccess","Private","B2B","Yes","July 24, 2020","3218","35","Debt","March 31, 2024","Comerica","PPP;Comerica","1220 N Price Rd Ste 2","Olivette","Missouri","63132","United States","1220 N Price Rd Ste 2, Olivette, Missouri, 63132, United States","1","","","","","","","instantexportexcel1789639591758"
"557226028","Vdura","www.vdura.com","257","Employees.250to499","7372","7374","73;737;7372;7374","513210","518210","51;513;5132;51321;513210;518;5182;51821;518210","Software","Storage & System Management Software","Software","Storage & System Management Software","software","software.storage","","https://app.zoominfo.com/#/apps/profile/company/557226028","http://www.linkedin.com/company/vdura","http://www.facebook.com/vdura.india","","Private","B2B","Yes","June 04, 2024","0","0","","","","","400 N Mccarthy Blvd Ste 220","Milpitas","California","95035","United States","400 N Mccarthy Blvd Ste 220, Milpitas, California, 95035, United States","1","","","","","","","instantexportexcel1789639591758"
"1333592173","Kodiak Solutions","www.kodiaksolutions.io","400","Employees.250to499","7374","8742","73;737;7374;87;874;8742;8748","541511","541611","54;541;5415;54151;541511;5416;54161;541611","Business Services","Management Consulting","Business Services;Software","Management Consulting;Financial Software;Custom Software & IT Services","bizservice","bizservice.consulting","3891426","https://app.zoominfo.com/#/apps/profile/company/1333592173","http://www.linkedin.com/company/kodiak-solutions","","","Private","B2B","Yes","January 02, 2025","0","0","","","","","9045 River Rd Ste 450","Indianapolis","Indiana","46240","United States","9045 River Rd Ste 450, Indianapolis, Indiana, 46240, United States","1","","","","","","","instantexportexcel1789639591758"
"20367187","Comply","www.comply.com","350","Employees.250to499","7379","8742","73;737;7379;87;874;8742;8748","541512","541513","54;541;5415;54151;541512;541513;5416;54161;541618;61;611;6114;61143;611430","Business Services","Management Consulting","Business Services;Software","Management Consulting;Financial Software","bizservice","bizservice.consulting","1695468","https://app.zoominfo.com/#/apps/profile/company/20367187","http://www.linkedin.com/company/comply-org","","http://www.twitter.com/comply_org","Private","B2B","Yes","November 20, 2025","0","0","","","","","1 Rockefeller Plz Fl 6","New York","New York","10020","United States","1 Rockefeller Plz Fl 6, New York, New York, 10020, United States","1","","","","","","","instantexportexcel1789639591758"
"347793762","WINIT Software","www.winitsoftware.com","270","Employees.250to499","7371","7372","73;737;7371;7372;7379","513210","541511","51;513;5132;51321;513210;54;541;5415;54151;541511","Software","Mobile App Development","Software","Mobile App Development","software","software.app","2598224","https://app.zoominfo.com/#/apps/profile/company/347793762","http://www.linkedin.com/company/winitsfa","http://www.facebook.com/winit-software-155814061098967","http://www.twitter.com/winit","Private","B2B","Yes","July 10, 2024","0","0","","","","","3895 Clairemont Dr Ste 101-116","San Diego","California","92117","United States","3895 Clairemont Dr Ste 101-116, San Diego, California, 92117, United States","2","","","","","","","instantexportexcel1789639591758"
